﻿<?xml version="1.0" encoding="utf-8"?><bwFonts xmlns:xsi="http://www.w3.org/2001/XMLSchema-instance" xmlns:xsd="http://www.w3.org/2001/XMLSchema" fontfactoryurl="story_content/FontFactory.swf"><font id="00" name="Open SansBold Charset1 5l84wAHxPVx"><glyphs><g i="0" c="384" p="#^ey9e%OD9eBH9eiJef0Ljg0LFi0LgkgKilwJjmgIvm%gIEmZJ0nJK3otL5ptLPqtLftIJDuXH$vWE$v%ey$v^0Cdl%dEdlMFdlsGLk8Hgk8H9j8H8ioGIhEFfh0Efh%0Cfh^0Cdo%0CTs%uETs2GTsOGhsyHGryHrqyHdomEdo" /><g i="1" c="385" p="#^CG$v%UF8u%NF8uREjvRDNvSCfwgBfwizfway7v2x$t2xWr2xLpzyJo4AHn8DAn%vFwn%vFVmvFRkoDRkLBRkyzQl%jyjjGA4ixD4ihG4iKHhjcJtkcJVm%cJ$v^vFHp%3EKpsCNpFBjqSARqSAYrSAxtGCxtYDxtJENsvF1svFOq^3Bqz3BBx5DBx6FBx6Fqz6FhABELA5EeB5DeB3BeB3Bqz" /><g i="2" c="386" p="#^yK$v%QG$v%QG1oQGxmiGPlNF4lDE4l3D4lmC7mGB9nGBAp%GB$v%Yx$v%Yxmi%OAmi%iB5k%vB5k7C5jdDBijE5iIF5i4I5ijJnjyKFkyK5n" /><g i="3" c="387" p="#" /><g i="4" c="388" p="#^uDfw6xfw6xfp6xMlRyXjAA5iPD5ibG5i4I0j%ZGUl5GxlkFjlAE5lPD5lVA5lVAdpVAetPDetUEetPFYsKGFsEH2s%EHevKGOvPF0wUEfwuDfw" /><g i="5" c="389" p="#^VA8pVAarABdsfCgtLDgteFgtUFesyGbryG8pyG6nTF6mdF5lJD5leC5lzB6mVA6nVA8p^mK8pmKusBInuRGfwIDfwKBfweAovKywuWxVs6xir6x8p6xOlSyYjCA5iMD5iKF5ieHYiKIOjyJplmK$mmK8p^HBRg%HBvgND3eyERc%KIRc%KI5d5IJdzGZe1Fdg9ERg" /><g i="6" c="390" p="#^9K$v%rG$v%rG1orGxmXFPlsF4loE4lZC4ljC7mGBanGBAp%GB$v%Yx$v%Yxmi%OAmi%iB5k%vB5k1C9j4DDi7E5itF5ixI5iCJ5k%XJ5kvK8jzLDiDM5iZN5iiQ5iuRhjGStkGS5n%GS$v%XO$v%XO1oXOxmrOPlYN4lUM4lwL4lQK2m9K0n9K8p" /><g i="7" c="391" p="#^DH$v%7Hfu%WGfukGcvdFKv7EfwJCfwjAfw5zZuTxGtTxfr%Txmi%BBmi%BBkqBBNr6CxsEChtODhtmFht2GesLGbrLGMo%LGmi%uKmi%uK$v" /><g i="8" c="392" p="#^VA8pVAarABdsfCgtLDgteFgtUFesyGbryG8pyG6nTF6mdF5lJD5leC5lzB6mVA6nVA8p^mK8pmKusBInuRGfwIDfwKBfweAovKywuWxVs6xir6x8p6xOlSyYjCA5iMD5iKF5ieHYiKIOjyJplmK$mmK8p^bIRg%dGRgREWfEDPefC2g3BRg%5zRg%5zvgsAWeJB5d%zF5dcG1e1H4fSH7gbIvg^6H8e8I1dOIIb%KLIb%KLYbWK1dZIte%6Hte" /><g i="9" c="393" p="#^IDhtGEht2GRs%2GDvFEfwDCfwoAfwmz6vlyZtlyKr%ly9l%zw9l%zwAj%Dyki%Hzsf%4Csf%4Cmi%VFmi%VF9l%4C9l%4CJr4CwswCVsZChtIDht" /><g i="10" c="394" p="#^NxPeNx$cPz$cRB$cRBPeRBHfkBagQAFgPzFgNxFgNxPe^GB$v%Yx$v%Yxmi%GBmi" /><g i="11" c="395" p="#^BDLkpCLkKBvl4BemZADn%bGDnaGemtFvlNELkBDLk^7EfwQAfwZyru6xCs6xgp6xQlQyZjyA5iAD5itG5i4ILjHJolHJio%HJ6q%UA6qYAHrQBBsICutiEutwFutCGetJHZsWIps%WIhvXHMvQG$vJFfw7Efw^7IRg%9GRgNEWfADPebC2g$ARg%1zRg%1zvgoAWeFB5d%vF5d8G1eZG4fOH7g7Ivg^2H8e4I1dKIIb%GLIb%GLYbSK1dVIte%2Hte" /><g i="12" c="396" p="#^rFfw1DfwGBvu%tBvuGBcwGBtw%GB$B%Yx$B%Yxmi%ZAmi%vB6k%GB6k_C5iyF5iYH5ikJZjIKQlIK8pIKkr3KYsqJzueIpv2HfwrFfw^lE4lZC4lkCWlHBMmGBJo%GB7pGBkrkChs_CetoEetVGetVG5pVG4nhG4mGF4llE4l" /><g i="13" c="397" p="#^DH$v%7Hfu%WGfukGcvdFKv7EfwJCfwjAfw5zZuTxGtTxfr%Txmi%BBmi%BBkqBBNr6CxsEChtODhtmFht2GesLGbrLGMo%LGmi%uKmi%uK$v^8Cqz8CBxaEBxbGBxbGqzbGhAGFLAaFeBaEeB8CeB8Cqz" /><g i="14" c="398" p="%^bB$v$vmiUzmiwC7q#ZCBr4DWs8DWs#cDLrHD7qjGmidKmi0F$v" /><g i="15" c="399" p="#^NxPeNx$cPz$cRB$cRBPeRBHfkBagQAFgPzFgNxFgNxPe^GB$v%Yx$v%Yxmi%GBmi^MxqzMxBxOzBxPBBxPBqzPBhAiBLAOAeBOzeBMxeBMxqz" /><g i="16" c="400" p="#^zF5ikG5iQGci%yGHl5GzlsFzlFDzlFCumGBonGB2p%GB$v%Yx$v%Yxmi%MAmi%jBEk%vBEk8CujdDOiiE5izF5i" /><g i="17" c="401" p="%^GB$vYx$vYxmiGBmi^MxRgMxvg#Sz3eDARcPERcPE5d#9EJdDCZe#6BdgeARg" /><g i="18" c="403" p="#^yF5iYH5ikJ_jIKSlIK8pIKxshJouTHfwrFfw1DfwGBvu%pBvu%OA$v%Yx$v%Yx$c%GB$c%GBqhGBfiwB6k%GB6kZC5iyF5i^lE4lZC4lkCWlHBMmGBJo%GB7pGBkrkChs_CetoEetyFetdGasVG6rVG5pVG4ndG4mxF4llE4l" /><g i="19" c="404" p="#^mK8pmKusBInuRGfwIDfwKBfweAovKywuWxVs6xir6x8p6xOlSyYjCA5iMD5i8F5imGwiAHWisIMjgKdjgKig%XNig%7OzgONbigN9jKM6kSLMk$KqlJJKlmKgnmK8p^VA8pVAarABdsfCgtLDgteFgtUFesyGbryG8pyG6nTF6mdF5lJD5leC5lzB6mVA6nVA8p^wDRgLCigfB5fMzUdXy5d%XyRc%6DRcTD3e_Fvg%_FRg" /><g i="20" c="405" p="#^8CfwOzfwsyuu6xJs6xzp6x7mjyukxzRigCRiADRiCEmjEFSjiGRk%pGRk7Gej7G$h%7Goh%hCoh%hCZe%7GZe%7G$c%TJ$c%TJZe%MLZe%MLoh%TJoh%TJ$v%RG$v%3Gdu%VFduEEfw8Cfw^JDht3FhtIFxslGMroGXp%oGBpoGrnMFFm9FTlxDTlbCTlGBJmaBynaBDpaBrrNBmsoChtJDht" /><g i="21" c="406" p="%^wBAo8DvmZGmi9LmiLFgovL$vcH$vgDtqGBLrGB$vYx$vYx$cGB$cGBtltBAo" /><g i="22" c="407" p="#^yK$v%QG$v%QG1oQG4lDE4l3D4lmC8mGBbnGBAp%GB$v%Yx$v%Yx$c%GB$c%GBSgGBjhAB_i%vB5k%HB5kXC5iFF5i3I5iiJojyKGkyK5n" /><g i="23" c="408" p="#^VA8pVAarABdsfCgtLDgteFgtUFesyGbryG8pyG6nTF6mdF5lJD5leC5lzB6mVA6nVA8p^mK8pmKusBInuRGfwIDfwKBfweAovKywuWxVs6xir6x8p6xOlSyYjCA5iMD5iKF5ieHYiKIOjyJplmK$mmK8p^xGRgCEIfGDHeJCGfTARg%pyRg%pyvgIAcexBRc%UFRcgGtdbHze7IFf0Jvg%0JRg" /><g i="24" c="409" p="#^QJli%QJdk%HHNkhIHlhIRmhI1pKGgqcFvruCvr%PBsr%gBorHAQrHAnsHAatLCat%3FatjHatuI8uGJ5vGJZwGJmzGHGAGF$BXB$B4z$Bzx$A3w$z3wdy3w_wQw9wCxkv5zZuwyJu5yauGxCtGx_sGxds6yIrzyarqzGqlycqJxbp5x9o5xMm5xxkyyjj$z5iHC5igD5i2EbiREhi3Fli^hzWxhzHy0A7zMAAz5CAz5EAzeF0znGtynGwxnGLwIFsw1FawDDaw%HBawGAawZzEwhz7xhzWx^EAPmEAXn8BBoFBepHCepLDepeEBoJEXnJEPmJEmkHCmkEAmkEAPm" /><g i="25" c="410" p="#^mz4q%mzapmz$nSz8nmAgmHBhlZCmknDOjNDdjNDwiNDJhcDjhDCUgzBUgKzUgox4i%3wpfNyUdRBUdlEUdQF5fjHigjHjijHFjIGEk5GCloEQmdDInVC9oBCCoBClp%BC4q^ZyfuZydtwzIs3Aas7Bas7CasGCIseDeteDfueDcvGCMv7Ckw7Bkw5AkwxzNvZyevZyfu" /><g i="26" c="411" p="#^CG$v%UF8u%NF8uREjvRDNvSCfwgBfwizfway7v2x$t2xWr2xLpzyJo4AHn8DAn%vFwn%vFVmvFRkoDRkLBRkyzQl%jyjjGA4ixD4ihG4iKHhjcJtkcJVm%cJ$v^vFHp%3EKpsCNpFBjqSARqSAYrSAxtGCxtYDxtJENsvF1svFOq^HGRdHGLfIEfg%AE7h%sC7h%aCkf5DafqDSeLDyeLD5eLDIduDvdeDidQCid1Cid7BAd%7BwbuBpb7CkbNCfbhDfb_EfbQFWbHGBcHGRd" /><g i="27" c="412" p="#^VA8pVAarABdsfCgtLDgteFgtUFesyGbryG8pyG6nTF6mdF5lJD5leC5lzB6mVA6nVA8p^mK8pmKusBInuRGfwIDfwKBfweAovKywuWxVs6xir6x8p6xOlSyYjCA5iMD5iKF5ieHYiKIOjyJplmK$mmK8p" /><g i="28" c="413" p="#^CG$v%UF8u%NF8uREjvRDNvSCfwgBfwizfway7v2x$t2xWr2xLpzyJo4AHn8DAn%vFwn%vFVmvFRkoDRkLBRkyzQl%jyjjGA4ixD4ihG4iKHhjcJtkcJVm%cJ$v^vFHp%3EKpsCNpFBjqSARqSAYrSAxtGCxtYDxtJENsvF1svFOq^uDRgJCigdB5fKzUdVy5d%VyRc%4DRcRD3eYFvg%YFRg" /><g i="29" c="414" p="#^CG$v%UF8u%NF8uREjvRDNvSCfwgBfwizfway7v2x$t2xWr2xLpzyJo4AHn8DAn%vFwn%vFVmvFRkoDRkLBRkyzQl%jyjjGA4ixD4ihG4iKHhjcJtkcJVm%cJ$v^vFHp%3EKpsCNpFBjqSARqSAYrSAxtGCxtYDxtJENsvF1svFOq^hGSgmEJfqDIetCHfDASg%9ySg%9ywgsAdehBSc%EFSc0GudXGAeTHGfMIwg%MISg" /><g i="30" c="415" p="#^VA8pVAarABdsfCgtLDgteFgtUFesyGbryG8pyG6nTF6mdF5lJD5leC5lzB6mVA6nVA8p^mK8pmKusBInuRGfwIDfwKBfweAovKywuWxVs6xir6x8p6xOlSyYjCA5iMD5iKF5ieHYiKIOjyJplmK$mmK8p^TGRdTGLfUEfg%ME7h%EC7h%mCkfhDafCDSeXDyeXD5eXDIdGDvdqDid0DiddCidjBAd%jBwbGBpbjCkbZCfbtDfbaFfb0GWbTGBcTGRd" /><g i="31" c="418" p="#^DH$v%7Hfu%VGfujGbvdFJv7EfwJCfwjAfw5zZuTxGtTxfr%Txmi%BBmi%BBkqBBNr6CxsEChtODhtmFht2GesLGbrLGMo%LGmi%uKmi%uKNjlLvjPLCiiMJhiMjg%ZPjg%9QAgMPti5PvjrOxkjN9lcMMluK1m%uK$v" /><g i="32" c="419" p="#^mK8pmKusBInuRGfwIDfwKBfweAovKywuWxVs6xir6x8p6xOlSyYjCA5iMD5i8F5imGwiAHWisIMjgKdjgKig%XNig%7OzgONbigN9jKM6kSLMk$KqlJJKlmKgnmK8p^VA8pVAarABdsfCgtLDgteFgtUFesyGbryG8pyG6nTF6mdF5lJD5leC5lzB6mVA6nVA8p^ABRg%ABvgGD3erERc%DIRc%DI5dZHJdrGZeWEdg2ERg" /><g i="33" c="420" p="#^DH$v%7Hfu%VGfujGbvdFJv7EfwJCfwjAfw5zZuTxGtTxfr%Txmi%BBmi%BBkqBBNr6CxsEChtODhtmFht2GesLGbrLGMo%LGmi%uKmi%uKNjlLvjPLCiiMJhiMjg%ZPjg%9QAgMPti5PvjrOxkjN9lcMMluK1m%uK$v^iHRdiHLfjFfg%bF7h%3D7h%NCkfIDaf0ESelEyelE5elEId5EvdRDidrDidECidKBAd%KBwb5CpbKCkboDfbUDfbBFfbrGWbiHBciHRd" /><g i="34" c="421" p="#^qxfuqxdtZxIswyaszzasAAas7BIsHBetHBfuHBcv7BMvzAkwzzkwyykw_xNvqxevqxfu" /><g i="35" c="422" p="%^4O$vgJ$vvBvioBvi#DB3mDBBnDB$vey$vey9e0D9eMKwrSKwr#GK1oGKBmGK9e4O9e" /><g i="36" c="423" p="#^CG$v%UF8u%NF8uREjvRDNvSCfwgBfwizfway7v2x$t2xWr2xLpzyJo4AHn8DAn%vFwn%vFVmvFRkoDRkLBRkyzQl%jyjjGA4ixD4ihG4iKHhjcJtkcJVm%cJ$v^vFHp%3EKpsCNpFBjqSARqSAYrSAxtGCxtYDxtJENsvF1svFOq^kGSgpEJftDIewCHfGASg%cySg%cywgvAdekBSc%HFSc3Gud_GAeWHGfPIwg%PISg^dBqzdBBxfDBxgFBxgFqzgFhALELAfEeBfDeBdBeBdBqz" /><g i="37" c="424" p="#^BDLkpCLkKBvl4BemZADn%bGDnaGemtFvlNELkBDLk^7EfwQAfwZyru6xCs6xgp6xQlQyZjyA5iAD5itG5i4ILjHJolHJio%HJ6q%UA6qYAHrQBBsICutiEutwFutCGetJHZsWIps%WIhvXHMvQG$vJFfw7Efw^uGRgzEIfDDHeGCGfQARg%myRg%myvgFAceuBRc%RFRcdGtd8Hze4IFfZIvg%ZIRg" /><g i="38" c="425" p="#^DH$v%7Hfu%WGfukGcvdFKv7EfwJCfwjAfw5zZuTxGtTxfr%Txmi%BBmi%BBkqBBNr6CxsEChtODhtmFht2GesLGbrLGMo%LGmi%uKmi%uK$v^eHRdeHLffFfg%7F7h%$C7h%JCkfEDafYDSehEyehE5ehEId1EvdNDidnDidACidGBAd%GBwb1CpbGCkbkDfbQDfbxFfbnGWbeHBceHRd" /><g i="39" c="426" p="#^CG$v%UF8u%NF8uREjvRDNvSCfwgBfwizfway7v2x$t2xWr2xLpzyJo4AHn8DAn%vFwn%vFVmvFRkoDRkLBRkyzQl%jyjjGA4ixD4ihG4iKHhjcJtkcJVm%cJ$v^vFHp%3EKpsCNpFBjqSARqSAYrSAxtGCxtYDxtJENsvF1svFOq" /><g i="40" c="427" p="#^gCfwSzfwuynu6xvs6xbp6xQlvyZjVz5inC5iYE5iiG5k%qG5k8Gzi8Gmh%8G$c%TJ$c%TJ$v%0H$v%iGeu%8GeuTEfwgCfw^ADht$EhtGFsslGCrpGDp%pGdppG0nJF4m2F7lwD7lgC7lABbmUAenUAfpUAgrABhshChtADht" /><g i="41" c="428" p="#^qxfuqxdtZxIswyaszzasAAas7BIsHBetHBfuHBcv7BMvzAkwzzkwyykw_xNvqxevqxfu^qxakqx8jZxDiwy5izz5iAA5i7BDiHB9jHBakHB9l7BIlzAfmzzfmyyfm_xJlqxalqxak" /><g i="42" c="429" p="#^QF2hHD2hwCFilBfklB7nlB5tQF5tIH5tnK8s%nKkvbIfwtFfwABfwvzUtrxwrrx5nrxjksyditz7gmB0fgDUdQFUdqIUd2L8f%QJdiQILhPHphOG2hQF2h" /><g i="43" c="430" p="#^VA8pVAarABdsfCgtLDgteFgtUFesyGbryG8pyG6nTF6mdF5lJD5leC5lzB6mVA6nVA8p^mK8pmKusBInuRGfwIDfwKBfweAovKywuWxVs6xir6x8p6xOlSyYjCA5iMD5iKF5ieHYiKIOjyJplmK$mmK8p^JBqzJBBxLDBxMFBxMFqzMFhAfFLALEeBLDeBJBeBJBqz^xGRgCEIfGDHeJCGfTARg%pyRg%pyvgIAcexBRc%UFRcgGtdbHze7IFf0Jvg%0JRg" /><g i="44" c="433" p="%^KA1plwmizAmidDHmUFmi6KmiGF1pkK$v5G$vdDkrlA$v6w$v" /><g i="45" c="434" p="#^qI9e%fM9e%aG$v%2C$v%$v9e%Pz9e%aDMosDIpLDYq2Ecs7EIsfEAr2FMo" /><g i="46" c="435" p="#^CG$v%UF8u%NF8uREjvRDNvSCfwgBfwizfway7v2x$t2xWr2xLpzyJo4AHn8DAn%vFwn%vFVmvFRkoDRkLBRkyzQl%jyjjGA4ixD4ihG4iKHhjcJtkcJVm%cJ$v^vFHp%3EKpsCNpFBjqSARqSAYrSAxtGCxtYDxtJENsvF1svFOq^wIJcmIBe0HJfGFRgFDRgxBRggAKf$yCeVyJc%_AJc1BhdjBCdBBXd6C5eECeeGDeebGeeoGJc" /><g i="47" c="436" p="#^2NVm2NjrxKFt1I$viD$v%ey$v%ey9e%RD9ecI9eDKtg2NMi2NVm^6J$m6Jfh1Efh%0Cfh%0CTs%EDTs6JTs6J$m" /><g i="48" c="437" p="#^DH$v%7Hfu%WGfukGcvdFKv7EfwJCfwjAfw5zZuTxGtTxfr%Txmi%BBmi%BBkqBBNr6CxsEChtODhtmFht2GesLGbrLGMo%LGmi%uKmi%uK$v^zDRgOCigiB5fPzUd_y5d%_yRc%9DRcWD3e1Gvg%1GRg" /><g i="49" c="438" p="#^zwDl%eyDl%ey9e%RD9ecI9eDKtg2NMi2NVm2NjrxKFt1I$viD$v%ey$v%eyJo%zwJo^6J$m6J9kRHIiAGfh0Efh%0Cfh%0CDl%WEDl%WEJo%0CJo%0CTs%DDTs6JTs6J$m" /><g i="50" c="439" p="#^DH$v%7Hfu%WGfukGcvdFKv7EfwJCfwjAfw5zZuTxGtTxfr%Txmi%BBmi%BBkqBBNr6CxsEChtODhtmFht2GesLGbrLGMo%LGmi%uKmi%uK$v^4CRg%4CvgaE3eXERc%7JRc%7J5dtIJdXGZeqFdgyERg" /><g i="51" c="440" p="#^MI2rMIst1HSuiFfwbCfwlzfw8xav%8xFrXyssbAOssB7tuC7tKD7toEFs3Fas3Fdr3FIqMEiqtETpVDvplD7pBBioYzxn8zQmky6mQxallxdklxZilxBgYyffzAUdoDUdNEUd2GdejHyeHI8f%tH5i1Gvh5FhhaE2hgD2hbC2hCByh2B2i2BRi2BljhBJjwB5k0CrkwCNkpEHlWGUmRH5oMIipMI2r" /></glyphs></font><font id="10" name="Open Sans Charset1 6SDJmPFzq26"><glyphs><g i="0" c="384" p="#^4GLf8DLfrBIhKzFjKz4nKzAqnBvs0Dpu3GpuWHpujKKt%jKyvtIfwKFfwOBfwFzStwxsrwx2nwxhkyyciAz7gwB0ftDUd6GUdWIUd0LVe%8KHg5ILf4GLf" /><g i="1" c="385" p="#^HJipHJzs1IpuoGfwuDfwHBfwiApvVyzu8y_soxproxipox0m1zckGAnizDninGni1IfkHJ6mHJip^vzhpvzSrwActyByuxDyuwFyuyGctAHSrAHhpAHKmyGqlwF5kwD5kwB5kvAplvzImvzhp^QBxgqCNf5DIeNDDdaERc%DGRc%DG5d5GUd1F2fZDcgbDRg%QBRg" /><g i="2" c="386" p="%^lL$vUI$voClnwA$owA$vsy$vsy9ewA9ewA$mCI9e3L9eUDVl" /><g i="3" c="387" p="#^iH$v%iHlniHJlyGWkPF6kdE6k6C6k8BflaAomaA$o%aA$v%7y$v%7y$c%aA$c%aALiaANj3Atk%bAtkOAwjUBZi$CpiqEpiTGpi5IAjkJKkkJgn%kJ$v" /><g i="4" c="388" p="#^HJipHJzs1IpuoGfwuDfwHBfwiApvVyzu8y_soxproxipox0m1zckGAnizDninGni1IfkHJ6mHJip^vzhpvzSrwActyByuxDyuwFyuyGctAHSrAHhpAHKmyGqlwF5kwD5kwB5kvAplvzImvzhp^rzzg_AUeCB7eeCldwCRc%yERcPEldtF9e8GZeGHzg%GHRg%dGRg8FagwDzeSBcgRARg%rzRg" /><g i="5" c="389" p="#^iH$v%iHkniHIlyGVkPF5kdE5k7C5k8BelaAmmaAZo%aA$v%7y$v%7yDi%NzDi%7Ark%dArkRAsjYBWi4DnitEniTGni5IyjkJIkkJgn%kJ$v" /><g i="6" c="390" p="#^5JDi%5JVj%DGckYGDkdHjlvH$lvHSmvHQo9G$pPEartCarSBarlB3r2ALr2AOs2AltvACtYATt2CTt%qETtBGTtLHOuWIIvWIrxWIFz8HQAmF$BXB$Bjz$BUx0Btw2Atwfytw1xfx8w1yfvszXuXyIuAydueyKtey4teylsDyOr0zfrSzKqQyjqayipwxgowxXmwxLkQyzj9AniACniDDnitEDi^qyeyqykzkzUzfAsAZBsAwEsAKFHzZGWyZGCxZGwwiG5wDFHvMDHv%lBHvZzHvbzlwqy$wqyey^wzVmwziojA1p6BLpxCLpvFLpvFSmvFSjuCSj3BSjhADkwzolwzVm" /><g i="7" c="391" p="#^XN2nXNkrMLOtCJfwLFfwOBfwFzRtwxqrwx1nwxGiFzhgPBTdMFTdCJTdMLjgXNLiXN2n^Jz2nJzHqfBzsOCruLFruJIrudKzsKLHqKL2nKLsjdKBhJIKfMFKfOCKffBChJztjJz2n" /><g i="8" c="392" p="#^uMVmuMjr4KFtHH$vbD$v%ry$v%ry4o%zw4o%zwfm%ryfm%ry9e%KD9eSH9eaKrguMJiuMVm^hKZmhKYflDYf%wAYf%wAfm%8Ffm%8F4o%wA4o%wAcu%RCcuhKcuhKZm" /><g i="9" c="393" p="#^2ADi%2Air2AWsNAKtxByu7DyudFyubGpt9Hfs9HEp%9HDi%bJDi%bJ$v%wH$v%dHcu%6HcuuGbvnFJvhEfwSCfwqAfwcz5v$xWt$xnr%$xDi^9CxgLCNfqDIe6EDdvERc%YGRc%YG5dqGUdmF2fiEcgwDRg%9CRg" /><g i="10" c="394" p="#^wIfrwICtOGXu5FfwaCfw$yfwhxqv%hxqtoyUtGzauZArueCrujErumFEtqGRsqGrrqGwq2GWpGFkpOEQoWDko8CHnFzOmAyAlwxmkwxoiwxkg3z6fDAUdaDUdQFUd3ISe%qHGgcFLf7DLftBLfyAsgDz9hDzqiDzljYzXjiAxk6B1lWBwlBD6mpG7nsHgowIppwIfr" /><g i="11" c="395" p="#^nG$v%ZF5u%TF5uTElvTDOvTCfwoBfwpzfwgydv8xbu8xis8xfoDD2o%UF_n%UF8nUFAldFQkyE4k2D4knB4kgz5l%EyyjDz0jOAJi_BpiaDpizFpiJGtjTHwkTHSm%TH$v^OBAuHDAuMEytRFvsRFDq%RFqp%PDvppBApkAfqgzWqgzksgzptWz$tBAAuOBAu" /><g i="12" c="396" p="#^aA$v%8y$v%8yDi%aADi^Zx$eZxiejy_dFyFdazFdFzFd$z_dmAjemA$emAGf$z0gFzmgazmgFymgjy0gZxGfZx$e" /><g i="13" c="397" p="#^nG$v%ZF5u%TF5uTElvTDOvTCfwoBfwpzfwgydv8xbu8xis8xfoDD2o%UF_n%UF8nUFAldFQkyE4k2D4knB4kgz5l%EyyjDz0jOAJi_BpiaDpizFpiJGtjTHwkTHSm%TH$v^OBAuHDAuMEytRFvsRFDq%RFqp%PDvppBApkAfqgzWqgzksgzptWz$tBAAuOBAu^jBxgVBNfACIegDDdFDRc%6GRc%6G5dAFUdwE2fsDcgGCRg%jBRg" /><g i="14" c="398" p="#^mEfw3DfwZBMvUAhvaAhu%0AhuaAsvaAvw%aA$B%8y$B%8yDi%NzDi%3Ark%aArkYAlj_BSi0DnimEni0HnisIbkVJ$lVJipVJBsrIquZGfwmEfw^3E5k0C5k5BelbAmmaARo%aAhpaA6s6Bkt2Cyu7EyuRFyuQG8tPHKrPHgpPHMmQGrlRF5k3E5k" /><g i="15" c="399" p="#" /><g i="16" c="400" p="#^eHcu%7HcuKFfwXCfwjAfwRysuoxFsoxlpox1mSyckkAniXCniFFni6Hlk%gHlk7Hkj7Hri%7HQg%GBQg%GBff%7Hff%7H$c%9J$c%9Jff%3Lff%3LQg%9JQg%9J$v%wH$v^bDyugFyubGqt7Hhs7HMp%7Hlp7HvmaGileF4kaD4koB4krAtlvzRmvzmpvzWrrAetnByubDyu" /><g i="17" c="401" p="#^Zz4r%Hy4r%3y9e%BA9e^RxIuRx2tjz2t0A2toAttNAUtNAIuNAuvoAWv$zmwjzmwGymwfyZvRxAvRxIu" /><g i="18" c="403" p="#^sy9e%uD9e2H9eDIdfdKggdKzidK9kkJblsIdmLGxm%LGEmPKlnPKWqPKjtbJFuAH$vGE$v%sy$v^wAOl%XDOl8GOl5H6l3Ipk3INi3Ihh_GDgWFYfADYf%wAYf^wAzn%wAeu%fEeupGeuvHptBIzsBINqBI6ptHlomGzn4Ezn" /><g i="19" c="404" p="#^nG$v%ZF5u%TF5uTElvTDOvTCfwoBfwpzfwgydv8xbu8xis8xfoDD2o%UF_n%UF8nUFAldFQkyE4k2D4knB4kgz5l%EyyjDz0jOAJi_BpiaDpizFpiJGtjTHwkTHSm%TH$v^OBAuHDAuMEytRFvsRFDq%RFqp%PDvppBApkAfqgzWqgzksgzptWz$tBAAuOBAu^kBXykBfyHBWx2CBxzCBx2DBxoDWxLDfyLDXyLDCzoDYz2DiAzCiA2CiAHBYzkBCzkBXy" /><g i="20" c="405" p="#^nG$v%ZF5u%TF5uTElvTDOvTCfwoBfwpzfwgydv8xbu8xis8xfoDD2o%UF_n%UF8nUFAldFQkyE4k2D4knB4kgz5l%EyyjDz0jOAJi_BpiaDpizFpiJGtjTHwkTHSm%TH$v^OBAuHDAuMEytRFvsRFDq%RFqp%PDvppBApkAfqgzWqgzksgzptWz$tBAAuOBAu^OEPghEPgNDBghDmgOC5gjCPfSBBfqBnf$AnfoAnf4AKfMz5gBzRg%pyRgzymfgzxeZzId4BIdEBId9CWdHC8e9DqeEDHe4EVewE7fVE7fwF7fOFNe5GqehGGd%uHGdkH8fEG_fYFPgOEPg" /><g i="21" c="406" p="#^uDfwAAfw_ysuoxFsoxopox1m$yckDAniDDniBEniyFAiwGNi3H3j%sGNkNFwk_ElkbEakADakvzakvznpvzRruAatuBuurDuu6FuuTGLt%TGyvxFfwuDfw" /><g i="22" c="407" p="#^HJipHJzs1IpuoGfwuDfwHBfwiApvVyzu8y_soxproxipox0m1zckGAnizDninGni1IfkHJ6mHJip^vzhpvzSrwActyByuxDyuwFyuyGctAHSrAHhpAHKmyGqlwF5kwD5kwB5kvAplvzImvzhp^iCXyiCfyFCWx0DBxxDBx0EBxmEWxJEfyJEXyJECzmEYz0EiAxDiA0DiAFCYziCCziCXy" /><g i="23" c="408" p="#^RxIuRxTtdyttBy2tiz2t$z2toAttOATtOAIuOAvvoAXv_zmwizmwGymwfyZvRxAvRxIu" /><g i="24" c="409" p="%^XD$vSB$vSB$fdw$fdw9eBJ9eBJ$fXD$f" /><g i="25" c="410" p="#^ODfwQAfw6zruoxDsoxqpoxam_yhkAAnigDniNFnifH1kJIGlJIoo%JIGp%vzGpzz1sHAgtPBuuTDuu1Guu8IAt%8Inv3HRv6G2w9FfwODfw^fD4kEB4kGA7lJzamyz1o%yG1oyG6mHF5lQE4kfD4k^XGRg%OFRgqEWfdDPePB2gEARg%vzRg%vzxg%8AOfwBie8Cmd%iEmd5FveXGxg^ZFaeSG2dwHHb%CJHb%CJXbCIhd8Hte%ZFte" /><g i="26" c="411" p="#^tCAu$CAuvDvu$DpuiEku%iETvZD1wkD8wHCfwaCfwhyfwhy9s%hyck%nwck%nwdj%hyni%8zxf%jAxf%jADi%cEDi%cEck%jAck%jA3sjAhtUAXttBAutCAu" /><g i="27" c="412" p="#^2ADi%2Air2AWsNAKtxByu7DyudFyubGpt9Hfs9HEp%9HDi%bJDi%bJ$v%wH$v%dHcu%6HcuuGbvnFJvhEfwSCfwqAfwcz5v$xWt$xnr%$xDi^5CXy5CfysCWxPCBxkDBxPDBx9EWxwEfywEXywECz9EYzPDiAkDiAPCiAsCYz5CCz5CXy" /><g i="28" c="413" p="#^8A8pGAooLBbn%3GDi%tIDi%2Djo%RI$v%oG$v%GBGp%8A_q%8A$v%8y$v%8y$c%8A$c%8A3n8AKn2A8p" /></glyphs></font><font id="20" name="ArialBold Charset1 6ciDSKGgOr8"><glyphs><g i="0" c="880" p="#^Qx5e%ZE5e5H5e8IgebJre$J$eQKzfnLvgXLrhXLBiXLSjfLVkAKYlqJum3LYmXL6oPMfpPMOqPM1seMbtGLkuHK1vIJJvgITvmHZvVD$v%Qx$v^rB4h%rBdl%ODdlVFdlqG9lmH2lUHwkqI_jqI6jqIhiYHMhvHehBG7h3G4hvD4h^rBco%rBZs%NEZsKGZsgHSs4IIsAI8s5JAr5JDq5JQpHIgpiIIozHsoQGcomEco" /><g i="1" c="881" p="%^ZN$v1K$vtIXrjBXrQz$v$v$vYC5eOG5e^jHVoPEgipCVo^OGtcEEtchBP86FP8" /><g i="2" c="882" p="%^Ix$vIx5ejB5ejB$v" /><g i="3" c="883" p="#" /><g i="4" c="886" p="#^HIsi%mFQieFOhJEkhcERgoDRgiCRgyBPhOANiCASlUBmkODmkXFmktH$l0JDn0Jdq0J_soHFuNFjwfDjwyAjwOycu3x5s3xin3xniTycgHA1eBD1eEF1eZGafjIigHIsi^VAYpVAErGBzsrCttqDttnEtt0FJsFFZrFFgqFFwoZEInhEUmfDUmgCUmABGnVAroVAYp" /><g i="5" c="887" p="%^Tx$vTx5euB5euB1mMI5eDN5eUG3lZN$vjJ$voEBnuBAquB$v" /><g i="6" c="888" p="%^Qx$vQx5e4L5e4L7hrB7hrB5lpK5lpK7orB7orBZsqLZsqL$v^PEAcuDvd4BvdJDVbVFVbzIvd9Gvd^lDubQEv9FIv9wFub" /><g i="7" c="889" p="%^SB$vSB7hyw7hyw5eMK5eMK7htF7htF$v" /><g i="8" c="895" p="#^5x9n5xqkVxziwychzz6gDA0fUBvezDOdKFOdIJOd4MfgsOIisO4nsOpr5MStKJjwOFjwOBjwrzTt5xrr5x9n^PA1nPA4qdCFrDDdtNFdtYHdtlJFrKK5qKK_mKKVjnJpi0IUgNFUgyDUgaCqiPAYjPA1n" /><g i="9" c="896" p="%^ZN$v1K$vtIXrjBXrQz$v$v$vYC5eOG5e^jHVoPEgipCVo^zDtcfFP84JP8KFtc" /><g i="10" c="897" p="%^Sx$vSx5emB5eII4qII5e2M5e2M$vqI$vcBgkcB$v" /><g i="11" c="898" p="#^dMKtyNHu6Pfv%MNOxYMyxaM7x$L1xNJxv0IjwTFjwMBjwqzTt5xrr5x1n5xFiqzegMBOdNFOdMJOd5MegrOFirO1nrOnpNN7riNtsdMKt^jJIr0KTqmKJpJKzoJK2nJKYjlJqiZHUgMFUgyDUgaCqiPAYjPA2nPAbqaCLryDjtFFjtrGjt7H2t1GksVEXr%VFTpHHuqjJIr" /><g i="12" c="899" p="#^Ox5e%pB5e%pBNnpB5qxBNqMBTrECyswDdt1FdtzGdtlHBs7IYrhI2rsI7qsI$n%sI5e%3M5e%3Mvn3MJqML3stLotGKjuUJdvAIMvgHjw8FjwACjwfBJvWz7v9zauoydt8ybsOxEqOxEn" /><g i="13" c="907" p="#^ZN$v%1K$v%tIXr%jBXr%Qz$v%$v$v%YC5e%OG5e^jHVo%PEgi%pCVo^bE4cTE$b4FXbKFNbLFnbLF6bpFVaUEEaMDEaoDEaDCHa%uCr9YCl9fEm9LFm9IGR9LHlaNHgbQHxczFPc%zFqd%bEqd%bE4c" /><g i="14" c="909" p="%^Qx$vQx5erB5erB8lwI8lwI5e7M5e7M$vwI$vwIaorBaorB$v" /><g i="15" c="930" p="#^Px5e%pE5eDG5eOHqenJUevK4gDLghcM_iOMHkOMcnOMqpeM0rzLZskKbuoJ5vOHCvBG$vBE$v%Px$v^qB7h%qBZs%6EZsDFZsiGOsaHAsLH2slIwrIIkq4J7p4J2n4JZkIISjlILiGH7i0Hvh$FhhfF7h1D7h" /><g i="16" c="975" p="%^ZN$v1K$vtIXrjBXrQz$v$v$vYC5eOG5e^jHVoPEgipCVo" /><g i="17" c="1300" p="%^oC$v$v5eVz5erElrPI5eFM5egG$v" /><g i="18" c="1301" p="#^Qx$v%Qx5e%CD5eVG5eVHmesJMeuK6gxLshxLBjxLflWKnmkKvnoJ8otINoxH_oeGfpNDfp%rBfp%rB$v^rB7h%rBdm%pDdmyFdmgGXl_GEloH2lPHskPHFjPHGieH2iFGphNFeh7F7haD7h" /><g i="19" c="1302" p="%^ZN$v1K$vtIXrjBXrQz$v$v$vYC5eOG5e^jHVoPEgipCVo^VAtcsDU8DGU89JtcoGtcZEFaGDtc" /><g i="20" c="1303" p="#^5x9n5xqkVxziwychzz6gDA0fUBvezDOdKFOdIJOd4MfgsOIisO4nsOpr5MStKJjwOFjwOBjwrzTt5xrr5x9n^PA1nPA4qdCFrDDdtNFdtYHdtlJFrKK5qKK_mKKVjnJpi0IUgNFUgyDUgaCqiPAYjPA1n^JFAc%pEvd%$Bvd%EEVb%QGVb%uJvd%4Hvd^gEub%LFv9%AJv9%rGub" /><g i="21" c="1304" p="%^Wx$vWxfexBfexBZswKZswK$v" /><g i="22" c="1305" p="#^PA1nPA_pdCFryDdtNFdt0IdtlJFrKK0qKK_mKK_jnJoi4IUgNFUguDUgaCqiPA0kPA1n^UN5e%kR5e%kRygkR3i3RWiOQMj5QrkpP5lmOvlsOfmsO3nsOnr5MRtLJjwOFjwNBjwrzSt5xpr5x9n5xFiAz6gQBOdKFOdIJOd4MegvNKh4OWjvPgjzPxh%UNxh^WDVA%WDtx%mHtx%mHVA" /><g i="23" c="1310" p="%^ZN$v1K$vtIXrjBXrQz$v$v$vYC5eOG5e^jHVoPEgipCVo^REybwDtc6BtcLDTaXFTaBItcbGtc^bDVAbDtxDGtxDGVA" /><g i="24" c="1311" p="#^Vwaq%qAQpKABrIBrsGCgtkEgt3GgtYGxsRHNrRHNqRH9qtHJp5Hgp9GXoxFIogD9omAqnbznmyxVkyxNiyxphjydg5z1fyAqe$BOd3EOdrHOd8JhfRKLgXKdj%kHnj5H_hkGohzFNg1ENgsCNgzBqh$ARh$Axi$AajxBDjdCckREQkuHrlLI6m0KMmKKWnsL4psLNqsLjsBKFtKJ$uaIFvCGjwhEjwUAjw3zLufxatVwaq" /><g i="25" c="1312" p="%^Nx$vNx5ebD5epGiqCJ5e2P5e2P$vIL$vHLUh8I$vFE$v7BUh7B$v" /><g i="26" c="1313" p="#^Ox5e%pB5e%pBNnpB5qxBNqMBTrECyswDdt1FdtzGdtlHBs7IYrhI2rsI7qsI$n%sI5e%3M5e%3Mvn3MJqML3stLotGKjuUJdvAIMvgHjw8FjwACjwfBJvWz7v9zauoydt8ybsOxEqOxEn^hDVA%hDtx%JGtx%JGVA" /><g i="27" c="1314" p="#^gJpp%MMwqYLst4KUucIjwkFjwMBjwtzTtbxrrbxcnbxKiuzggOBOdyFOdQIOdTKKf5MTgJM1j%8JUjPIviOHIhOGUgmFUgnDUg8CjiVAKjVAXmVAkq7CNrlDdtiFdtKGdtMHisPInrgJpp" /><g i="28" c="1315" p="%^Qx$vQx5e4L5e4L7hrB7hrB5lpK5lpK7orB7orBZsqLZsqL$v^BAtc8DU8jGU8RItc4GtcFEFamDtc" /><g i="29" c="1316" p="#^5x9n5xqkVxziwychzz6gDA0fUBvezDOdKFOdIJOd4MfgsOIisO4nsOpr5MStKJjwOFjwOBjwrzTt5xrr5x9n^PA1nPA4qdCFrDDdtNFdtYHdtlJFrKK5qKK_mKKVjnJpi0IUgNFUgyDUgaCqiPAYjPA1n^WDVA%WDtx%mHtx%mHVA" /><g i="30" c="1317" p="%^wC$vwCsoXv5ebA5eqEalyI5eHM5e7Guo7G$v" /><g i="31" c="1318" p="%^ZN$v1K$vtIXrjBXrQz$v$v$vYC5eOG5e^jHVoPEgipCVo^REAcwDvd6BvdLDVbXFVbBIvdbGvd^iGub8Eub1Bv9SEv9" /><g i="32" c="1319" p="#^Qx5e%pE5eFG5eRHreqJWeyK7gGLkheM2jPMLkPMgnPMtpaMfryL1tkKcuoJ5vPHCvCG$vBE$v%Qx$v%Qxbo%Zvbo%ZvWl%QxWl^rB7h%rBWl%gFWl%gFbo%rBbo%rBZs%8EZsWFZsJGGsMHisjIkr5JYp5J7n5J6lMI0krIWiPHfibHAhaGjhoF7h3D7h" /><g i="33" c="1320" p="%^Qx$vQx5e4L5e4L7hrB7hrB5lpK5lpK7orB7orBZsqLZsqL$v^PEAcuDvd4BvdJDVbVFVbzIvd9Gvd^gGub6Eub$Av9QEv9" /><g i="34" c="1321" p="%^Qx$vQx5e4L5e4L7hrB7hrB5lpK5lpK7orB7orBZsqLZsqL$v^PEybuDtc4BtcJDTaVFTazItc9Gtc^9DVA9DtxBGtxBGVA" /><g i="35" c="1322" p="%^ND$vNDpsswpsswppdE1e6H1e6HppkJppkJps6Hps6H$v^NDppNDijGzpp" /><g i="36" c="1323" p="#^6xor%xA2rGAcsoBUs6Czt2Dzt7EztTEHsDFOrDF1qDFnoTEzn8EKmYCKmuBKmjA2o%xxEn%izke%mIke%mIxh%UBxh%lBzkvC$jHD$jZF$jzHGl9Jkn9J_p9JbsSHXt7Gjw0DjwxAjwZy_upxEt6xor" /><g i="37" c="1324" p="#^5x9n5xqkVxziwychzz6gDA0fUBvezDOdKFOdIJOd4MfgsOIisO4nsOpr5MStKJjwOFjwOBjwrzTt5xrr5x9n^PA1nPA4qdCFrDDdtNFdtYHdtlJFrKK5qKK_mKKVjnJpi0IUgNFUgyDUgaCqiPAYjPA1n^JFyb%pEtc%$Btc%EETa%QGTa%uJtc%4Htc^WDVA%WDtx%mHtx%mHVA" /><g i="38" c="1325" p="#^8Grp%8Gpm%XNpm%XNxtOMDuEKtvuIjwhGjwtDjwnB8vizYtfyMrcxzpcx_mcxbkmy0ixzRfOBHewDOd4GOdpJOdhLcf9NBgIN3j%6KKjJJpiGIFhEHUg4GUgIDUgjCoiWAUjWARmWA1qkCDrLDdt2GdtaHdtjINssJkshKHr%hKrp" /><g i="39" c="1326" p="#^3xwh%3xke%OIke%OIPglHeiQFWkkEBnyDCqMCDtNC$v%tz$vyzhs_AqorCykSEwh" /><g i="40" c="1327" p="%^$v$vbCGmzw5eOA5ekErjTH5e3M5esGFmDM$vgI$vjEWpkA$v" /><g i="41" c="1328" p="#^mA$m%fxrmMxyk2zFjkALiSCLi9FLihGhjpHPjSHFkkIvlkIKn%hIKrhIrtrIfuCI3v3J$v%GF$vxFFvkF_ufFGudFAukErvkDTvkCiwbBiwbziw1ycvUw6uUwssUwmrpxvqXxEpTybpQzJoCBno0EXnYEyn%YEcnYEcmsEOlZDnlCCnlIBnlbBKlGA5mmA$m^YENphE$pSCjqrBCq_AUqkAnrkA5skAPsSAltoBTtdCTt9DTt$DgtCEOsPE7sYEHrYEsq^IAlh%oCHd%dGHd%TClh" /><g i="42" c="1329" p="#^5JTm%JFunyFtmXEZlkEslmDsl4CsljBlmyAdnyAhpyABrjBys5CvtpDvtnEvt$EXsDFnsUF1r%gJCrKIWteH6vLFiwfDiwpAiwJyvu1xIs1xxp1xjmJyxkqALijDLiHFLi4HMjtINk5JTm" /><g i="43" c="1330" p="#^eGFh%xCFh%xCnf%eGnf%eG5e%GJ5e%GJnf%0Lnf%0LFh%GJFh%GJ$v%uG$v%uG5uHFcvCELvxDiwrCiwcAiwCyvu1xHs1xtp1xamzytk6ALiuCLiEELieGyk^yAepyAjr5BfsXBBtqDBtBEBtqFBsfGArfGzpfGknrFmmEEnlnDnlaCnlmBlmyAjnyAep" /><g i="44" c="1331" p="%^OxghOx5eeB5eeBgh^Ox$vOx1jeB1jeB$v^OxVAOxtxeBtxeBVA" /><g i="45" c="1332" p="#^AJ$v%8G$v%8Gnp8GhnVFGmHF2mbFJlIEnl0Enl7DnlqCSlJBlmsB9ncBYncB7q%cB$v%Mx$v%Mx1j%YA1j%YAWkECLidFLilGLihH9jeIzjIIckbJQknJElAJrmAJXn" /><g i="46" c="1333" p="#^cB5e%cBHkSCLi9FLilGLiiHbjfIDjKIjkdJ_koJPlAJEmAJoo%AJ$v%8G$v%8G9p8G6nXFzmLF0mfFIlLEnl0Enl9DnluCOlPBcmvB2ncBTncBvp%cB$v%Mx$v%Mx5e" /><g i="47" c="1334" p="%^Gx$vGx5e6B5e6BBn7F1jlJ1jVEMnFJ$vXF$vHC9q6BRr6B$v" /><g i="48" c="1335" p="#^iFTr%JIss2IkuDGjvcFiw4DiwHziw4y4uOwjsOwCpOwomtyAk9ALiKCLiDFLiiHFkZIzmVIwq%jAwqlA1s7BUsWBKt6DKtVDKtsEit0FRsiFTr^vFqosFWmJE9m_DnlXCnlPBnl5BbmmA$mmAqo^Iynh%fBOd%qEOd%YGnh%bEnh%LCzf%tBnh^cB8d%NCI9%CGI9%nD8d" /><g i="49" c="1336" p="#^KD1j%KDMl%oBMl%oB_qoBAssBRswB6tLBht$BstlCstPCstJD6t%0ENvPCiwiBiwnAiwDz_vUyGvxyavbyGu3yQtYxetYxqr%YxMl%nwMl%nw1j%Yx1j%Yxsg%oBre%oB1j" /><g i="50" c="1337" p="#^fGXA%fGpuAFhvAEOvADiwqCiwcAiwNyDu6xHs6xnp6xfmHyvkgALiCCLiVDLiREijOFQjxGXk%xG1j%HJ1j%HJXA^mGmpmGnnyFpmKErlwDrlhCrlsBqmDApnDAzpDAHrqBEsdCBtpDBtAEBttFxsmGtrmGmp" /><g i="51" c="1338" p="#^jG$v%jG2uBF5vrEIviDiw0CiwIAiwGzJvEy8vay6uJx3tJxer%Jx1j%9B1j%9B_o9BJrlBksxBXs0CjtwCGthDGt9EGtREbtyFIsOF_r3Ggr3Guo%3G1j%vJ1j%vJ$v" /><g i="52" c="1339" p="#^mA$m%fxrmMxyk2zFjkALiSCLi9FLihGhjpHPjSHFkkIvlkIKn%hIKrhIrtrIfuCI3v3J$v%GF$vxFFvkF_ufFGudFAukErvkDTvkCiwbBiwbziw1ycvUw6uUwssUwmrpxvqXxEpTybpQzJoCBno0EXnYEyn%YEcnYEcmsEOlZDnlCCnlIBnlbBKlGA5mmA$m^YENphE$pSCjqrBCq_AUqkAnrkA5skAPsSAltoBTtdCTt9DTt$DgtCEOsPE7sYEHrYEsq^bC6gTC1g4DZfKDPfLDpfLD7fpDWeUCFeMBFeoBFeDAIe%uAsdYAmdfCndLDndIESdLFneNFhfQFzgzDRg%zDsh%bCsh%bC6g" /><g i="53" c="1340" p="%^OxghOx5eeB5eeBgh^Ox$vOx1jeB1jeB$v" /><g i="54" c="1341" p="#^GJ$v%uG$v%uG5uHFcvCELvxDiwrCiwcAiwCyvu1xHs1xtp1xamzytk6ALiuCLiEELieGyk%eG5e%GJ5e^yAepyAjr5BfsXBBtqDBtBEBtqFBsfGArfGzpfGknrFmmEEnlnDnlaCnlmBlmyAjnyAep" /><g i="55" c="1342" p="#^$wkp$wDnQx1mGyqkdABjMBLiGDLiCGLiuIFknKzmnKupnKqstImuAGiwHDiwVBiwhAuvGyGuQx7t$wzr$wkp^wAvpwArrqBtslCvtGDvt0FvtWFtsRGrrRGupRGBnWFAm0FylGDyllCylqBAmwABnwAvp" /><g i="56" c="1343" p="#^mA$m%fxrmMxyk2zFjkALiSCLi9FLihGhjpHPjSHFkkIvlkIKn%hIKrhIrtrIfuCI3v3J$v%GF$vxFFvkF_ufFGudFAukErvkDTvkCiwbBiwbziw1ycvUw6uUwssUwmrpxvqXxEpTybpQzJoCBno0EXnYEyn%YEcnYEcmsEOlZDnlCCnlIBnlbBKlGA5mmA$m^YENphE$pSCjqrBCq_AUqkAnrkA5skAPsSAltoBTtdCTt9DTt$DgtCEOsPE7sYEHrYEsq" /><g i="57" c="1344" p="#^jG$v%jG2uBF5vrEIviDiw0CiwIAiwGzJvEy8vay6uJx3tJxer%Jx1j%9B1j%9B_o9BJrlBksxBXs0CjtwCGthDGt9EGtREbtyFIsOF_r3Ggr3Guo%3G1j%vJ1j%vJ$v^_C6gGD1gTDZfxEPfyEpfyE7fcEWeHDFezCFebCFeqBIe%hBsdLBmd2DndyEndvFSdyGneAGhfDGzgmERg%mEsh%_Csh%_C6g" /><g i="58" c="1345" p="#^txRw%oBjxuB$xQBgykCEynDEyJEEyoFeyRFZx3GmxeGXweGOv%eGUtIE$vmC$vLz$vdyNt1x2s1xrp1xbmBytk9ALivCLiUELitGSk%tG1j%GJ1j%GJFuGJYwhJ5yVIezdITzxHxAoGUAfFgBvDgBcAgBQy7Asx_ysxfxsx4xtxRw^yAfpyAjrkBhs7CethDetyEetpFfshGgrhGkphGjnsFlmDEnlmDnl7CnlkBkmyAhnyAfp" /><g i="59" c="1346" p="#^iFTr%JIss2IkuDGjvcFiw4DiwHziw4y4uOwjsOwCpOwomtyAk9ALiKCLiDFLiiHFkZIzmVIwq%jAwqlA1s7BUsWBKt6DKtVDKtsEit0FRsiFTr^vFqosFWmJE9m_DnlXCnlPBnl5BbmmA$mmAqo^Iylh%fBMd%qEMd%YGlh%bElh%LCxf%tBlh^cBVA%cBtx%EEtx%EEVA" /><g i="60" c="1347" p="#^Ix1j%VA1j%VAWkwBYjACmjEDLiXELibHLiMIwklKhmlKrplKHsLIvuaHiwVEiwRDiwZCTv5Crv8Bou%8BXA%IxXA^5Bip5BurYBxsQCAt3EAtgFAt3GDsSGFrSGtpSGqn1GrmdFsl$DslLCslWBqm5Bon5Bip" /><g i="61" c="1348" p="#^$zlmGyNl3yOktxPjtxEitxEgSylffA1ePC1enF1eNGlfcIEgcIEicIUjyHSkVGQlKFlmdHXm$H5oNIepNIKqNIctbHMuCFjw_CjwyAjwWy1v0xwt0xTq0xqpKxdosy$m$zlm^JATiJAVjiBukTB3lQC3lPD3loEuk_EUj_ETi_EVhoEkhPDLgTCLgTBLgiBlhJAWhJATi^oAyqoAYr6BLsRBytWCyt_DytHENsoF0soFAqoFkpGEAoZDPnTCPnDBPn$AGooAxpoAyq" /><g i="62" c="1349" p="%^7w$vPAjplw1jxA1jPCBmeF1jfJ1jSEapFJ$vrF$vPCZr9A$v" /><g i="63" c="1350" p="#^8xRr%tAurAAus5B_sCBttsCttwDttfEvs$EwrcFroVDYpZBYpSzYpkykoOwHmOw4kOwmhpyIf1A1exC1efF1e$G8gLIeiLI2nLIYrWG8u6FjwbCjw5AjwOybvvx3u8xRr^VEmkVEIi8EOhnDTgnCTgqBTgOADhaAniaA4kaAPlRADmxBrnzCrnyDrndEFmVETlVEmk" /><g i="64" c="1351" p="#^mA$m%fxrmMxyk2zFjkALiSCLi9FLihGhjpHPjSHFkkIvlkIKn%hIKrhIrtrIfuCI3v3J$v%GF$vxFFvkF_ufFGudFAukErvkDTvkCiwbBiwbziw1ycvUw6uUwssUwmrpxvqXxEpTybpQzJoCBno0EXnYEyn%YEcnYEcmsEOlZDnlCCnlIBnlbBKlGA5mmA$m^YENphE$pSCjqrBCq_AUqkAnrkA5skAPsSAltoBTtdCTt9DTt$DgtCEOsPE7sYEHrYEsq^1Flh%TClh%wzHd%lDHd" /><g i="65" c="1352" p="#^mB$v%7w1j%Jz1j%bCEp%TCSraD0rfDKqqDbqCDEp%3G1j%BJ1j%sE$v" /><g i="66" c="1353" p="#^GK1j%6O1j%6Oul6O_mRNRnANIoTMnpNLqqwJOq%wJ$v%kG$v%kG2uOEiw0Ciw9ziway6uJx3tJxer%Jx1j%9B1j%9B_o9ByrlBksuBVs1CitxCGtiDGt9EGtSEctzFJsPF$r4Ggr4Guo%4G1j%wJ1j%wJppcL3pUL7ojMznlMtm%GKtm" /><g i="67" c="1354" p="#^wAvpwAnrqBtsiCvtHDvt4FvtXFtsSGnrSGupSGEnXFzm4FylHDyliCylqBzmwAFnwAvp^lK1j%NN1j%NNulNN$mwNSnfNJoyMopJLbqjKEq$JPsuIluAGiwIDiwSBiwiAuvFyDuQx5t$wzr$wkp$wAnQx1mJypkeAAjMBLiGDLiCGLivIEkbKnmmKXoYLho0Mtm%lKtm" /><g i="68" c="1355" p="%^SF$vqC$vqC3j#xAQk_xGl_xzi#kz6iVAUg#uCFf3D1eSF1e" /><g i="69" c="1356" p="#^SC1esF1eWGTfGI4iGIanGIfsVGtusFjwSCjweAjwEyiu2xhs2x8n2x4iOySffA1eSC1e^SCTgeCTgKBghfBFh_AHiEA0kEAanEAkqYAvrgBGsLB4teCttSCtttDttYD4tsEGsJEEr4Fkq4Fan4F0kLERirEFhYDghtDTgSCTg" /><g i="70" c="1357" p="#^4B$v%Ex$v%Ex1j%QA1j%QASkEBzjiC9jYCLiNDLiYELi2Goj%ZEnm6EQlnDQlECQl8CdmEBCmmBFn4BHo4B_r" /><g i="71" c="1358" p="%^Ox$vOx1jeB1jeB$v^WBlhMzlhpwHdeAHd" /><g i="72" c="1359" p="#^GK1j%6O1j%6Oul6O_mRNRnANIoTMnpNLqqwJOq%wJ$v%kG$v%kG2uOEiw0Ciw9ziway6uJx3tJxer%Jx1j%9B1j%9B_o9ByrlBksuBVs1CitxCGtiDGt9EGtSEctzFJsPF$r4Ggr4Guo%4G1j%wJ1j%wJppcL3pUL7ojMznlMtm%GKtm^CBVA%CBtx%2Ftx%2FVA" /><g i="73" c="1360" p="#^FIPs%FI$v%Dw$vPwbuNxAsMyYqFBhoZD6mvElldFhkdFfjdF5iBEuh_DTgUCTgPBTgaBwhyA9isAGj%1xkjkxugXygfyA1eZC1eDF1e8HsfFITgFI$iFIdkdIjlNHomRGBndGooAETpYCmrwCSr5ClsQBPs" /><g i="74" c="1361" p="%^Ix$vIx5ejB5ejB$v^7xtcPyP8ECP8iztc" /><g i="75" c="1362" p="%^Ox$vOx1jeB1jeB$v^dxlhVyHdKCHdozlh" /><g i="76" c="1363" p="#^Xwfr%gASqqA7s6BOsPBttOCttSDttAEFsjFRrjFuqjFbpCEroVDGnVCGnfCGnlBWn%JB7l6D9lRDwkBETjBEPiBEVh2EnhvDRgCCRgJBRg5BshtA3ilAej%bxHiwx3hay5gRy7f1AAedB1eIC1eeF1eMGEf1IYg1ICi1IZksFmm_GImVHSnQI$oQIDqQI_s5HFunFjwPCjwoAjwNyWubxwtXwfr" /><g i="77" c="1364" p="#^Bwjs%1ANrfAMsWAitBBPtOCPt7EPtPEjtgFZsgFpsgF0s0FLrLEwrSDjrIzoqByEp3xBo3xJm3x1loyUjJzLiwCLiaFLitGDjMHukgIbm%1FNmPE0meEDlFDdlACdldBdlEABlfASlfAhmfAFmAAVm2BfnNDTnxGuoDHopIIjqIIXrIIJtcH0vJFiwOCiw9AiwCydv3x8uBwjs" /><g i="78" c="1365" p="#^GK1j%6O1j%6Oul6O_mRNRnANIoTMnpNLqqwJOq%wJ$v%kG$v%kG2uOEiw0Ciw9ziway6uJx3tJxer%Jx1j%9B1j%9B_o9ByrlBksuBVs1CitxCGtiDGt9EGtSEctzFJsPF$r4Ggr4Guo%4G1j%wJ1j%wJppcL3pUL7ojMznlMtm%GKtm^_C6gGD1gTDZfxEPfyEpfyE7fcEWeHDFezCFebCFeqBIe%hBsdLBmd2DndyEndvFSdyGneAGhfDGzgmERg%mEsh%_Csh%_C6g" /><g i="79" c="1366" p="#^jG$v%jG2uBF5vrEIviDiw0CiwIAiwGzJvEy8vay6uJx3tJxer%Jx1j%9B1j%9B_o9BJrlBksxBXs0CjtwCGthDGt9EGtREbtyFIsOF_r3Ggr3Guo%3G1j%vJ1j%vJ$v^CBVA%CBtx%2Ftx%2FVA" /><g i="80" c="1367" p="#^mA$m%fxrmMxyk2zFjkALiSCLi9FLihGhjpHPjSHFkkIvlkIKn%hIKrhIrtrIfuCI3v3J$v%GF$vxFFvkF_ufFGudFAukErvkDTvkCiwbBiwbziw1ycvUw6uUwssUwmrpxvqXxEpTybpQzJoCBno0EXnYEyn%YEcnYEcmsEOlZDnlCCnlIBnlbBKlGA5mmA$m^YENphE$pSCjqrBCq_AUqkAnrkA5skAPsSAltoBTtdCTt9DTt$DgtCEOsPE7sYEHrYEsq^uAnh%WynhVy5hVyXgVyFfwz_e8Aie7BieyBieVBoehCtefDVedEkfMEkf9FkfpF5fGFReLFhe%lHhekHWfJGEg7GlhaFlhLElhmEfh4EahYCLgQBkgjBkgWAkgIAzguAOguAnh" /><g i="81" c="1368" p="%^Ox$vOx5eeB5eeB$v" /><g i="82" c="1369" p="#^mA$m%fxrmMxyk2zFjkALiSCLi9FLihGhjpHPjSHFkkIvlkIKn%hIKrhIrtrIfuCI3v3J$v%GF$vxFFvkF_ufFGudFAukErvkDTvkCiwbBiwbziw1ycvUw6uUwssUwmrpxvqXxEpTybpQzJoCBno0EXnYEyn%YEcnYEcmsEOlZDnlCCnlIBnlbBKlGA5mmA$m^YENphE$pSCjqrBCq_AUqkAnrkA5skAPsSAltoBTtdCTt9DTt$DgtCEOsPE7sYEHrYEsq^LAVA%LAtx%bEtx%bEVA" /><g i="83" c="1370" p="#^iFTr%JIss2IkuDGjvcFiw4DiwHziw4y4uOwjsOwCpOwomtyAk9ALiKCLiDFLiiHFkZIzmVIwq%jAwqlA1s7BUsWBKt6DKtVDKtsEit0FRsiFTr^vFqosFWmJE9m_DnlXCnlPBnl5BbmmA$mmAqo^Iylh%fBMd%qEMd%YGlh%bElh%LCxf%tBlh" /><g i="84" c="1371" p="#^xx1j%HA1j%HAOknCLiKELi_FLiUGgjPHMjpIPkfJMjeKgjeLLimMLiONLiNOkjNPVjgQ1lDQSlDQIn%DQ$v%bN$v%bNBobNFmQM5mlMnlmLnlEKnl$JPlmJfm4J5nPIXnPIMp%PI$v%nF$v%nFUonF$mbFsm$EVlCEEleEnlADnlNCnl8COlwBdmeB1nZAQnZAIp%ZA$v%xx$v" /><g i="85" c="1372" p="#^wAvpwAnrqBtsiCvtHDvt4FvtXFtsSGnrSGupSGEnXFzm4FylHDyliCylqBzmwAFnwAvp^lK1j%NN1j%NNulNN$mwNSnfNJoyMopJLbqjKEq$JPsuIluAGiwIDiwSBiwiAuvFyDuQx5t$wzr$wkp$wAnQx1mJypkeAAjMBLiGDLiCGLivIEkbKnmmKXoYLho0Mtm%lKtm^YFlh%ODlh%rAHd%gEHd" /><g i="86" c="1373" p="#^mA$m%fxrmMxyk2zFjkALiSCLi9FLihGhjpHPjSHFkkIvlkIKn%hIKrhIrtrIfuCI3v3J$v%GF$vxFFvkF_ufFGudFAukErvkDTvkCiwbBiwbziw1ycvUw6uUwssUwmrpxvqXxEpTybpQzJoCBno0EXnYEyn%YEcnYEcmsEOlZDnlCCnlIBnlbBKlGA5mmA$m^YENphE$pSCjqrBCq_AUqkAnrkA5skAPsSAltoBTtdCTt9DTt$DgtCEOsPE7sYEHrYEsq^6zlh%FBMd%QEMd%mHlh%BElh%9Dxf%TBlh^LAVA%LAtx%bEtx%bEVA" /><g i="87" c="1374" p="#^wAvpwAnrqBtsiCvtHDvt4FvtXFtsSGnrSGupSGEnXFzm4FylHDyliCylqBzmwAFnwAvp^lK1j%NN1j%NNulNN$mwNSnfNJoyMopJLbqjKEq$JPsuIluAGiwIDiwSBiwiAuvFyDuQx5t$wzr$wkp$wAnQx1mJypkeAAjMBLiGDLiCGLivIEkbKnmmKXoYLho0Mtm%lKtm^$C6gHD1gUDZfyEPfzEpfzE7fdEWeIDFeACFecCFerBIe%iBsdMBmd3DndzEndwFSdzGneBGhfEGzgnERg%nEsh%$Csh%$C6g" /><g i="88" c="1375" p="#^$wkp$wDnQx1mGyqkdABjMBLiGDLiCGLiuIFknKzmnKupnKqstImuAGiwHDiwVBiwhAuvGyGuQx7t$wzr$wkp^wAvpwArrqBtslCvtGDvt0FvtWFtsRGrrRGupRGBnWFAm0FylGDyllCylqBAmwABnwAvp^Dzlh%aCMd%lFMd%THlh%6Flh%HDxf%oClh^RBVA%RBtx%hFtx%hFVA" /><g i="89" c="1376" p="#^wAvpwAnrqBtsiCvtHDvt4FvtXFtsSGnrSGupSGEnXFzm4FylHDyliCylqBzmwAFnwAvp^lK1j%NN1j%NNulNN$mwNSnfNJoyMopJLbqjKEq$JPsuIluAGiwIDiwSBiwiAuvFyDuQx5t$wzr$wkp$wAnQx1mJypkeAAjMBLiGDLiCGLivIEkbKnmmKXoYLho0Mtm%lKtm^RBVA%RBtx%hFtx%hFVA" /><g i="90" c="1377" p="#^iFTr%JIss2IkuDGjvcFiw4DiwHziw4y4uOwjsOwCpOwomtyAk9ALiKCLiDFLiiHFkZIzmVIwq%jAwqlA1s7BUsWBKt6DKtVDKtsEit0FRsiFTr^vFqosFWmJE9m_DnlXCnlPBnl5BbmmA$mmAqo^Iynh%fBOd%qEOd%YGnh%bEnh%LCzf%tBnh^tE8d%jC8d%YyI9%NCI9" /><g i="91" c="1378" p="#^aw1j%Qz1j%VCes%YF1j%vJ1j%WEwv%6EMxFDVyeDvzQC5AiCtAMBRA_A2BdAgBfzgBfygBjx2B%$wmyOxxysyxyEzxydAPxOA6x5B1w" /><g i="92" c="1379" p="%^1BnlBxnlBxVi#BxqhRxzg#6yHfPy0f#xzkeDAXdjBmf#gAHfPzjg#nzWgmzXh1BXh^MGnlkDnlkDVi#kDphADyg#RDHfzE0f#hFkemGXd2Hmf#$FHfyFjg#6FWg5FXhMGXh" /><g i="93" c="1380" p="%^jD5eLG5eLGyg#LG2iuGVi#dGLjvFrk#OE7lIDxl1D6k#3EMjwE9j#ZExi_ExhjDxh^yx5e_A5e_Ayg#_A2iJAVi#tALjLzrk#1z7lXxxlgx6k#iyMjKy9j#bzxidzxhyxxh" /><g i="94" c="1381" p="#^$wkp$wDnQx1mGyqkdABjMBLiGDLiCGLiuIFknKzmnKupnKqstImuAGiwHDiwVBiwhAuvGyGuQx7t$wzr$wkp^wAvpwArrqBtslCvtGDvt0FvtWFtsRGrrRGupRGBnWFAm0FylGDyllCylqBAmwABnwAvp^Dznh%aCOd%lFOd%THnh%6Fnh%HDzf%oCnh^oF8d%eD8d%TzI9%IDI9" /><g i="95" c="1382" p="#^mA$m%fxrmMxyk2zFjkALiSCLi9FLihGhjpHPjSHFkkIvlkIKn%hIKrhIrtrIfuCI3v3J$v%GF$vxFFvkF_ufFGudFAukErvkDTvkCiwbBiwbziw1ycvUw6uUwssUwmrpxvqXxEpTybpQzJoCBno0EXnYEyn%YEcnYEcmsEOlZDnlCCnlIBnlbBKlGA5mmA$m^YENphE$pSCjqrBCq_AUqkAnrkA5skAPsSAltoBTtdCTt9DTt$DgtCEOsPE7sYEHrYEsq^6znh%FBOd%QEOd%mHnh%BEnh%9Dzf%TBnh^CB8d%bDI9%0HI9%ND8d" /><g i="96" c="1383" p="#^GK1j%6O1j%6Oul6O_mRNRnANIoTMnpNLqqwJOq%wJ$v%kG$v%kG2uOEiw0Ciw9ziway6uJx3tJxer%Jx1j%9B1j%9B_o9ByrlBksuBVs1CitxCGtiDGt9EGtSEctzFJsPF$r4Ggr4Guo%4G1j%wJ1j%wJppcL3pUL7ojMznlMtm%GKtm^QFlh%GDlh%jAHd%8EHd" /><g i="97" c="1384" p="#^mA$m%fxrmMxyk2zFjkALiSCLi9FLihGhjpHPjSHFkkIvlkIKn%hIKrhIrtrIfuCI3v3J$v%GF$vxFFvkF_ufFGudFAukErvkDTvkCiwbBiwbziw1ycvUw6uUwssUwmrpxvqXxEpTybpQzJoCBno0EXnYEyn%YEcnYEcmsEOlZDnlCCnlIBnlbBKlGA5mmA$m^YENphE$pSCjqrBCq_AUqkAnrkA5skAPsSAltoBTtdCTt9DTt$DgtCEOsPE7sYEHrYEsq^6zlh%FBMd%QEMd%mHlh%BElh%9Dxf%TBlh" /><g i="98" c="1385" p="#^$wkp$wDnQx1mGyqkdABjMBLiGDLiCGLiuIFknKzmnKupnKqstImuAGiwHDiwVBiwhAuvGyGuQx7t$wzr$wkp^wAvpwArrqBtslCvtGDvt0FvtWFtsRGrrRGupRGBnWFAm0FylGDyllCylqBAmwABnwAvp^Dznh%aCOd%lFOd%THnh%6Fnh%HDzf%oCnh^7C8d%IDI9%xHI9%iE8d" /><g i="99" c="1386" p="#^$wkp$wDnQx1mGyqkdABjMBLiGDLiCGLiuIFknKzmnKupnKqstImuAGiwHDiwVBiwhAuvGyGuQx7t$wzr$wkp^wAvpwArrqBtslCvtGDvt0FvtWFtsRGrrRGupRGBnWFAm0FylGDyllCylqBAmwABnwAvp^6Clh%ODHd%DHHd%hElh" /><g i="100" c="1387" p="%^rytmry1jTB1jTBtm^ry$vryzsTBzsTB$v" /><g i="101" c="1388" p="#^5x9n5xqkVxziwychzz6gDA0fUBvezDOdKFOdIJOd4MfgsOIisO4nsOpr5MStKJjwOFjwOBjwrzTt5xrr5x9n^PA1nPA4qdCFrDDdtNFdtYHdtlJFrKK5qKK_mKKVjnJpi0IUgNFUgyDUgaCqiPAYjPA1n^ADtc%gFP8%5JP8%LFtc" /><g i="102" c="1389" p="#^iN5e%KQ5e%KQygKQ3itQWicQMjvPrknOwl2MTl%2Mvn2MFqLL2stLmtGKiuXIjw7FjwUAjw9zauoydt8ybsOxFqOxEn%Ox5e%pB5e%pBNnpB7qxBNq1Cdt0FdtUHdtgI1rrI7qrI$n%rI5e%2M5e%2MukPN8kwOcjXOEiZOxh%iNxh" /><g i="103" c="1390" p="#^PA1nPA_pdCFryDdtNFdt0IdtlJFrKK0qKK_mKK_jnJoi4IUgNFUguDUgaCqiPA0kPA1n^UN5e%kR5e%kRygkR3i3RWiOQMj5QrkpP5lmOvlsOfmsO3nsOnr5MRtLJjwOFjwNBjwrzSt5xpr5x9n5xFiAz6gQBOdKFOdIJOd4MegvNKh4OWjvPgjzPxh%UNxh^ADtc%gFP8%5JP8%LFtc" /><g i="104" c="1391" p="#^ZN$v%1K$v%tIXr%jBXr%Qz$v%$v$v%YC5e%OG5e^jHVo%PEgi%pCVo^REAc%wDvd%6Bvd%LDVb%XFVb%BIvd%bGvd^LAubKAFaqB2a6Cr9dDr9ZDr9hFZ9dGgaEGgaoHgayHp9%WIp9RIsbwGsbLFsbvEVaqDza2DzagCza7Cub" /><g i="105" c="1392" p="#^Qx$v%Qx5e%qF5ehI5eAJAeUK2fGLhgsMwhsM6jsM7lgLrm4KLnKH5oVINoFJCpqKqqJLvs%VN$v%AJ$v%ZG5sAF0q3FtpzEWo_DKopDxo9Cxo%rBxo%rB$v^rBGl%6EGlIGGllHsl$HdlmIHkKI9kKIljKIrifIUhMHkhUGahrG7hfE7h%rB7h" /><g i="106" c="1393" p="#^ZN$v%1K$v%tIXr%jBXr%Qz$v%$v$v%YC5e%OG5e^jHVo%PEgi%pCVo^IBxclBbcaBVb%mCVbCCcc7DocVDEcIEEcwFEciGocKGec5HVb%hIVbUHAc$G1d3GvdIEvdhEvdUDrdsCgdIBxc^dDub%IEv9%xIv9%oFub" /><g i="107" c="1394" p="#^$wkp$wDnQx1mGyqkdABjMBLiGDLiCGLiuIFknKzmnKupnKqstImuAGiwHDiwVBiwhAuvGyGuQx7t$wzr$wkp^wAvpwArrqBtslCvtGDvt0FvtWFtsRGrrRGupRGBnWFAm0FylGDyllCylqBAmwABnwAvp^_C6gGD1gTDZfxEPfyEpfyE7fcEWeHDFezCFebCFeqBIe%hBsdLBmd2DndyEndvFSdyGneAGhfDGzgmERg%mEsh%_Csh%_C6g" /><g i="108" c="1395" p="#^mA$m%fxrmMxyk2zFjkALiSCLi9FLihGhjpHPjSHFkkIvlkIKn%hIKrhIrtrIfuCI3v3J$v%GF$vxFFvkF_ufFGudFAukErvkDTvkCiwbBiwbziw1ycvUw6uUwssUwmrpxvqXxEpTybpQzJoCBno0EXnYEyn%YEcnYEcmsEOlZDnlCCnlIBnlbBKlGA5mmA$m^YENphE$pSCjqrBCq_AUqkAnrkA5skAPsSAltoBTtdCTt9DTt$DgtCEOsPE7sYEHrYEsq^lFOd%0HOdSGsfRFpgQEmhdDmhBBmhAApgzzsfqzOd%5BOdaBFeHB6fdCzfdDzfcEzfJE6ffFFelFOd^EB8d%dDI9%2HI9%PD8d" /><g i="109" c="1396" p="#^iN5e%KQ5e%KQygKQ3itQWicQMjvPrknOwl2MTl%2Mvn2MFqLL2stLmtGKiuXIjw7FjwUAjw9zauoydt8ybsOxFqOxEn%Ox5e%pB5e%pBNnpB7qxBNq1Cdt0FdtUHdtgI1rrI7qrI$n%rI5e%2M5e%2MukPN8kwOcjXOEiZOxh%iNxh^dE4cVE$b6FXbMFNbNFnbNF6brFVaWEEaODEaqDEaFCHa%wCr9_Cl9hEm9NFm9KGR9NHlaPHgbSHxcBFPc%BFqd%dEqd%dE4c" /><g i="110" c="1397" p="%^ZN$v1K$vtIXrjBXrQz$v$v$vYC5eOG5e^jHVoPEgipCVo^bDVAbDtxDGtxDGVA" /><g i="111" c="1398" p="%^Qx$vQx5e4L5e4L7hrB7hrB5lpK5lpK7orB7orBZsqLZsqL$v" /><g i="112" c="1399" p="#^jG$v%jG2uBF5vrEIviDiw0CiwIAiwGzJvEy8vay6uJx3tJxer%Jx1j%9B1j%9B_o9BJrlBksxBXs0CjtwCGthDGt9EGtREbtyFIsOF_r3Ggr3Guo%3G1j%vJ1j%vJ$v^NBlh%tDHd%iHHd%YDlh" /><g i="113" c="1400" p="%^ZvjwpAOd_COdvyjw" /><g i="114" c="1401" p="#^Ex$v%Ex5e%4B5e%4BykFCLiQELibHLiKItkiKamiKnpiKIsIIvu7HiwTEiwMDiwGCKvBBavQA5u%QA$v^2Bep2BfrGBdszCBt2EBtaFBtZFDsNGErNGzpNGknZFmm9FnlVDnlGCnlSBkm2Bhn2Bep" /><g i="115" c="1402" p="%^7znreyhiey5eYB5eYBhi4Bnr^ny$vnyzsPBzsPB$v" /><g i="116" c="1403" p="#^Ox5e%pB5e%pBNnpB5qxBNqMBTrECyswDdt1FdtzGdtlHBs7IYrhI2rsI7qsI$n%sI5e%3M5e%3Mvn3MJqML3stLotGKjuUJdvAIMvgHjw8FjwACjwfBJvWz7v9zauoydt8ybsOxEqOxEn^SCtc%yEP8%nIP8%1Ftc" /><g i="117" c="1404" p="%^Ix$vIx5ejB5ejB$v^OxVAOxtxeBtxeBVA" /></glyphs></font><font id="30" name="TahomaBold Charset1 6q2egb0Pcmk"><glyphs><g i="0" c="832" p="#^3NYuSLrvXJVv1InwbGnwUBnwlzVtPwqrPwTmPwBilz1gUBsdjGsdBIsd0KUdsLje_M3f%_Mkj%zMkjeM3jCLBi$K7iqKOhKJphQI7hXHRgXGRgMFRgOEchRDzh4DkimC3jXBbkxBjlxBOmxB_p7DwrJE1tuH1tKH1t3I0toI$sEIZs%EIpp%6Fpp%6F$l%3N$l" /><g i="1" c="833" p="%^WG$v8x$v8xQsLzQsLz$g8x$g8xQdWGQdWG$gjE$gjEQsWGQs" /><g i="2" c="880" p="#^Wv$v%3CQd%1HQd%bN$v%uI$v%lHis%EBis%vA$v^lG$o%uE$i%EC$o^7HT87HM9FGdacGFawFVa%wFDb%lDDb%lDgaVD6acEQ9vEx9vE19vEL8gEA81Ep8DDp8fDp80Dt8OCw8vCD8%tCD8%tCd7HC879D47ED$69E$6EF$6nGz77H687HT8" /><g i="3" c="881" p="%^sN$v2J$v2Ckj2C$vTx$vTxQdtDQdhJeohJQdsNQd" /><g i="4" c="882" p="#" /><g i="5" c="883" p="%^4NQdPG$v2C$vOvQdxAQdvE9qsIQd" /><g i="6" c="886" p="%^Tx$vTxQdaKQdaKihqCihqCukzJukzJYnqCYnqCxsaKxsaK$v^KIObzFObyDb9yBObryOb6C$62F$6" /><g i="7" c="887" p="%^IC5nny5nnyiiICii^IC$vny$vnycrICcr" /><g i="8" c="888" p="%^nB$vnBih$vih$vQdjLQdjLihXFihXF$v" /><g i="9" c="889" p="#^tDkwoBkwPzWveyvvUwWu%UwCq%ixCqGyLrjAnsZB$swD$sVD$syEWsbFQsAFEs2GrsnG3sJGHrJG4rJGpqaG_pEFypUEmpZD6pVCUoSBGoXAmoQyCnVxmm$w5l$wcj$wFg9z4fjBvdyEvdaGvdMHQdnJ9eFKJe%FKTi%fKTieJ$hMHqhjGQgNEQgaEQgHDVgdD_gICehgCqhYBPhFBbiFBFiFBlj8CMjECak2EvkZEIkPFVkGG5lDHrlxJ7msKhnnLqonLjqnL1teJHu6HkwtDkw" /><g i="10" c="895" p="%^4C$vLx$vLxcr4Ccr" /><g i="11" c="896" p="#^HO$v%7J$v%3Elp%qClp%qC$v%Tx$v%TxQd%bFQdIGQdQH0eYIceUJOeTKqfsLog1Mlh1MPi1MVk4Lcm8KvnzIgo^lHojlHIi4HdiPGJhcGshMFgheFdhJEahXDah%qCah%qC4m%JD4mGE4mkFZl$FRltGslVG6l7HEklH9klHoj" /><g i="12" c="897" p="%^Wv$v3CQd1HQdbN$vuI$vlHisEBisvA$v^lG$ouE$iEC$o^IJ1cxG1cwEq9wC1cpz1c4De70Ge7^FzuaAxua2ve77ye7" /><g i="13" c="898" p="%^eN$vGI$vGIYnrCYnrC$vTx$vTxQdrCQdrCukGIukGIQdeNQd" /><g i="14" c="899" p="%^WG$v8x$v8xQsLzQsLz$g8x$g8xQdWGQdWG$gjE$gjEQsWGQs^eEaBRzaBRzRxeERx" /><g i="15" c="907" p="#^dFnwzBnwBzCuDxQsDxqp%DxQd%bCQd%bC9pbC2rUC_rCDVsdFVsOGVsxH0shI7rhI9p%hIQd%RMQd%RMppRMMsVKAu_InwdFnw" /><g i="16" c="909" p="#^TLzjTLQktL_l3L7niKUnRJnohJNoJIap2IspnHKpAGVpOF3qQE3q%rC3q%rC$v%Tx$v%TxQd%WEQdvGQdEH6eNIoeJJ0fLKIfjLRgTL_hTLzj^bHGjbHUiPGlirGNhXFAhhFihHEgh5Edh4Ddh%rCdh%rCGm%LCGmoDGmZDFmyEEmZEzmlFvmLFkm9G9moGXlRGul0H$kbHvkbHGj" /><g i="17" c="930" p="#^rOVmrOjr4MRtJJnwCFnwvBnw9zPtPwfrPwVmPwxi9z$fvBsdCFsdJJsd4M_frOwirOVm^JJVmJJhlnJ8k2J$iuIgiUHxh9HdhqGUgDFUgNEUg5EbhqDuhNCfidCYiTB7kxBilxBVmxBAoSBHpbCNqLCxrlDhs4ECsQEXsDFXsqGXsaHBsXHesuIvr4JJqoJGpJJCoJJVm" /></glyphs></font><font id="40" name="Arial Charset1 6oknEnfEWar"><glyphs><g i="0" c="880" p="%^jF$v6D$v6D_h#jCLi0Bwj#KzgkJyEkJyvi#yAFhWBqg#jDbfUD1ejF1e" /><g i="1" c="881" p="#^HKIp%3NiqjMdtnKMurIiwFFiwLCiwXA7v8zXtbyIrfxtpfxUmfx5kjy0inzXflBSejDNdHFNdmINdbK9f0MwgLM_i%qKyjOJBhCIIgqHPfDFPfADPfbCOgOANheAsjHz6lHzUmHzaplATq0BAspCqtPDgusFgurHguPI7tbKZrHKIp" /><g i="2" c="882" p="#^Ex$v%Ex5e%Rz5e%RzvknBKiJDKi9FKidGijhHSjKHSkcISlcIMn%cI$v%$F$v%$FMn$F7mhFnlzEDkgDDkhCDkqB7lzADlcAvmRzmnRzUo%Rz$v" /><g i="3" c="883" p="#^DJAl%DJ1j%_L1j%_L2l_LYmxLJnpKGp6IWp%6I$v%8G$v%8G5uDEiw0CiwTAiwTzSvUypvpyKuWx3uJx6tBxssBx3r%Bx1j%Oz1j%OzdqOzZrWzyslApusCputDpukEUtbFntyFwsVFErVFZp%VF1j%6I1j%6I_oFJJorKxnNK0nNKAl" /><g i="4" c="886" p="#^5zvp5zVraAetbBuuUCuuBEuuCFetIGUrIGqpIG5nBFNlAEykUCykbBykaANl5z5n5zvp^gJhl%gJKi%DLKi%DLKkDLem9L2nyK5oZIZoZI7pZIjpZISt1GvvBEiwUCiw6AiwuyyuQwKsQwwpQwVlQyakvAKiUCKizFKigHtkyIPlSIVnIJon3KRmqKimqKhl" /><g i="5" c="887" p="#^Ex$v%Ex1j%Dz1j%DzSk2BKiLDKiWEKiVF9jUGzjnHfkSHXk3ITlbIumbI$n%bI$v%_F$v%_F6o_FMmJF5mtFqlPE1l9EEkhDEkTBEkSAxlRzqmRzVo%Rz$v" /><g i="6" c="888" p="#^ex4x%nzoxwzny7AQyXAszmCszTDszIEQyxFdyQF7x$Frw_FiuyE$vpC$vKz$vgy3uOw7sOwrpOwAntx0m8yrkpzBjHAKipCKiIEKibGBk%bG1j%dI1j%dIeudIgxBHxy_GOzEFxAjEgBmCgB2AgBCydAbxazex4x^3zhp3zQr4A0t5BbuCCbu7Ebu8F0taGRraGlpaGZm6FMl3EykACyk6Byk4AKl3zWm3zhp" /><g i="7" c="889" p="#" /><g i="8" c="895" p="#^sC1u%MCZvQBaw5BawUzawezOvAypvjyOu2yau2ybs%2yKk%qwKk%qw1j%2y1j%2yPf%fAve%fA1j%sC1j%sCKk%fAKk%fAjsfAgtmAxttAOtKAZt$A7uuB7uRB7usC1u" /><g i="9" c="896" p="#^Dx$v%Dx1j%Cz1j%Cz_kmACj$AajEBKipCKiwDKiGErj%UDtl5D$kiC$kAB$k$ArlrASlbADmQzOnQzcp%Qz$v" /><g i="10" c="897" p="%^qy$vqy1jDA1jDA$v^iBqhxzqhJw$dFz$d" /><g i="11" c="898" p="#^Wx$v%WxSn%YvSn%Yvfm%Wxfm%Wx5e%4E5e9G5efHleOIIeTJDfiLQg$LHiIMykIMXmIMGpQLFrZKDtLJwuyIpvZGNv6G$vmE$v^iAUt%6EUtUFUtTGztTHdttIEsjJOrNJnqgKYogKWmgKPkNJzjjJiizIyhPHNgTGvgYFcg2Ecg%iAcg%iAfm%dFfm%dFSn%iASn" /><g i="12" c="899" p="#^6GpuTErvLDTvDCiwkBiwbziw2yfvVwcuVwAsVwDrkxRqMx2qtyApaz5p2ARoHAGo$BvoFEcoWFMnXFjnXFbnXFRljFhltEykPCykgBykwA5lNzDlrz0n%hxJmzxkleyukVyEjaAbjsBKi7DKiNEKiPF7jSGvjlH5kQHHk0IBl8I9m8IDn%8Izq8IDthIruqIfvRI$v%yG$vcGjv6Gpu^WFupJEZpjCjqZAvqpALqSz$qyztrfzXrfzwsfzotVz_tAAAuSBAu7DAu6E0u5FstzFusWFLrWFhq^0Fqh%fDqh%rA$d%nD$d" /><g i="13" c="907" p="#^QwwpQwVlQyakvAKiVCKiAFKihHuk_Iem_Ikp_IQrdIgttHIu1GvvCEiwVCiwbAiwvyyuQwOsQwwp^5zvp5z$raAftfBuuVCuuyEuuDFetJG_rJGqpJG0nDFNlxEykVCykfBykaANl5z0n5zvp" /><g i="14" c="909" p="#^6GpuTErvLDTvDCiwkBiwbziw2yfvVwcuVwAsVwDrkxRqMx2qtyApaz5p2ARoHAGo$BvoFEcoWFMnXFjnXFbnXFRljFhltEykPCykgBykwA5lNzDlrz0n%hxJmzxkleyukVyEjaAbjsBKi7DKiNEKiPF7jSGvjlH5kQHHk0IBl8I9m8IDn%8Izq8IDthIruqIfvRI$v%yG$vcGjv6Gpu^WFupJEZpjCjqZAvqpALqSz$qyztrfzXrfzwsfzotVz_tAAAuSBAu7DAu6E0u5FstzFusWFLrWFhq^ABZz%ABtx%4Etx%4EZz" /><g i="15" c="930" p="%^uC$vuCcgBwcgBw5eNK5eNKcgSEcgSE$v" /><g i="16" c="975" p="#^DJAl%DJ1j%_L1j%_L2l_LYmxLJnpKGp6IWp%6I$v%8G$v%8G5uDEiw0CiwTAiwTzSvUypvpyKuWx3uJx6tBxssBx3r%Bx1j%Oz1j%OzdqOzZrWzyslApusCputDpukEUtbFntyFwsVFErVFZp%VF1j%6I1j%6I_oFJJorKxnNK0nNKAl^dBZz%dBtx%JDtx%JDZz" /><g i="17" c="1300" p="#^6Gfr%gIyrVHMtrG1v_EiwTCiwcAiwByzu_wPs_wzp_wsnGxTlnyikNzwjcBKiTCKi$EKikGOjGHSk3IRm%WFanCFSlQEcl3EykZCykjBykhAKlfzWmfzvpfz6seAiteBuuRCuu8Euu$EHtTFUs6Gfr" /><g i="18" c="1301" p="#^8G$v%8G5uDEiw0CiwTAiwTzSvTypvoyKuWx3uJx6tBxtsBx3r%Bx1j%Oz1j%OzdqOzXrWzys7AptOAVttBpusCpusDpujEVtaFotxFwsVFErVFZp%VF1j%6I1j%6I$v" /><g i="19" c="1302" p="#^yx_A%ixVy0y7zyy7zhz7zJzTyaADysAbyFARx7BywbBnwkB$v%pw1j%Ly1j%sBxq_BYrpCxtNC1sjDBq%5G1j%hI1j%mDdwzCmy7C9zxBfAMALA0AgBZygBkygByx_A" /><g i="20" c="1303" p="#^xGPr%OI6sfI5uOGcvlFiw5DiwfAiwAyyuWwNsWwDpWwlmByykhAKiZCKiAFKidHvkTIgmTIupTIGpSI4q%bz4qizcsoAltuBuu6DuujEuuaFRt1GctxGPr^jzgo%zGgopGDmJFPlFEyk$CykuByksAzlqzzmjzgo^VClf%xBqh%1zqh%FB$d%$D$d%LGqh%fEqh^iDI9%eGI9%qD7d%FB7d" /><g i="21" c="1304" p="%^YvpqYvEoSJEoSJpq" /><g i="22" c="1305" p="#^0D$v%5w5e%Gy5e%jD5rTDFsfE1uGEzsdF5r%3K5e%tM5e%tF$v" /><g i="23" c="1310" p="%^FxDgFx5eSz5eSzDg^Fx$vFx1jSz1jSz$v" /><g i="24" c="1311" p="#^xGPr%OI6sfI5uOGcvlFiw5DiwfAiwAyyuWwNsWwDpWwlmByykhAKiZCKiAFKidHvkTIgmTIupTIGpSI4q%bz4qizcsoAltuBuu6DuujEuuaFRt1GctxGPr^jzgo%zGgopGDmJFPlFEyk$CykuByksAzlqzzmjzgo^VClf%xBqh%1zqh%FB$d%$D$d%LGqh%fEqh^OBZz%OBtx%iEtx%iEZz" /><g i="25" c="1312" p="#^QwwpQwVlQyakvAKiVCKiAFKihHuk_Iem_Ikp_IQrdIgttHIu1GvvCEiwVCiwbAiwvyyuQwOsQwwp^5zvp5z$raAftfBuuVCuuyEuuDFetJG_rJGqpJG0nDFNlxEykVCykfBykaANl5z0n5zvp^BBZz%BBtx%5Etx%5EZz" /><g i="26" c="1313" p="#^Sx$v%Sx5e%qB5e%EFLqeGxsvGptPGqssHxq%LL5e%XO5e%XO$v%FM$v%FM0h%rH$v%iF$v%8ALg%8A$v" /><g i="27" c="1314" p="#^5zvp5zVraAetbBuuUCuuBEuuCFetIGUrIGqpIG5nBFNlAEykUCykbBykaANl5z5n5zvp^gJhl%gJKi%DLKi%DLKkDLem9L2nyK5oZIZoZI7pZIjpZISt1GvvBEiwUCiw6AiwuyyuQwKsQwwpQwVlQyakvAKiUCKizFKigHtkyIPlSIVnIJon3KRmqKimqKhl^kCYf0DTfdDPfTDBfUD7fUDReyDFe1DneVBnexBneLAqe%DAad5B4dnC5dUD5dREAdUF5eWF$eZFxgIDPg%IDqh%kCqh%kCYf" /><g i="28" c="1315" p="%^0y$v0y5eoA5eoAslFJslFJ5e1M5e1M$vFJ$vFJznoAznoA$v" /><g i="29" c="1316" p="%^Vx$vVx5ekA5eKJ8sKJ5e$L5e$L$vzJ$vaAXhaA$v" /><g i="30" c="1317" p="#^QwwpQwVlQyakvAKiVCKiAFKihHuk_Iem_Ikp_IQrdIgttHIu1GvvCEiwVCiwbAiwvyyuQwOsQwwp^5zvp5z$raAftfBuuVCuuyEuuDFetJG_rJGqpJG0nDFNlxEykVCykfBykaANl5z0n5zvp^WClf%xBqh%1zqh%GB$d%0E$d%LGqh%fEqh^BBZz%BBtx%5Etx%5EZz" /><g i="31" c="1318" p="#^BIUt%BI$v%Lw$vJwcv$wtusxgtsy5sszWqkBnpfE_mgFBliGbkiGXiiGDhmFKgqERfWCRflBRfoAOgrzLhrzrj%axcjoxGgVymfqA1eZC1eyF1e2HsfzITgzI_izI3k6I6lGH8mFGinEFrogDrqiB5sKAHsaAhtPzUt" /><g i="32" c="1319" p="#^2xfr%fzYqDzQsxAFtrBuuLCuuiEuumFptrGksrGLqrGeprFgosEhnWChnjChnnBxn%DBClRBDlZBDlnDDlvEUkDF9kDFEiDFqhOEEg_DRfHCRfpBRfyAFgIzshtz3j%gxGiFxsg4zffwA1eEC1e6E1elFFeAGhfeHngUHshUHGiUHRjgHOkEGLlqFjm$GGmTHQnMIZoMIIqMI1t2HGulFiwKCiwnAiwPyUugxut2xfr" /><g i="33" c="1320" p="#^sIui%gGFiZFmhqFNgxERfdDRfaCRfnBqglAahKzDi8z3k7zMmVzzl2B_kcCoktDokGFokdH$lMICnMIaqMISr1IjtiHLu1GxvMEiw9DiwpAiwGyhuXwfsXwCnXwqiRy4gxA1emD1etF1ePGdfaIogsIui^tzbqtzjrXzmsqAothBXt8Cuu6DuuvEuuvFmtvGesvGjqvGsowFonxEkm0DkmxBkmvAontzsotzbq" /><g i="34" c="1321" p="#^dy$v%dyvt%JAvt%JA$vJAnxdAdyKz4zHyyz%4yCyMyiy5zIxqz6xsz$v" /><g i="35" c="1322" p="#^mxSr%tzFrKz8tuAPtfBuurCuusDuudE0u_EyttFNsYF$rhGHqCGmpCG$nCGRnCGznXFCoOEgpFDWpkCWp6AWpzyjo1xHm1x3k1xlhDyHfeA1eFC1epE1eRFZeiHVf2IEhPInjPIGmPI6q3I8sjHauRFevnEiwoCiwhAiwYy7vDxYtmxSr^nGYjnG3imFYgmERfXCRfsBRfnA2hizeiiz7kizRljAWmlB_nTC_npE_noFWmnGRlnGYj" /><g i="36" c="1323" p="%^NwDqNwqoyDqoyDDq" /><g i="37" c="1324" p="#^SBgB1AZyMyUvwxPswxwpwxCmsyXjyzSgSBOd%rDOdYBkgtBqhKA5jiAXkNzdnNzxpNzovrDgB" /><g i="38" c="1325" p="#^1x9n1x_jGx2iky6gCz4fVA1eRC1eiE1eoFCeuGbfbHhgUHmhiIXiIIvkII9nIIjq2IfspHbu6GfvQEiwRCiwgAiwOyru1xcs1x9n^iz9nizzrjA1tlBuuRCuunEuupF1trGzrrG9nrGKipFihnERfQCRfkBRfqA6hizLiiz9n" /><g i="39" c="1326" p="#^4zgB%vxgB9Bov9Bxp9BenDAZkcA8jtzsh_ymgvxOd%4zOdnBSgtCXjqDCmqDwpqDPs8CUvTAZy4zgB" /><g i="40" c="1327" p="%^Bx$vBx5eOz5eOz$v" /><g i="41" c="1328" p="#^Hz$v%Ex$v%Ex5e%Rz5e%RzukeBKioDKiAEKiEFdjJGHjpHzk5IrluIGmUIVnUIjpUIEseHtuBFiwhDiw_AiwHzmu^FzppFzKrhANsjBuu4DuuwEuuzFetDGZrDGvpDGYmCFLlCEykbDykLBykIAOlFz2nFzpp" /><g i="42" c="1329" p="#^6GpuTErvLDTvDCiwkBiwbziw2yfvVwcuVwAsVwDrkxRqMx2qtyApaz5p2ARoHAGo$BvoFEcoWFMnXFjnXFbnXFRljFhltEykPCykgBykwA5lNzDlrz0n%hxJmzxkleyukVyEjaAbjsBKi7DKiNEKiPF7jSGvjlH5kQHHk0IBl8I9m8IDn%8Izq8IDthIruqIfvRI$v%yG$vcGjv6Gpu^WFupJEZpjCjqZAvqpALqSz$qyztrfzXrfzwsfzotVz_tAAAuSBAu7DAu6E0u5FstzFusWFLrWFhq^gFfe%MGfeAGMfEFBgIEqh9DqhBBqhFACgJzNfyzfe%2BfecB4fIBvfdCVf4DVf4EVfAEvf5F5fgFfe^fDI9%bGI9%nD7d%CB7d" /><g i="43" c="1330" p="%^gyxlgy1jMA1jMAxl^gy$vgyvtMAvtMA$v" /><g i="44" c="1331" p="#^ExZA%Ex1j%Ez1j%EzIklAJjeBej7CKioDKi2FKijGBjBHrkeI$lUIynUIppUIpraI$ssHBu5GsvKEiweDiw8CiwgBQvoAmvRzEu%RzZA^DzApDz4sDAhtEBuu4DuuxEuuAFftDG$rDGopDGVmBFHlAEsk9DskMBskHAMlDz4nDzAp" /><g i="45" c="1332" p="%^$vjwbBOdYCOdMxjw" /><g i="46" c="1333" p="%^0A$v3w1jky1jpAwq9Bit#bB5tQBDqVD1j9G1j5IyqJI1tuJwqIL1jRN1jNJ$vwH$vsFeoXE0miC$v" /><g i="47" c="1334" p="%^gy$vgyvtMAvtMA$v" /><g i="48" c="1335" p="#^Ex$v%Ex1j%Cz1j%CzRkdAUjeBjjfCKiyDKi_EKiVFkjQGWjcH$kLIKidLKi8NKiaOOjdPSkdP5n%dP$v%0N$v%0NQn0NvmOMWlBMll1M$ktLEkJKEklJEkrIylyHsmyHso%yH$v%lF$v%lFznlF5mOEnlgEEk2DEk7CEkkB7lyAClbAymRzunRzgp%Rz$v" /><g i="49" c="1336" p="#^ay$v%ayKk%ewKk%ew1j%ay1j%ayEhaylgoyIfJyRewzkejAOdLBOdHCOdPD0e%uDWfOCPfbCPfbBPfMAegmAFgmAQh%mA1j%UC1j%UCKk%nAKk%nA$v" /><g i="50" c="1337" p="#^eB$v%jw1j%Dy1j%pBOqSB2sdCptxCns2DXq%XF1j%cI1j%hD$v" /><g i="51" c="1338" p="#^xGPr%OI6sfI5uOGcvlFiw5DiwfAiwAyyuWwNsWwDpWwlmByykhAKiZCKiAFKidHvkTIgmTIupTIGpSI4q%bz4qizcsoAltuBuu6DuujEuuaFRt1GctxGPr^jzgo%zGgopGDmJFPlFEyk$CykuByksAzlqzzmjzgo" /><g i="52" c="1339" p="%^Fx$vFx5eSz5eSzio2F1jVH1jXCRnpI$vHF$vnBmpSzRqSz$v" /><g i="53" c="1340" p="#^6GpuTErvLDTvDCiwkBiwbziw2yfvVwcuVwAsVwDrkxRqMx2qtyApaz5p2ARoHAGo$BvoFEcoWFMnXFjnXFbnXFRljFhltEykPCykgBykwA5lNzDlrz0n%hxJmzxkleyukVyEjaAbjsBKi7DKiNEKiPF7jSGvjlH5kQHHk0IBl8I9m8IDn%8Izq8IDthIruqIfvRI$v%yG$vcGjv6Gpu^WFupJEZpjCjqZAvqpALqSz$qyztrfzXrfzwsfzotVz_tAAAuSBAu7DAu6E0u5FstzFusWFLrWFhq" /><g i="54" c="1341" p="#^jG_o%jGTm%UNTm%UNvt8MUuhKBvqIiwtGiwQDiwGBavwz1uqyUrkxLpkx6nkxvkpyeivzZfyBTeCDNdhGNdeINdOJpenL1fgM9g9NhhCN5j%uLHj4LjiuKxhUJLgMIhgFHPfiGPfGEPfuDjgiCOgzBChRApirAnjMz1lMzZmMzmpAA_qpBBs_CntzE9ulG9uTH9ulJztPKZsALis%AL_o" /><g i="55" c="1342" p="#^6GpuTErvLDTvDCiwkBiwbziw2yfvVwcuVwAsVwDrkxRqMx2qtyApaz5p2ARoHAGo$BvoFEcoWFMnXFjnXFbnXFRljFhltEykPCykgBykwA5lNzDlrz0n%hxJmzxkleyukVyEjaAbjsBKi7DKiNEKiPF7jSGvjlH5kQHHk0IBl8I9m8IDn%8Izq8IDthIruqIfvRI$v%yG$vcGjv6Gpu^WFupJEZpjCjqZAvqpALqSz$qyztrfzXrfzwsfzotVz_tAAAuSBAu7DAu6E0u5FstzFusWFLrWFhq^jBqh%WC$d%PF$d%7Dqh" /><g i="56" c="1343" p="%^Qx$vQx5ecA5ecAZm4J5eiM5eNEllDM$vvJ$v7DYmcAOpcA$v" /><g i="57" c="1344" p="%^qy$vqy1jDA1jDA$v^Ixqhjz$dcC$dwzqh" /><g i="58" c="1345" p="#^8G$v%8G5uDEiw0CiwTAiwTzSvTypvoyKuWx3uJx6tBxtsBx3r%Bx1j%Oz1j%OzdqOzXrWzys7AptOAVttBpusCpusDpujEVtaFotxFwsVFErVFZp%VF1j%6I1j%6I$v^aCYfSCTf3DPfJDBfKD7fKDReoDFeTCneLBnenBneBAqe%tAadXA4ddC5dKD5dHEAdKF5eMF$ePFxgyDPg%yDqh%aCqh%aCYf" /><g i="59" c="1346" p="#^5zvp5zVraAetbBuuUCuuBEuuCFetIGUrIGqpIG5nBFNlAEykUCykbBykaANl5z5n5zvp^gJhl%gJKi%DLKi%DLKkDLem9L2nyK5oZIZoZI7pZIjpZISt1GvvBEiwUCiw6AiwuyyuQwKsQwwpQwVlQyakvAKiUCKizFKigHtkyIPlSIVnIJon3KRmqKimqKhl^GEqh%VCqh%5A$d%1D$d" /><g i="60" c="1347" p="#^uL3u8NcvxOKv%QNnxVLHw_Jbv$HiwBFiw9DiwaB7vczYt8yQr4xIp4x1n4xok8ydidz2gcBWebDNdEFNd6INd5KYe5M7g8NfibOmkbO0nbOepwN$qRMLsuL3u^gG1rkICrFJLsLLRqLL0nLLRk$KdjgKBhRIIgqHPfFFPf$CPffBDhwzrjwz1nwzwqeBosZCguFFguWGgu2INtXG3tIFLs" /><g i="61" c="1348" p="#^QwwpQwVlQyakvAKiVCKiAFKihHuk_Iem_Ikp_IQrdIgttHIu1GvvCEiwVCiwbAiwvyyuQwOsQwwp^5zvp5z$raAftfBuuVCuuyEuuDFetJG_rJGqpJG0nDFNlxEykVCykfBykaANl5z0n5zvp^WClf%xBqh%1zqh%GB$d%0E$d%LGqh%fEqh^jDI9%fGI9%rD7d%GB7d" /><g i="62" c="1349" p="#^4G$v%4GmuQEiwrCiwUAiwAzrvhyAuzx2tSwwrSwwpSwAnvx$l8ypkrzAjKAKikCKivDKipEejkFJjVFvk%VF5e%6I5e%6I$v^7zwp7z$raAftdBuuECuu5Euu5Fjt6G7s6GIp6G1n4FOl2EykyCyk4Byk5ALl7zXm7zwp" /><g i="63" c="1350" p="#^6GpuTErvLDTvDCiwkBiwbziw2yfvVwcuVwAsVwDrkxRqMx2qtyApaz5p2ARoHAGo$BvoFEcoWFMnXFjnXFbnXFRljFhltEykPCykgBykwA5lNzDlrz0n%hxJmzxkleyukVyEjaAbjsBKi7DKiNEKiPF7jSGvjlH5kQHHk0IBl8I9m8IDn%8Izq8IDthIruqIfvRI$v%yG$vcGjv6Gpu^WFupJEZpjCjqZAvqpALqSz$qyztrfzXrfzwsfzotVz_tAAAuSBAu7DAu6E0u5FstzFusWFLrWFhq^UClf%vBqh%$yqh%EB$d%_D$d%JGqh%dEqh" /><g i="64" c="1351" p="#^6GpuTErvLDTvDCiwkBiwbziw2yfvVwcuVwAsVwDrkxRqMx2qtyApaz5p2ARoHAGo$BvoFEcoWFMnXFjnXFbnXFRljFhltEykPCykgBykwA5lNzDlrz0n%hxJmzxkleyukVyEjaAbjsBKi7DKiNEKiPF7jSGvjlH5kQHHk0IBl8I9m8IDn%8Izq8IDthIruqIfvRI$v%yG$vcGjv6Gpu^WFupJEZpjCjqZAvqpALqSz$qyztrfzXrfzwsfzotVz_tAAAuSBAu7DAu6E0u5FstzFusWFLrWFhq^UClf%vBqh%$yqh%EB$d%_D$d%JGqh%dEqh^bCbcTC6c4D2cKDUbLDybLDgbpD3bUCOaMBOaoBOaCARa%uAH9YAB9eCC9LDC9IE5aLFBaNFqbQFFczDXc%zDyd%bCyd%bCbc" /><g i="65" c="1352" p="#^Mw7s%XyNr6z4tXzNtNAuuiCuuPDuuyETthFfthFqshFGrDEfraEYqnCvqYzUp0zsp4y$oBxdo7xqn7xtm7xBlwxSkVx7kByDj6zfj$z$iUAKiVBKirDKiBEajLFCjiGmkRG6l3Hnm%VEGmLEFl2E6llDyk3CykyAykUz2lfzylfzcmfzEmwz_mNzknmAznHAHniC7oEELozF9puGyp0HjqyH3ryHbsyHhtUGfufGdv1FMvQDiwjCiwNziwsyfv7xbuMw7s" /><g i="66" c="1353" p="#^axrg%axke%MIke%MI1g2HRhmFSkHDTnMC3r6CjtXB$v%Gz$vIzTtvAUqiBUnNC6lgEkiYFrg" /><g i="67" c="1354" p="#^nz6h%nzFj%0xFj%0xEh0x$fpxffVxie1zOd%zzEeUyWezyuffy1gdy6h^9D6h%9DFj%OAFj%OAEhOA$fbBffHBiePCOd%lDEeGCWelCuf1C1g$B6h" /><g i="68" c="1355" p="#^6GpuTErvLDTvDCiwkBiwbziw2yfvVwcuVwAsVwDrkxRqMx2qtyApaz5p2ARoHAGo$BvoFEcoWFMnXFjnXFbnXFRljFhltEykPCykgBykwA5lNzDlrz0n%hxJmzxkleyukVyEjaAbjsBKi7DKiNEKiPF7jSGvjlH5kQHHk0IBl8I9m8IDn%8Izq8IDthIruqIfvRI$v%yG$vcGjv6Gpu^WFupJEZpjCjqZAvqpALqSz$qyztrfzXrfzwsfzotVz_tAAAuSBAu7DAu6E0u5FstzFusWFLrWFhq^UClf%vBqh%$yqh%EB$d%_D$d%JGqh%dEqh^ABZz%ABtx%4Etx%4EZz" /><g i="69" c="1356" p="#^xGPr%OI6sfI5uOGcvlFiw5DiwfAiwAyyuWwNsWwDpWwlmByykhAKiZCKiAFKidHvkTIgmTIupTIGpSI4q%bz4qizcsoAltuBuu6DuujEuuaFRt1GctxGPr^jzgo%zGgopGDmJFPlFEyk$CykuByksAzlqzzmjzgo^VClf%xBqh%1zqh%FB$d%$D$d%LGqh%fEqh^$D7d%eC7d%qzI9%mCI9" /><g i="70" c="1357" p="%^4E$v4EJrjwJrjwIpuE6ehG6ehGIpIIIpIIJrhGJrhG$v^4EIp4EEhtyIp" /><g i="71" c="1358" p="#^1xir%lz5rBzNswAEtsBuuNCuunEuutFhtAG4sAG6qAGeowF9ntE3mLC3mGB3mPAymZz0nuzOn%qxxn%9zke%3Ike%3Iqg%UAqg%XzelyB7kkD7kGF7khHLlVImnVIWpVIlsuH6uMFiwNCiwkAiwNyWufxyt1xir" /><g i="72" c="1359" p="#^QwwpQwVlQyakvAKiVCKiAFKihHuk_Iem_Ikp_IQrdIgttHIu1GvvCEiwVCiwbAiwvyyuQwOsQwwp^5zvp5z$raAftfBuuVCuuyEuuDFetJG_rJGqpJG0nDFNlxEykVCykfBykaANl5z0n5zvp^WClf%xBqh%1zqh%GB$d%0E$d%LGqh%fEqh" /><g i="73" c="1360" p="#^6GpuTErvLDTvDCiwkBiwbziw2yfvVwcuVwAsVwDrkxRqMx2qtyApaz5p2ARoHAGo$BvoFEcoWFMnXFjnXFbnXFRljFhltEykPCykgBykwA5lNzDlrz0n%hxJmzxkleyukVyEjaAbjsBKi7DKiNEKiPF7jSGvjlH5kQHHk0IBl8I9m8IDn%8Izq8IDthIruqIfvRI$v%yG$vcGjv6Gpu^WFupJEZpjCjqZAvqpALqSz$qyztrfzXrfzwsfzotVz_tAAAuSBAu7DAu6E0u5FstzFusWFLrWFhq^gFfe%MGfeAGMfEFBgIEqh9DqhBBqhFACgJzNfyzfe%2BfecB4fIBvfdCVf4DVf4EVfAEvf5F5fgFfe" /><g i="74" c="1361" p="#^Qx$v%Qx5e%yE5eBG5eQHEe4JafNJjguKrhuKGiuKQjSJRkeJSl_HumBJYmtK6olLfplLPqlL3sPK8thKduvJPuJIovxHIvmG$vEE$v^cADl%3EDlEFDljGpleH8lHHwk9IUj9IYi9I3iJHohiHIgvGsgIFcgNDcg%cAcg^cAUt%FEUtPFUtgGOt5HFtEHjtbIZsyIjsVIFrVIPqVIOpoI3pTHkoYG1o2GKnlEKn%cAKn" /><g i="75" c="1362" p="#^5zvp5zVraAetbBuuUCuuBEuuCFetIGUrIGqpIG5nBFNlAEykUCykbBykaANl5z5n5zvp^gJhl%gJKi%DLKi%DLKkDLem9L2nyK5oZIZoZI7pZIjpZISt1GvvBEiwUCiw6AiwuyyuQwKsQwwpQwVlQyakvAKiUCKizFKigHtkyIPlSIVnIJon3KRmqKimqKhl^HBqh%iD$d%bG$d%vDqh" /><g i="76" c="1363" p="#^6GpuTErvLDTvDCiwkBiwbziw2yfvVwcuVwAsVwDrkxRqMx2qtyApaz5p2ARoHAGo$BvoFEcoWFMnXFjnXFbnXFRljFhltEykPCykgBykwA5lNzDlrz0n%hxJmzxkleyukVyEjaAbjsBKi7DKiNEKiPF7jSGvjlH5kQHHk0IBl8I9m8IDn%8Izq8IDthIruqIfvRI$v%yG$vcGjv6Gpu^WFupJEZpjCjqZAvqpALqSz$qyztrfzXrfzwsfzotVz_tAAAuSBAu7DAu6E0u5FstzFusWFLrWFhq^UClf%vBqh%$yqh%EB$d%_D$d%JGqh%dEqh^Py6dOySbuz5baAkahBka1CkalD_a3EmbuEmbeFmboFia%_GiaVG4dAE4dPD4dzCocKBYbmBYbpAYbrA6d" /><g i="77" c="1364" p="#^4G7h%IB7h%IBvf%VFvf%VF5e%6I5e%6Ivf%TJvf%TJ7h%6I7h%6I$v%4G$v%4GmuQEiwrCiwUAiwAzrvhyAuzx2tSwwrSwwpSwAnwx$laypkuzAjOAKirCKiDDKiyEejuFJj4Gvk^7zwp7z$raAftdBuuECuu5Euu5Fjt6G7s6GIp6G1n4FOl2EykyCyk4Byk5ALl7zXm7zwp" /><g i="78" c="1365" p="#^6GpuTErvLDTvDCiwkBiwbziw2yfvVwcuVwAsVwDrkxRqMx2qtyApaz5p2ARoHAGo$BvoFEcoWFMnXFjnXFbnXFRljFhltEykPCykgBykwA5lNzDlrz0n%hxJmzxkleyukVyEjaAbjsBKi7DKiNEKiPF7jSGvjlH5kQHHk0IBl8I9m8IDn%8Izq8IDthIruqIfvRI$v%yG$vcGjv6Gpu^WFupJEZpjCjqZAvqpALqSz$qyztrfzXrfzwsfzotVz_tAAAuSBAu7DAu6E0u5FstzFusWFLrWFhq^tCYf9DTfmDPf0EBf1E7f1EReHDFeaDne2CneGBneUAqe%MAadeB4dwC5d1E5d_EAd1G5e3G$e6GxgRDPg%RDqh%tCqh%tCYf" /><g i="79" c="1366" p="#^VFZA%VFCuoFkvtEPvyDiwwCiwcAiwxysuTwBsTwopTwrnyxUleykkwzxjOAKilCKiLEKi7GLk%7G1j%6I1j%6IZA^8ztp8zZrbAeteBuuICuu5Euu6Fit7G5s7GGp7G4n2FNl_DtkyCtk7Btk7AHl8zUm8ztp" /><g i="80" c="1367" p="#^8G$v%8G5uDEiw0CiwTAiwTzSvTypvoyKuWx3uJx6tBxtsBx3r%Bx1j%Oz1j%OzdqOzXrWzys7AptOAVttBpusCpusDpujEVtaFotxFwsVFErVFZp%VF1j%6I1j%6I$v^eEqh%tCqh%Fz$d%BC$d" /><g i="81" c="1368" p="#^5zvp5zVraAetbBuuUCuuBEuuCFetIGUrIGqpIG5nBFNlAEykUCykbBykaANl5z5n5zvp^gJhl%gJKi%DLKi%DLKkDLem9L2nyK5oZIZoZI7pZIjpZISt1GvvBEiwUCiw6AiwuyyuQwKsQwwpQwVlQyakvAKiUCKizFKigHtkyIPlSIVnIJon3KRmqKimqKhl^BBZz%BBtx%5Etx%5EZz" /><g i="82" c="1369" p="#^yx_A%ixVy0y7zyy7zhz7zJzTyaADysAbyFARx7BywbBnwkB$v%pw1j%Ly1j%sBxq_BYrpCxtNC1sjDBq%5G1j%hI1j%mDdwzCmy7C9zxBfAMALA0AgBZygBkygByx_A^uEqh%JCqh%Vz$d%RC$d" /><g i="83" c="1370" p="#^DJAl%DJ1j%_L1j%_L2l_LYmxLJnpKGp6IWp%6I$v%8G$v%8G5uDEiw0CiwTAiwTzSvUypvpyKuWx3uJx6tBxssBx3r%Bx1j%Oz1j%OzdqOzZrWzyslApusCputDpukEUtbFntyFwsVFErVFZp%VF1j%6I1j%6I_oFJJorKxnNK0nNKAl^nEqh%CCqh%Oz$d%KC$d" /><g i="84" c="1371" p="#^QwwpQwVlQyakvAKiVCKiAFKihHuk_Iem_Ikp_IQrdIgttHIu1GvvCEiwVCiwbAiwvyyuQwOsQwwp^5zvp5z$raAftfBuuVCuuyEuuDFetJG_rJGqpJG0nDFNlxEykVCykfBykaANl5z0n5zvp^WClf%xBqh%1zqh%GB$d%0E$d%LGqh%fEqh^0E7d%fC7d%rzI9%nCI9" /><g i="85" c="1372" p="#^6w$v%1DIm%Xw5e%Lz5e%0DGi1E5ksETk2FWjSFSi%sJ5e%1M5e%PFBm%wM$v%BJ$v%4FCpHE3plEvoLDqpuDNp%Yy$v" /><g i="86" c="1373" p="%^FxDgFx5eSz5eSzDg^Fx$vFx1jSz1jSz$v^wxZzwxtx0Atx0AZz" /><g i="87" c="1374" p="#^3xtg%3xWd%qzWd%qzXfqzzh1zhivygjoxNj%SwViwxEiRx3iaythcytg^RAtg%RAWd%cDWd%cDXfcDzhPChihCgjaBNj%EAViiBEiDB3iYBth_Btg" /><g i="88" c="1375" p="%^Qx$vQx5ecA5ecAUt0JUt0J$v" /><g i="89" c="1376" p="#^xGPr%OI6sfI5uOGcvlFiw5DiwfAiwAyyuWwNsWwDpWwlmByykhAKiZCKiAFKidHvkTIgmTIupTIGpSI4q%bz4qizcsoAltuBuu6DuujEuuaFRt1GctxGPr^jzgo%zGgopGDmJFPlFEyk$CykuByksAzlqzzmjzgo^VClf%xBqh%1zqh%FB$d%$D$d%LGqh%fEqh" /><g i="90" c="1377" p="#^QwwpQwVlQyakvAKiVCKiAFKihHuk_Iem_Ikp_IQrdIgttHIu1GvvCEiwVCiwbAiwvyyuQwOsQwwp^5zvp5z$raAftfBuuVCuuyEuuDFetJG_rJGqpJG0nDFNlxEykVCykfBykaANl5z0n5zvp^WClf%xBqh%1zqh%GB$d%0E$d%LGqh%fEqh^bCbcTC6c4D2cKDUbLDybLDgbpD3bUCOaMBOaoBOaCARa%uAH9YAB9eCC9LDC9IE5aLFBaNFqbQFFczDXc%zDyd%bCyd%bCbc" /><g i="91" c="1378" p="#^Wx$v%Wx5e%4E5eaG5egHleOIIeTJDfjLQg0MHiJMykJMXmJM_oeMzqML7s0LatgKcunJOuvInvfHHv$F$vnE$v^iAUt%5EUtTFUtTGztUHdtuIDskJNrOJmqhKXohKVmhK5kmJBirI4h6Hzg9Gcg2Ecg%iAcg" /><g i="92" c="1379" p="#^rAhm2zNloySkKxXjKxEiKxHg7zmfxA1eTC1edF1eEGof4ILg4IIi4IXjqHSkMGNlqFhm4HQmXH1oPIdpPITqPIatbHKuzFiwVCiwfAiwDyKu0x9t0xPq0x3pUxUnNyJmrAhm^$zzi$zQjOAEkCBslWCslcEsl$EFkPFRjPFHiPFuhZEGg8ERfVCRfEBRfPAFg$zsh$zzi^hzQqhzMrJzEs9Awt1B$tWBuuWCuuvEuuwFttyGssyGUqyGjpuFhorEfnSCfniBfnhAgohzhphzQq" /><g i="93" c="1380" p="#^6GpuTErvLDTvDCiwkBiwbziw2yfvVwcuVwAsVwDrkxRqMx2qtyApaz5p2ARoHAGo$BvoFEcoWFMnXFjnXFbnXFRljFhltEykPCykgBykwA5lNzDlrz0n%hxJmzxkleyukVyEjaAbjsBKi7DKiNEKiPF7jSGvjlH5kQHHk0IBl8I9m8IDn%8Izq8IDthIruqIfvRI$v%yG$vcGjv6Gpu^WFupJEZpjCjqZAvqpALqSz$qyztrfzXrfzwsfzotVz_tAAAuSBAu7DAu6E0u5FstzFusWFLrWFhq^OyshNybguzrfbAHegBHe1CHekDkf2EIfuEIfSEIf3FufhFgfnFEe%ZGEeWG1gfGKgBFqhzEqhODqhyCKgJBiglBigWAigGAAgpATgqAsh" /><g i="94" c="1381" p="#^yx_A%ixVy0y7zyy7zhz7zJzTyaADysAbyFARx7BywbBnwkB$v%pw1j%Ly1j%sBxq_BYrpCxtNC1sjDBq%5G1j%hI1j%mDdwzCmy7C9zxBfAMALA0AgBZygBkygByx_A^0Bqh%DC$d%wF$d%QCqh" /><g i="95" c="1382" p="#^bw$v%WAhp%yw1j%gz1j%hB3mRBWmbCvnKCKmaD6m%mF1j%$H1j%CDfp%kI$v%EF$v%YCZr%jC_q%Ry$v" /><g i="96" c="1383" p="#^6GpuTErvLDTvDCiwkBiwbziw2yfvVwcuVwAsVwDrkxRqMx2qtyApaz5p2ARoHAGo$BvoFEcoWFMnXFjnXFbnXFRljFhltEykPCykgBykwA5lNzDlrz0n%hxJmzxkleyukVyEjaAbjsBKi7DKiNEKiPF7jSGvjlH5kQHHk0IBl8I9m8IDn%8Izq8IDthIruqIfvRI$v%yG$vcGjv6Gpu^WFupJEZpjCjqZAvqpALqSz$qyztrfzXrfzwsfzotVz_tAAAuSBAu7DAu6E0u5FstzFusWFLrWFhq^gFfe%MGfeAGMfEFBgIEqh9DqhBBqhFACgJzNfyzfe%2BfecB4fIBvfdCVf4DVf4EVfAEvf5F5fgFfe^ABZz%ABtx%4Etx%4EZz" /><g i="97" c="1384" p="#^Fx$v%Fx1j%Sz1j%Sz$v^4yYfMyTfZyPfDzBfEz7fEzReizFeNyneFxnehxnevwqe%nwadRw4d7y5dEz5dBAAdEB5eGB$eJBxgszPg%szqh%4yqh%4yYf" /><g i="98" c="1385" p="#^QwwpQwVlQyakvAKiVCKiAFKihHuk_Iem_Ikp_IQrdIgttHIu1GvvCEiwVCiwbAiwvyyuQwOsQwwp^5zvp5z$raAftfBuuVCuuyEuuDFetJG_rJGqpJG0nDFNlxEykVCykfBykaANl5z0n5zvp^5Bqh%IC$d%BF$d%VCqh" /><g i="99" c="1386" p="#^xGPr%OI6sfI5uOGcvlFiw5DiwfAiwAyyuWwNsWwDpWwlmByykhAKiZCKiAFKidHvkTIgmTIupTIGpSI4q%bz4qizcsoAltuBuu6DuujEuuaFRt1GctxGPr^jzgo%zGgopGDmJFPlFEyk$CykuByksAzlqzzmjzgo^VClf%xBqh%1zqh%FB$d%$D$d%LGqh%fEqh^bCbcTC6c4D2cKDUbLDybLDgbpD3bUCOaMBOaoBOaCARa%uAH9YAB9eCC9LDC9IE5aLFBaNFqbQFFczDXc%zDyd%bCyd%bCbc" /><g i="100" c="1387" p="#^DJAl%DJ1j%_L1j%_L2l_LYmxLJnpKGp6IWp%6I$v%8G$v%8G5uDEiw0CiwTAiwTzSvUypvpyKuWx3uJx6tBxssBx3r%Bx1j%Oz1j%OzdqOzZrWzyslApusCputDpukEUtbFntyFwsVFErVFZp%VF1j%6I1j%6I_oFJJorKxnNK0nNKAl^TyqhSy9gAzpfgAFemBFe6CFeqDif8EGfzEGfYEGf9FsfnFefsFCe%2HCe0H$flGIgGFohFEohTDohDCIgPBggqBgg0BggLAyguARgvAqh" /><g i="101" c="1388" p="#^8G$v%8G5uDEiw0CiwTAiwTzSvTypvoyKuWx3uJx6tBxtsBx3r%Bx1j%Oz1j%OzdqOzXrWzys7AptOAVttBpusCpusDpujEVtaFotxFwsVFErVFZp%VF1j%6I1j%6I$v^dBZz%dBtx%JDtx%JDZz" /><g i="102" c="1389" p="#^DJAl%DJ1j%_L1j%_L2l_LYmxLJnpKGp6IWp%6I$v%8G$v%8G5uDEiw0CiwTAiwTzSvUypvpyKuWx3uJx6tBxssBx3r%Bx1j%Oz1j%OzdqOzZrWzyslApusCputDpukEUtbFntyFwsVFErVFZp%VF1j%6I1j%6I_oFJJorKxnNK0nNKAl^oBqh%$C$d%UF$d%cDqh" /><g i="103" c="1390" p="#^8xfq%nz2qxzor6AfsHA6tUBFt6DbuEEbu_Fbu0HNt3IntzIGs4JZr4J7r4JiqBIGp6I1p_GCogGkoODKnkB8nlACm3zXlryYkPxYjPxJiPxmhAybglz$ePAoeiCNd5ENd5GNdCHqe7J2fXJigMKyhQK7j%zIijnIBhjHKggGTfcETf2CTf3BFg5Arh5Azi5AwjNA8ktBMklEqleH4mjIzmSJhnCKoomLvpmLXqmLmsxKDtJJUubIBvFGiwLEiwkCiwHABv2zTu6ystbx1s8xfq" /><g i="104" c="1391" p="%^cJtloxtloxqjcJqj^cJVqoxVqoxSocJSo" /><g i="105" c="1392" p="#^6GpuTErvLDTvDCiwkBiwbziw2yfvVwcuVwAsVwDrkxRqMx2qtyApaz5p2ARoHAGo$BvoFEcoWFMnXFjnXFbnXFRljFhltEykPCykgBykwA5lNzDlrz0n%hxJmzxkleyukVyEjaAbjsBKi7DKiNEKiPF7jSGvjlH5kQHHk0IBl8I9m8IDn%8Izq8IDthIruqIfvRI$v%yG$vcGjv6Gpu^WFupJEZpjCjqZAvqpALqSz$qyztrfzXrfzwsfzotVz_tAAAuSBAu7DAu6E0u5FstzFusWFLrWFhq^UClf%vBqh%$yqh%EB$d%_D$d%JGqh%dEqh^hDI9%dGI9%pD7d%EB7d" /><g i="106" c="1393" p="#^xGPr%OI6sfI5uOGcvlFiw5DiwfAiwAyyuWwNsWwDpWwlmByykhAKiZCKiAFKidHvkTIgmTIupTIGpSI4q%bz4qizcsoAltuBuu6DuujEuuaFRt1GctxGPr^jzgo%zGgopGDmJFPlFEyk$CykuByksAzlqzzmjzgo^aBqh%NC$d%GF$d%_Cqh" /><g i="107" c="1394" p="#^xGPr%OI6sfI5uOGcvlFiw5DiwfAiwAyyuWwNsWwDpWwlmByykhAKiZCKiAFKidHvkTIgmTIupTIGpSI4q%bz4qizcsoAltuBuu6DuujEuuaFRt1GctxGPr^jzgo%zGgopGDmJFPlFEyk$CykuByksAzlqzzmjzgo^$y0h_yLfIz$eoAfeuBfeeCfeyDUegEgfHEgf4FgfhF2fvFQeAFce%aHce8HBftGigOF_gNE_g$D_gLCigXBSfyBSf8BSfTA8gCArgDA0h" /><g i="108" c="1395" p="#^sxoisxtgpy8fnzOdcBOdUCOd$D$e6Fbg6Fwi6FOk_D1mSCfneBfnCzfnxy2msxQksxoi^gBjfsAjfVz0gnzJgnzCinzkkWz1ltAKlgBKl5CKlEC1lbDjkbDribDIgDC0g4CjfgBjf^hBFw%4LOd%SMOd%5DFw^1JOr1JSp_JxoYKcnOMcntOcnAPpoHQBpHQWrHQcuzPrvsOFwOMFwbLFw6Krv1Jdu1JOr^SMJo1MJouLqpYK7qYK0sYKJtuLru1M8vRM8vGN8vdOruMOJtMORrMO6qdOqpGNJoSMJo" /><g i="109" c="1396" p="#^QwwpQwVlQyakvAKiVCKiAFKihHuk_Iem_Ikp_IQrdIgttHIu1GvvCEiwVCiwbAiwvyyuQwOsQwwp^5zvp5z$raAftfBuuVCuuyEuuDFetJG_rJGqpJG0nDFNlxEykVCykfBykaANl5z0n5zvp^GEqh%VCqh%5A$d%1D$d" /><g i="110" c="1397" p="#^8G$v%8G5uDEiw0CiwTAiwTzSvTypvoyKuWx3uJx6tBxtsBx3r%Bx1j%Oz1j%OzdqOzXrWzys7AptOAVttBpusCpusDpujEVtaFotxFwsVFErVFZp%VF1j%6I1j%6I$v^XyqhWy9gEzpfkAFeqBFeaCFeuDifcEGfDEGf0FGfdFsfrFefwFCe%6HCe4H$fpGIgKFohJEohXDohHCIgTBgguBgg4BggPAygyARgzAqh" /><g i="111" c="1398" p="%^dyxldy1jJA1jJAxl^dy$vdyvtJAvtJA$v#JAnxdAdy#Kz4zHyyz4yBy#Myiy5zIx#qz6xsz$v" /><g i="112" c="1399" p="#^QwwpQwVlQyakvAKiVCKiAFKihHuk_Iem_Ikp_IQrdIgttHIu1GvvCEiwVCiwbAiwvyyuQwOsQwwp^5zvp5z$raAftfBuuVCuuyEuuDFetJG_rJGqpJG0nDFNlxEykVCykfBykaANl5z0n5zvp^WClf%xBqh%1zqh%GB$d%0E$d%LGqh%fEqh^Qy6dPySbvz5bbAkaiBka2CkamD_a4EmbvEmbfFmbpFia%$GiaWG4dBE4dQD4dACocLBYbnBYbqAYbsA6d" /><g i="113" c="1400" p="#^DJAl%DJ1j%_L1j%_L2l_LYmxLJnpKGp6IWp%6I$v%8G$v%8G5uDEiw0CiwTAiwTzSvUypvpyKuWx3uJx6tBxssBx3r%Bx1j%Oz1j%OzdqOzZrWzyslApusCputDpukEUtbFntyFwsVFErVFZp%VF1j%6I1j%6I_oFJJorKxnNK0nNKAl^9CYfRCTf2DPfIDBfJD7fJDRenDFeSCneKBnemBneAAqe%sAadWA4dcC5dJD5dGEAdJF5eLF$eOFxgxDPg%xDqh%9Cqh%9CYf" /><g i="114" c="1401" p="%^7z$v7zngDLngDL$v^wzCveLCveLMgwzMg" /><g i="115" c="1402" p="#^8G$v%8G5uDEiw0CiwTAiwTzSvTypvoyKuWx3uJx6tBxtsBx3r%Bx1j%Oz1j%OzdqOzXrWzys7AptOAVttBpusCpusDpujEVtaFotxFwsVFErVFZp%VF1j%6I1j%6I$v^oBqh%$C$d%UF$d%cDqh" /><g i="116" c="1403" p="#^6GpuTErvLDTvDCiwkBiwbziw2yfvVwcuVwAsVwDrkxRqMx2qtyApaz5p2ARoHAGo$BvoFEcoWFMnXFjnXFbnXFRljFhltEykPCykgBykwA5lNzDlrz0n%hxJmzxkleyukVyEjaAbjsBKi7DKiNEKiPF7jSGvjlH5kQHHk0IBl8I9m8IDn%8Izq8IDthIruqIfvRI$v%yG$vcGjv6Gpu^WFupJEZpjCjqZAvqpALqSz$qyztrfzXrfzwsfzotVz_tAAAuSBAu7DAu6E0u5FstzFusWFLrWFhq^UClf%vBqh%$yqh%EB$d%_D$d%JGqh%dEqh^_D7d%dC7d%pzI9%lCI9" /><g i="117" c="1404" p="#^QwwpQwVlQyakvAKiVCKiAFKihHuk_Iem_Ikp_IQrdIgttHIu1GvvCEiwVCiwbAiwvyyuQwOsQwwp^5zvp5z$raAftfBuuVCuuyEuuDFetJG_rJGqpJG0nDFNlxEykVCykfBykaANl5z0n5zvp^kCYf0DTfdDPfTDBfUD7fUDReyDFe1DneVBnexBneLAqe%DAad5B4dnC5dUD5dREAdUF5eWF$eZFxgIDPg%IDqh%kCqh%kCYf" /><g i="118" c="1405" p="#^Zv$v%RC5e%pF5e%JM$v%1K$v%YHAq%rAAq%uy$v^7BFo%cHFo%kFHjuEqh3EZfIDIh5Dpj" /><g i="119" c="1406" p="#^NBBrMB8rMBWqMBEp7CIooC$n_ChnqDLmzELlIFKk2G8koGyjoGQioGyhnFAgnECfWCCfxBCfAAugEzmhmzfj%5xZioxsgUy7fpAOdUCOdwFOd4HefFIFgFIHiFISj5ISkyHRlYFfnTEcoyEFodE5p3EHpVDgqUDBr^oB$v%oBvt%UDvt%UD$v" /><g i="120" c="1407" p="#^ZC$v%ZCpo%4w5e%Yy5e%tCvjtD$kiEwm5F6lfGmj%JJ5e%uM5e%lFpo%lF$v" /><g i="121" c="1408" p="#^Zx$v%Zx5e%UF5ehI5ewJAeMK2fwLhggMvhgMZigMTk1LbmOJvndHSn9IioFIKoHJHpCK7r%IN$v%LK$v%nIgslHFqGGPp$FYotFCoXEgooE7o$D2o4D2o%lA2o%lA$v^lA$l%qF$l2H$lYHGlTIkllJBkQJRjQJZiQJIhVIUg_H4g$F4g%lA4g" /></glyphs></font><font id="50" name="ArialItalic Charset1 5e1WZhP8sAo"><glyphs><g i="0" c="880" p="#^gx$v%$A5e%_D5e%EFHpYF_r2G3uNGhsyIbp%PO5e%OR5e%2O$v%IL$v%zNhneOhkrPwgDOgiwNhk%SG$v%yE$v%UCvkGCWiACRggCejZBCk%Cz$v" /><g i="1" c="881" p="#^qzSqqzEsiADt7BBuxCBu2EBueFqtmGjsWGtqjHdpjH8ojHpmqGolAFrkbErk9CrkLAnmqzdoqzSq^VJxl%rK1j%XM1j%uMclNLCosJ5phJOqBIisIHbu0GgvpEiwwCiwdziwTxPtdxDsdx4rdxgnrzNkhBKihEKiEGKi3IckvJGlvJ8oQKFngLxl^kE$f2FWfeFSfWFEf2GafdGqecEqeRDqe3Dte%9DddGD7dXE8dqG8dnHEd8I2e8INe8IvfwH3gOGIgxFSg%qFth%2Eth%kE$f" /><g i="2" c="882" p="#" /><g i="3" c="883" p="#^MFhr%_Hwr8HXtCF7v4Eiw7Ciw0AiwIyWupxytpx5rpxZoeyWm4zSkEAOjdCKieEKijGKixHVjMI4lMI1n%BGanAGXlTFflaFyk1EykHCykJBolLAembAYnEzGpEzfrEzWsmAMt5BBuaCBueDBudENtcFYsMFhr" /><g i="4" c="886" p="#^qzSqqzEsiADt7BBuxCBu2EBueFqtmGjsWGtqjHdpjH8ojHpmqGolAFrkbErk9CrkLAnmqzdoqzSq^VJxl%rK1j%XM1j%uMclNLCosJ5phJOqBIisIHbu0GgvpEiwwCiwdziwTxPtdxDsdx4rdxgnrzNkhBKihEKiEGKi3IckvJGlvJ8oQKFngLxl" /><g i="5" c="887" p="#^Rw$v%AA5e%MC5e%lBZkyCMjBDfjEEKiLFKikHKicIBj5Jrk5JQl5JwmGIlo%$G$v%PE$v%xG7oVGqmVG_lVGlltGYk1GykdFyk2EykZCalVBOliBUmIA_ncAqq%1z$v" /><g i="6" c="888" p="#^dx4rdxgnrzNkhBKihEKiDGKi3IckvJFlvJ9ovJoqBIjsHHeu0GgvmEiwwCiw$AiwLzFvwy$uSxPtdxDsdx4r^qzSqqzHsiAEtaBBuxCBueDBuWDjuDE0udFrtQFRsfG5sGGkrWGtqjHfpjH8ojHnmqGplxFrkbErk9DrkiCXkrBqlLAnm3AknKzBoqzSpqzSq^TAth%5E6e%xG6e%2Ith%7Gth%8Fhf%8Dth^mAZz%UAtx%oDtx%RCZz" /><g i="7" c="889" p="%^$zBgxA5eJC5ecCBg^Ow$vvz1jIB1j_y$v" /><g i="8" c="895" p="#^dx4rdxgnrzNkhBKihEKiDGKi3IckvJFlvJ9ovJoqBIjsHHeu0GgvmEiwwCiw$AiwLzFvwy$uSxPtdxDsdx4r^qzSqqzHsiAEtaBBuxCBueDBuWDjuDE0udFrtQFRsfG5sGGkrWGtqjHfpjH8ojHnmqGplxFrkbErk9DrkiCXkrBqlLAnm3AknKzBoqzSpqzSq^mAZz%UAtx%oDtx%RCZz" /><g i="9" c="896" p="#^$Bcu%DB$vRAdw5AdwNydw$xzvpx4vpxeupxOtKxgs%jzKk%zxKk%Wx1j%Gz1j%kARf%SCke%TB1j%2E1j%GDKk%wBKk%0AUrKzgtKzxtKzWtYz8uaAluHAluqBlu$Bcu" /><g i="10" c="897" p="#^AFnuqEnvmDRviCiw4Biwhziwbyev5xau5xxs5xrrAxCq4yMpUygpJzLoVAxoEBooJDjoOFdoIGSnZGYmZGmmZGBlpG9lDFyk9EykMCykTBal_ANlBAWm%nyJm2zNkxAMj0CKigEKiGGKi4ITj9JKk9J5m9J8nRIvo%7IKrOHgtOHeuOHRu3I$v%QF$vEFmvAFnu^nGqpWFCpoFIpSEOpCDVpGB4qTAlq4ACqGzbrhzMrhzsshzotWz$tzABuLBBuRCBuSD0uUEqttFos2GlrnGqp^hBth%vE6e%XG6e%sIth%xGth%yFhf%yDth^lAZz%TAtx%nDtx%QCZz" /><g i="11" c="898" p="#^OvZA%yz1j%AB1j%cBQklCEjeDbj8EKi8FKi_GKicI4krJqlrJXnrJZpLIEr4Ijt5Hku7Glv7FQv7Eiw4DiwKAiwszWt%_xZA^9AIq9A9smAJsGAvtmB$t3Cuu_CuuUEuu3GlsfHbqfHYnfHimsGplFFwkuEwkEDwkWCZkcCplABimZAanzAto9ALp9AIq" /><g i="12" c="899" p="#^dx4rdxgnrzNkhBKihEKiDGKi3IckvJFlvJ9ovJoqBIjsHHeu0GgvmEiwwCiw$AiwLzFvwy$uSxPtdxDsdx4r^qzSqqzHsiAEtaBBuxCBueDBuWDjuDE0udFrtQFRsfG5sGGkrWGtqjHfpjH8ojHnmqGplxFrkbErk9DrkiCXkrBqlLAnm3AknKzBoqzSpqzSq" /><g i="13" c="907" p="#^Qw$v%xz1j%KB1j%iBalxCNjvDgjtEKiCFKiPGKiDHnjrI0kII9lHJXjNKljTLKi5NKiJOKixPvjlQgklQGllQgm3QEn%hO$v%5M$v%TNpn6Omm6OVl6OglINVkiNykzMykALykyK8lwJKlXIJmnIHnYHIp%DG$v%rE$v%gGensGlmsGYlsGkl2GXkFFyk1Fyk4Eyk2D8l0CKlmBPmJATnjASp%0z$v" /><g i="14" c="909" p="#^Qw$v%xz1j%yB1j%4BhloCYjxDljHEKiUFKiuHKioIBjiJskiJUliJCmYI9o%cH$v%0F$v%QGMn5Hzm5H$l5HllEGYkbGykkFykCDykfCMlVA_mhAYp%0z$v" /><g i="15" c="930" p="#^Iwax%WynxVy7y6zvyjzUyMz5zmAnzjBnzjDnzcEkyMEDxgFiv%uFfuMD$vPB$vSz$vxyyudx5tdxsqdxgofyrmizBkKAGjaCKiIDKifGKiDH8l%3I1j%5K1j%uHyv2HCxlGLyFFVzqEyAbDbBzBbB$zbBTyNALxnAbxBzEwQyEwQxEwwxIwax^tzfqtzArJzfs4AbtLAHtrBbugCbumDbuqEqtvFFs9G3rQGspQG0oQGpmXFtl3FwkLDwkYCwkbCYkrBnlNAgm7A8nOznotzCptzfq" /><g i="16" c="975" p="#^9Lxl%HL1j%bO1j%JNcleNzndMoo3LlpHIqp%dH$v%bF$v%IFEtmDiwVAiwqziwuysvyxBuyxktyxvsZxwq%xz1j%KB1j%$zjrNzmsNzWsNzuuzBuuwDuuXEOsAF2s_FZqhGgqEGDo%UH1j%5K1j%UIsoMKpoDLvneMTmwMxl" /><g i="17" c="1300" p="#^qzSqqzEsiADt7BBuxCBu2EBueFqtmGjsWGtqjHdpjH8ojHpmqGolAFrkbErk9CrkLAnmqzdoqzSq^VJxl%rK1j%XM1j%uMclNLCosJ5phJOqBIisIHbu0GgvpEiwwCiwdziwTxPtdxDsdx4rdxgnrzNkhBKihEKiEGKi3IckvJGlvJ8oQKFngLxl^oFth%0D6e%IF6e%7Hth" /><g i="18" c="1301" p="#^eGXo%FGVm%vOVm%_MbuvL6vCJIvJHiwTFiwZBiw2AXtqyXrqyQoqyBlRzYigBjgqD3fBFOdfIOd9KOdGLuebNaf_NkgOOuh9Plj%OMBjqMKhdLMg1KNfaINfdGNfxERgSCUhRB0kRA8mRARoRAyraCXsvDjuSFjucIjuUKMs%ILXo" /><g i="19" c="1302" p="#^AFnuqEnvmDRviCiw4Biwhziwbyev5xau5xxs5xrrAxCq4yMpUygpJzLoVAxoEBooJDjoOFdoIGSnZGYmZGmmZGBlpG9lDFyk9EykMCykTBal_ANlBAWm%nyJm2zNkxAMj0CKigEKiGGKi4ITj9JKk9J5m9J8nRIvo%7IKrOHgtOHeuOHRu3I$v%QF$vEFmvAFnu^nGqpWFCpoFIpSEOpCDVpGB4qTAlq4ACqGzbrhzMrhzsshzotWz$tzABuLBBuRCBuSD0uUEqttFos2GlrnGqp^0Dth%jF6e%5I6e%REth" /><g i="20" c="1303" p="#^Rw$v%yz1j%wB1j%YAGlZBakWCsjTDKiTEKiyFKivGdj%BFgl1FRklERkbDRkYB8mJAqn$zOq%Xy$v" /><g i="21" c="1304" p="%^Bx$viA1juC1jNz$v^4CthIz6eoC6ePDth" /><g i="22" c="1305" p="%^6x$vRA5eeD5eqBJmaL5eyO5ecGoliM$vDJ$vsEVmHAcquz$v" /><g i="23" c="1310" p="#^lGCr%vIQr1IqtmGSuIEiwoCiwYAiwLzDvyyYuWxHtixqsixOqixGogyGmfzGkPAIjnCKicEKiwGKiVHakiJCliJ5oiJ2p7J3q%Az3qxzrqxzKqxzzsmAxtcBuupCuuxDuuDELtKF$slGCr^Wzno%cHnodH1odHTndHcmnGklyFrkfErkQCrkFBqlvAomWzno^9Bth%nE6e%PG6e%kIth%pGth%qFhf%qDth^nE7d%GGM9%sJM9%cG7d" /><g i="24" c="1311" p="%^OB$v6F7g6z7gxz5eKN5ejN7guH7gaE$v" /><g i="25" c="1312" p="#^AFnuqEnvmDRviCiw4Biwhziwbyev5xau5xxs5xrrAxCq4yMpUygpJzLoVAxoEBooJDjoOFdoIGSnZGYmZGmmZGBlpG9lDFyk9EykMCykTBal_ANlBAWm%nyJm2zNkxAMj0CKigEKiGGKi4ITj9JKk9J5m9J8nRIvo%7IKrOHgtOHeuOHRu3I$v%QF$vEFmvAFnu^nGqpWFCpoFIpSEOpCDVpGB4qTAlq4ACqGzbrhzMrhzsshzotWz$tzABuLBBuRCBuSD0uUEqttFos2GlrnGqp^lFth%ZC6e%FF6e%4Hth" /><g i="26" c="1313" p="%^Bx$viA1juC1jNz$v^Izth$B6eNE6exBth" /><g i="27" c="1314" p="#^tx$vOxoupyjt0zes0Agr0BhqSD$nBFDmeGZl8H0lzH5kRHtjRHLiRHwhZGFg5GOfQEOfzDOfDCGgHBxhiBtj%8z8jszMg_ApfwC1eOE1ejG1eyHGeOIifqJsg2KBh2KPi2KBkMIem_HgnbEhqyCzrLBpsYAetyAZt%zIZt%7I$v" /><g i="28" c="1315" p="#^mx$v%Uxvt%oAvt%XzHvwzExEyyyNxtzBwCz%OwEyfyeyJy$v" /><g i="29" c="1316" p="%^9xDqDxqomEqoVDDq" /><g i="30" c="1317" p="#^4x$v%PA5e%jD5e%hGPkDHUnqI_pTIdrtJitPJ0rjKCo%vM5e%QO5e%6L$v%II$v%mEFlcDVirCwgcCyiGB5l%pz$v" /><g i="31" c="1318" p="#^bv$v%KDXm%Jy5e%kB5e%DD8iyELjHE0k$ECkmFqlgGdk9Iei%4M5e%eP5e%yGin%uL$v%TI$v%ZFLqzF_p_EMokEGpnDGq%ny$v" /><g i="32" c="1319" p="#^4x$v%PA5e%wG5e4I5eQIde3KqeVKXeMLsfeMmgIMfhIMliIMPjTLXk3L3moJFmRK7nzL4oiM1piMkqiMPrqLatyKwu6JgvHH$vXF$v^BBLl%pFLl8ILliJWktK4ktKuitKJh5KahJJDg5JngtI7gMG7g%MC7g^TzZt%6EZtNFZtnGRtyHFtgIbt$IJsqJYrSJarSJlqSJ4p2JroeINnWFNn%9BNn" /><g i="33" c="1320" p="%^4x$vPA5ebD5eTzZt6JZtHI$v" /><g i="34" c="1321" p="#^AFnuqEnvmDRviCiw4Biwhziwbyev5xau5xxs5xrrAxCq4yMpUygpJzLoVAxoEBooJDjoOFdoIGSnZGYmZGmmZGBlpG9lDFyk9EykMCykTBal_ANlBAWm%nyJm2zNkxAMj0CKigEKiGGKi4ITj9JKk9J5m9J8nRIvo%7IKrOHgtOHeuOHRu3I$v%QF$vEFmvAFnu^nGqpWFCpoFIpSEOpCDVpGB4qTAlq4ACqGzbrhzMrhzsshzotWz$tzABuLBBuRCBuSD0uUEqttFos2GlrnGqp" /><g i="35" c="1322" p="#^7I6h%9E6h%wEtf%uItf%MI5e%YK5e%FKtf%lMtf%_L6h%jK6h%dH$v%bF$v%AF6uGDiwBBiwMziwxyXujxztjxZqjxAohyDmgzGkJAIjaCKiFDKi3GKiiH3l^vzzqvzWrMzIs1AutGA0ukBxueCxuLDxuZEYsDGUqDGQnDGhmPFql$EykODykZCykjCVkFBfl0B5moAWmXzeovzypvzzq" /><g i="36" c="1323" p="#^AFnuqEnvmDRviCiw4Biwhziwbyev5xau5xxs5xrrAxCq4yMpUygpJzLoVAxoEBooJDjoOFdoIGSnZGYmZGmmZGBlpG9lDFyk9EykMCykTBal_ANlBAWm%nyJm2zNkxAMj0CKigEKiGGKi4ITj9JKk9J5m9J8nRIvo%7IKrOHgtOHeuOHRu3I$v%QF$vEFmvAFnu^nGqpWFCpoFIpSEOpCDVpGB4qTAlq4ACqGzbrhzMrhzsshzotWz$tzABuLBBuRCBuSD0uUEqttFos2GlrnGqp^gBthFBRffCifRCKeKDKe8EKewEQeVEWeRFmfOGOf9HOfrHOfFHBfTHnf1IPe%wJPeoJ3gHINg$Hvh5HvhCGvhSFahbErgODrgpDrg9DHgVCWgOCth" /><g i="37" c="1324" p="%^rx$vZxvttAvtWz$v" /></glyphs></font><font id="60" name="Wingdings Charset1 6iKhmxd6HRj"><glyphs><g i="0" c="256" p="%^6ybu6yKfzMKfzMbu" /><g i="1" c="257" p="#" /><g i="2" c="258" p="%^6yAq6yljlFljlFAq" /></glyphs></font><font id="70" name="Times New RomanBold Charset1 6ZqmYaJWqsA"><glyphs><g i="0" c="880" p="#^NLsf%NLXj%kLXjXKnisKIh_J0h9JDgHIpgyHpg%jGpg%jGatjGrusGLuBG3v$GjvpHyv6Iyv%GIyv%GI$v%$z$v%$zyv%xAyvfByvHBhv$B6vbCIukCpukCat%kCpg%7BpgrzpgHy6hDx5ilxXj%UwXj%Uwsf" /><g i="1" c="881" p="#^8Dju2B9woz9wpy9wMxwv7xSu7xVt7xBseyzrmzwq8DNo%8DDn8Dkm$C$lSCGltCql4CalABalOAalhAwlZzKlZz1mZzhmjAGmMAbnMAGnMAhojAIoTz7p9z7poy7pTxFomxbomxznmxHm2yUlLy5l_zGkeBfkACfkcEfk8FXk5GDlnGqmyGXmyGNo%yGctyG_tBGbuFGouNGvuVGBu4HBuoHBuJH8u%5IqutHkvPGLvaG9wkF9wmE9wODIvfDev8Dju^8Dqt%8DBpFBtqXAsrtA6stANstAltSAMtaB6uJB6ukC6u8Dqt^zy0f%eC0f%FDfj%CCfj" /><g i="2" c="882" p="#^Bz3fnA3fWACfuB9guBXguBJhWAhinAQiBzQiPyQigyhiJxJhJxXgJx9ggyCfPy3fBz3f^iBBk%iBDtiBRuABbvSBwvHCAv%HC$v%vw$v%vwAvfxyvDx7vTxRuTxDt%TxZmTxLlAxqlix5lvw2l%vwBk" /><g i="3" c="883" p="#" /><g i="4" c="886" p="#^tBsf%tBmq%8EKnYEXm9FBmmFemmFVlmFAl4FmlPE8l1E2l%1EBk%8JBk%8J2lqI4lSHoljHIlJFgn%tEuo%9HpsNIPu4J6vvJwv8KAv%8K$v%eE$v%eEAvDEAvOErv_Ehv_E6v_EQutE3u%cCKq%tBtr%tBwttBQuJB9vZBuvJCAv%JC$v%Pw$v%PwAvxxvvRx5v2yQu2ywt%2yXh2yDgPxjgAx$fPwVf%Pwsf" /><g i="5" c="887" p="#^wBsf%wB2msC3ldDFk$DfkREfkWFfkHGSksHtlIHimYH6nYH3p%YHwtYHQubI9vrIuvbJAv%bJ$v%oD$v%oDAv$DuviE4vxELuxEwt%xEqoxE$mpEEmiEhm1E5mNDUlsDUlZCUlvCdm2CymwBon%wBwtwBLuHB2vWBtvFCAv%FC$v%Sw$v%SwAvAxvvTx5v5yQu5ywt%5yXh5yDgRxjgBx$fSwVf%Swsf" /><g i="6" c="888" p="#^dCfkIDfkZE0lfGNlWGcnBHCoBHiqBHJsmGmuTElwfClwGzlwhyxuVwJsVwlqVwUnjy4mKzfkdCfk^gC6lEB6lbBAlLA2mCArnuAPouAhruABsEAJtNABudB2vFBvvdCvvMCvv7DbvCDMuMD1u0ESs0Elp0EgnNDvmyDJl5DmlNC6lgC6l" /><g i="7" c="889" p="#^8Dju2B9woz9wpy9wMxwv7xSu7xVt7xBseyzrmzwq8DNo%8DDn8Dkm$C$lSCGltCql4CalABalOAalhAwlZzKlZz1mZzhmjAGmMAbnMAGnMAhojAIoTz7p9z7poy7pTxFomxbomxznmxHm2yUlLy5l_zGkeBfkACfkcEfk8FXk5GDlnGqmyGXmyGNo%yGctyG_tBGbuFGouNGvuVGBu4HBuoHBuJH8u%5IqutHkvPGLvaG9wkF9wmE9wODIvfDev8Dju^8Dqt%8DBpFBtqXAsrtA6stANstAltSAMtaB6uJB6ukC6u8Dqt^9EFh8DfiWCuiJCJiGCfj%0Cfj7CbiSCshpDVgpDqgpDxfaCxfLBxfsBFfaBMfaBTfaBZfnBbgBBpgBBwgBBYgRAYgmAYg3AMgMzzgMzfgMzLfxAqfiB5fuC5f0E5fLEzfjFWfjFmgjFZg9EFh" /><g i="8" c="895" p="#^wBBk%wB4moC6lbDHk$DfkWEfk1GfkLGSkuHtlKHnmXH5nXH3p%XHwtXHQuaI9vpItvaJAv%aJ$v%nD$v%nDAv1EtvjE1vwEJuwEwt%wEqowE0npEFmiEhm1E5mMDUlsDUlpCUlwBpn%wBwtwBNuLB7v_BtvFCAv%FC$v%Sw$v%SwAvAxvvTx6v5yQu5ywt%5y4n5yMlRxslBx8lSw2l%SwBk" /><g i="9" c="896" p="#^vEEmgGWnXG1pDH8qDHzrDHzt6GYuBElw0Clwzzlwdy8vTwWtTwasTwRqExRpqyRoeA0ogywmIxzl9xCk9xlj9xHhzyrgZzafqCafNEaf3GhglHohlHYilH7kEG1lYFWlvEEm^AD1m1EqlfEGktEVjtE$itEphNDzggDWfnCWfzBWf_AwgqA5hqA_hqATi3BRjIBOkAD1m^9BAoMAWoCAcpmAEp9AtqZzhrZzasZzjtfA5uyATu5BdvEBzvdCzv6DzvJDVulEfulE6tlEKq9BAo" /><g i="10" c="897" p="#^lG$v%Cw$v%CwJv6Boq3Cyo0DIm0DYk0DGjdCQiqB_hgA_hoy_hlxSj%UwHjzxlhUyegeA6f$B6fgD6fiEHfkFggWFihwGjiwGcjwGQkCFvmnELodAOs%ODOs6FOsvFHsVFzs9GjsqG2sRGcr%hHcr" /><g i="11" c="898" p="#^8E6f%8EEs8E9ugEAupE$uQEhvfFyvbGyv%AGyv%AG$v%Tx$v%Txyv%jyyvmzyvPzivgA2vqADuBAcuBAEs%BA3kBAUitACimAji3A7iMzWhnzWhLyWhTxji%FxUh%KD6f" /><g i="12" c="899" p="#^5H4f%5HGfPF7g5F7hnE7inEbjnEqjrExjuECjyECjCECjKEwj7FfjKFfjqGfjZGPjwHnkwH9lwH_lUGCmgGenoFenmEenCDomTCylTC7kTCuiTDahUESf5H4f^cB4f%cBGfWz7gcz7huy7iuybjuyqjyyxjByCjFyCjJyCjRywjezfjRzfjxAfj4BPjDBnkDB9lDB_l$ACmnAenvzentyenJxom_wyl_w7k_wui_xah$ySfcB4f" /><g i="13" c="907" p="#^HM4f%HMPk%dMPkGLzicKnhLIagUGaglFag2E3hLCYh9CojoBeloBunoBIpXBxrvCmtHDiuUEevOGevmIevFJyuYKRtpMbs%pMCt$K3vuJJv_HnwZFnwkDnwgBjvdzfu5ygs_wgq_w1o_wFldyxjszphzBfgGD4f2G4fNH4fKJQfSKhg9LhgyLhgQL$f7MIfdM4f" /><g i="14" c="909" p="#^gBQu%gB4zgBYzoBgAxBBAQBKA7CUA_CUA%_ClB%twlB%twUAdxSABxsARxaARx0z%RxZmRxLlyxqlgx5ltw2l%twBk%gBBk%gB5mSBcluCPkmDfkqEfkGFfkIG2lKHQlgIenPIDoPIeqPIZrfIptIHQuEGBvBFlwiElwmDlwxCWvWBCvgBQu^gBBtjC5vvD5vaE5vBEoueFmteFuqeFxnxEsm3EKlhDKl2CKlgBwn" /><g i="15" c="930" p="%^iBBkiBDt#iBRuABbv#SBwvHCAvHC$vvw$vvwAv#fxyvDx7v#TxRuTxDtTxZm#TxLlAxql#ix5lvw2lvwBk^9D0f6zfj3yfjuz0f" /><g i="16" c="975" p="#^nBqg%nBBk%4EBk%4EOl%nBOl%nBQsnBPtsB6uyBouNBAu0CLucCLu$CLuIDyt%4EPt4D9wSA9wNz9w1zyvhyXu3ycuYxNtYxYr%YxOl%twOl%twml$xhk4z5j9AUhZAqg" /><g i="17" c="1300" p="#^THBk%THwtTHQu6I9vmIuv6JAv%6J$v%sE$v%sEtuDDrvPCUv$Blw_Alw0AlwgzLvwy9vgymu0yzt0yBr%0y4n0yMlMxslxx8lNw2l%NwBk%rBBk%rBosrBCtyBZtFBjuVBvu9CHuuCHuWCHuhDsuMD7usEat%sE4nsEMlcEslZD8ldD2l%dDBk" /><g i="18" c="1301" p="#^vGUp%fAUpmA9ssBtthCuutDuucEuuOE4uoFFt4GCs%vGTszFMurEzvkDlwRBlwjzlw0youZwPsZwuqZwDnvyXl2Afk6CfkRDfk6FGloG5nvGUp^vD4pvD6nhDnm3DElDCglmC2lXB2ljB2lVAFlcALmcAEo%cA4p^uDBe%ZFfj%0Ffj%7CLg%8zbj%8ybj%KABe^PFH9%TBOd%QAOd%8CH9" /><g i="19" c="1302" p="#^8Dju2B9woz9wpy9wMxwv7xSu7xVt7xBseyzrmzwq8DNo%8DDn8Dkm$C$lSCGltCql4CalABalOAalhAwlZzKlZz1mZzhmjAGmMAbnMAGnMAhojAIoTz7p9z7poy7pTxFomxbomxznmxHm2yUlLy5l_zGkeBfkACfkcEfk8FXk5GDlnGqmyGXmyGNo%yGctyG_tBGbuFGouNGvuVGBu4HBuoHBuJH8u%5IqutHkvPGLvaG9wkF9wmE9wODIvfDev8Dju^8Dqt%8DBpFBtqXAsrtA6stANstAltSAMtaB6uJB6ukC6u8Dqt^HDBe%aGfj%dFfj%jCLg%lzbj%lybj%XABe^1CfxUCfxuDQx4Eqy4Ehz4E7AtDJATCjB1CjBbBjBBAJA0A7A0Ahz0AryBARxbBfx1Cfx" /><g i="20" c="1303" p="#^XHsf%XHBsXHVt$H9u5IzumILuEIXukJ$u%kJpv%wElw%wExuEDAvYCZvhClwrBlwfzlw_xouZwNsZwuqZwEoBxbneyKlkz$krAfkIBfkwCfk8DzkNDTkwEGl%wEeiwEWgpEFgfEigYD8gGDZfTCZf%TCsf^wEbnCDsliCslSBslzBHl6B3mQA0nyAZnyAXpyA5sSA8taBauJBEu$BTuuCTuzDTuwEbt" /><g i="21" c="1304" p="#^8Dju2B9woz9wpy9wMxwv7xSu7xVt7xBseyzrmzwq8DNo%8DDn8Dkm$C$lSCGltCql4CalABalOAalhAwlZzKlZz1mZzhmjAGmMAbnMAGnMAhojAIoTz7p9z7poy7pTxFomxbomxznmxHm2yUlLy5l_zGkeBfkACfkcEfk8FXk5GDlnGqmyGXmyGNo%yGctyG_tBGbuFGouNGvuVGBu4HBuoHBuJH8u%5IqutHkvPGLvaG9wkF9wmE9wODIvfDev8Dju^8Dqt%8DBpFBtqXAsrtA6stANstAltSAMtaB6uJB6ukC6u8Dqt" /><g i="22" c="1305" p="#^9EJk%0IJk%0I3m%QF3mqGFmFG8nYGOnYGwoYGLpgGFqBFyrqE3sgDzsmCzshCzsUAvslAvsZzSsCzdtCzJtCz9uXzrugAJu1BJu%8DIuIFIuFGfv2I1w2IFx2IHypHxzMGoAKFNA9EoB6CoBzAoBiz4B1yNAuxfAXwJzXw8zXwAylx7yMxHxWyoxlxCwlxdvlxnu_xAtEyNs2AcspyCrGxEqXwFpXwnoXwImiyulGzfkPBfkYCfk9EJk^2C$klB$kSAJlnAqmnAGonAvqRAbrkBSr_BSrJCSrcDbrIDvqIDzoIDnm8DAlLC$k2C$k^kBHx4AHxGzUx_ygy_yVy_yxzIz1AqAyApCyA6EyA4F5A3GEz3GQy3GwyTFjyyFYxTEPxcEHxkBHx" /><g i="23" c="1310" p="#^vGUp%fAUpmA9ssBtthCuutDuucEuuOE4uoFFt4GCs%vGTszFMurEzvkDlwRBlwjzlw0youZwPsZwuqZwDnvyXl2Afk6CfkRDfk6FGloG5nvGUp^vD4pvD6nhDnm3DElDCglmC2lXB2ljB2lVAFlcALmcAEo%cA4p^uDBe%ZFfj%0Ffj%7CLg%8zbj%8ybj%KABe^ABfxrCfx1DQxDDqyDDhzDD7A0DJAqCjBABjBKAjB8AJAzz7Azzhzzzry8ARxKAfxABfx" /><g i="24" c="1311" p="#^rxen%rxDmHy9mpzal8Aak8A5j8ARi3ALi0AGiZzGiVzGiLzNinz3jNy3j4y3jyxvi0xWh0x8h0xjgDxIfey4f7z4f8A4fUAWfFBLgFB9iFBPjEA7lDzqmrxen^kDen%kDDmAE9miFal1Gak1G5j1GRiYFLiVFGiSFGiOFGiFFNigF3jGE3jZD3jrDviVCWhVC8hVCjgwDIf7E4f0F4f1G4fNGWfyHLgyH9iyHPjxG7lwFqmkDen" /><g i="25" c="1312" p="#^bAfk1BfkDBRkdCqldCfmdC6nDBIn1BiobAiolzioLyInay6nayfmayqlLyRklzfkbAfk^aAfs0BfsCBRsdCrtdChudC7vCBJv0BjwaAjwkzjwKyJv8y7v8yhu8yrtKyRskzfsaAfs" /><g i="26" c="1313" p="#^8Dju2B9woz9wpy9wMxwv7xSu7xVt7xBseyzrmzwq8DNo%8DDn8Dkm$C$lSCGltCql4CalABalOAalhAwlZzKlZz1mZzhmjAGmMAbnMAGnMAhojAIoTz7p9z7poy7pTxFomxbomxznmxHm2yUlLy5l_zGkeBfkACfkcEfk8FXk5GDlnGqmyGXmyGNo%yGctyG_tBGbuFGouNGvuVGBu4HBuoHBuJH8u%5IqutHkvPGLvaG9wkF9wmE9wODIvfDev8Dju^8Dqt%8DBpFBtqXAsrtA6stANstAltSAMtaB6uJB6ukC6u8Dqt^VF0f%SBfj%PAfj%eC0f" /><g i="27" c="1314" p="#^8G2t%xGktJFSuwECvjDlwYBlwGzlwjyDuYwUsYwuqYw8obynmHzfkkCfk5Efk8F8lbG1mbG7nbGPnMFeolFFoFEFoXDFotDao$CHnUCtmPCIlxColfC5lTB5liB5lTAIlfAEmfABofAcqLAGrgB8t9CStQCouLDoulEouTE6upFQt8G2t" /><g i="28" c="1315" p="#^$Blw%9yunsxUl3xtlNw9lew2l%ewBk%iCBk%iC2lJB2lwBfldBwldBTldBkmLBAn%EDSr%8F9oNFAmNFWlNFylvFjleF3lxE2l%xEBk%gIBk%gI2lKH6loHrl2HMlmGnn%zClw" /><g i="29" c="1316" p="#^8Dju2B9woz9wpy9wMxwv7xSu7xVt7xBseyzrmzwq8DNo%8DDn8Dkm$C$lSCGltCql4CalABalOAalhAwlZzKlZz1mZzhmjAGmMAbnMAGnMAhojAIoTz7p9z7poy7pTxFomxbomxznmxHm2yUlLy5l_zGkeBfkACfkcEfk8FXk5GDlnGqmyGXmyGNo%yGctyG_tBGbuFGouNGvuVGBu4HBuoHBuJH8u%5IqutHkvPGLvaG9wkF9wmE9wODIvfDev8Dju^8Dqt%8DBpFBtqXAsrtA6stANstAltSAMtaB6uJB6ukC6u8Dqt^vFSf%7GSf9G5g9Ggg9GChoFriDEfjyDfjMCfjyBGilA5iXz5izz5ikzli5zAi_ydj%hydjeyDh0zKgOzQfXAQfiBQfyBUfUB$fJCogZD_gwE_gNE_g0FMggFxgvFSf" /><g i="30" c="1317" p="#^jBsf%jBDtjBRuBBbvTBwvICAv%IC$v%ww$v%wwAvgxyvEx7vUxRuUxDt%UxQhUxDgBxigjxYfwwVf%wwsf" /><g i="31" c="1318" p="#^8Dju2B9woz9wpy9wMxwv7xSu7xVt7xBseyzrmzwq8DNo%8DDn8Dkm$C$lSCGltCql4CalABalOAalhAwlZzKlZz1mZzhmjAGmMAbnMAGnMAhojAIoTz7p9z7poy7pTxFomxbomxznmxHm2yUlLy5l_zGkeBfkACfkcEfk8FXk5GDlnGqmyGXmyGNo%yGctyG_tBGbuFGouNGvuVGBu4HBuoHBuJH8u%5IqutHkvPGLvaG9wkF9wmE9wODIvfDev8Dju^8Dqt%8DBpFBtqXAsrtA6stANstAltSAMtaB6uJB6ukC6u8Dqt^1CfxUCfxuDQx4Eqy4Ehz4E7AtDJATCjB1CjBbBjBBAJA0A7A0Ahz0AryBARxbBfx1Cfx" /><g i="32" c="1319" p="#^6zfsZzfszARs9Brt9Bhu9B7vyAJvYzjw6zjwgyjwGxJv5x7v5xhu5xrtGxRsgyfs6zfs" /><g i="33" c="1320" p="#^dCfkIDfkZE0lfGNlWGcnBHCoBHiqBHJsmGmuTElwfClwGzlwhyxuVwJsVwlqVwUnjy4mKzfkdCfk^gC6lEB6lbBAlLA2mCArnuAPouAhruABsEAJtNABudB2vFBvvdCvvMCvv7DbvCDMuMD1u0ESs0Elp0EgnNDvmyDJl5DmlNC6lgC6l^UF0f%RBfj%OAfj%dC0f" /><g i="34" c="1321" p="#^qGOl%dM4tsNCulO9v_OyvJPyv%JP$v%6H$v%6HyvWHtv9IhvpI5vpIQupIjuhHVs%vD8o%TCEo%TCatTCsu0DNuaD5vADkv$DyvVEyv%VE$v%zw$v%zwyv%6xyvQxyvgyhvAy6vLyIuUypuUyat%UyhiUy$gLyHgDyngcy8gOxVf6xVf%zwVf%zwsf%OEsf%OEVfYDVfwD8gcDjg0DJgTC0hTChi%TCqn%$ItiiKqhiKOgiKlgMJ3gvJXfrIVf%rIsf%UOsf%UOVf1OYfxNcg2NsggLUh" /><g i="35" c="1322" p="#^IzIn%Izhn5BTmDBxm9CamyCtlYCLkYC0kYC$icChitByhnAyhFyyhtxlj%0xbjUx8hgz7gEA6fjC6f2E6f9F9ghGchhGCihGwjLFnkeFdl7ESlyFzmiGAn3HBo3H8q3HJsbFyujDmw9Amw3ymw5xFvpwavpwpupwRtOwstcx3tKx3t7y3tuydtGyktSziu3Bgv5Cgv$CgvEDyuiEQtiEKsiE3r7DFpYBeoIzIn" /><g i="36" c="1323" p="%^DwLptE6fZF6fZFLpuHLpuHhsZFhsZF$vCC$vCChsDwhs^NxLpCCLpCCcj" /><g i="37" c="1324" p="#^OLbq%aL$v%tw$v%twyv%0xyvKxyvayhvty6vFyIuOypuOyat%OyhiOy$gFyHgwyng6y8gIxVf0xVf%twVf%twsf%iFsf%iFVf%zEVfRDVfpD9g5DkgVCKgNC1hNChi%NCQsNC5uWCsu3DOuvDYuOD4vZE4v%mG4vGH4vyICurJ8u4K8tJK8siLbq" /><g i="38" c="1325" p="#^vGUp%fAUpmA9ssBtthCuutDuucEuuOE4uoFFt4GCs%vGTszFMurEzvkDlwRBlwjzlw0youZwPsZwuqZwDnvyXl2Afk6CfkRDfk6FGloG5nvGUp^vD4pvD6nhDnm3DElDCglmC2lXB2ljB2lVAFlcALmcAEo%cA4p^8DBe%DFfj%GEfj%NBLg%Oybj%Oxbj%oABe" /><g i="39" c="1326" p="#^ABBk%AB4mwC3ljDFk6Efk3FfkaGfkVGMkFHgl3Ijm2JdlXJKkQKfkPLfk$MfkHNOkoOklGOamYO$mYOQo%YOwtYOQubP9vqPtvbQAv%bQ$v%hK$v%hKAvZKwviL1vxLIuxLwt%xLBoxL3npLFmhLem0L2mLKRlpKRlTJRllJemPICmgInn%gIwtgILutI3vLIwvyJAv%yJ$v%ED$v%EDAv6EyvnEkvFE6vLEPuREwuREwt%RECoRE3nJEGmBEhmiE3m0ERlHDRlcDRlOC5mdCtmABnn%ABwtABJuPB6v2CvvPCAv%PC$v%Ww$v%WwAvExvvXx6v9yQu9ywt%9y4n9yMlVxslGx8lWw2l%WwBk" /><g i="40" c="1327" p="#^iKHl$Jym3JXmrIcnXGcnCHCoCHiqCHJsnGmuTElwfClwNzlwiyxuVwRsVwlqVwOnjy3mPzfkdCfkSDfk3F2lpFilfG8mJGEmkHFmPHFm4IzmpIrmwIamAI2mxI_lfIQlJHglsHMkzHikHHPjcIxjJIfjhJpjXJDjfKgkzKVkiKHl^1Elp1EonODvmBDLl6DmlNC6lhC6lSA6lDAqnuAPouAhruABsEAJtWAvvdCvvtDvvND1u1ESs1Elp^yy0f%dC0f%EDfj%BCfj" /><g i="41" c="1328" p="#^2Ehk%eEao%PDao3DrmgCPltBalGAalaAalPzvltzQltzhmtzCmIzVm5ApnUBDoHDQpfEHqQExrQEAsQExtlEsuTDmv$CSv8Clw5BlwhAlwVyQvyyIvpyIv0yIvLxjw%lxjw%8xcs%zxcs6yPt3zDu0AqvTAqvsBqvQB3vcCHucCbucCBtQBattBLscATrkyAqNxVp_wVo_wHn_wnmUxjlOyfkwAfkrBfkiCIkDCUkRCUk3DUkbDOkkDIkDDhk" /><g i="42" c="1329" p="#^Bz3fnA3fWACfuB9guBXguBJhWAhinAQiBzQiPyQigyhiJxJhJxXgJx9ggyCfPy3fBz3f^iBBk%iBDtiBRuABbvSBwvHCAv%HC$v%vw$v%vwAvfxyvDx7vTxRuTxDt%TxZmTxLlAxqlix5lvw2l%vwBk^vzfxmAfxYAQxyBqyyBhzyB7AXAJAlAjBvzjBFyjB3yJAux7Auxhzuxry3yRxFyfxvzfx" /><g i="43" c="1330" p="#^BBBk%BBanJCplADQkrEfkeFfkVFfkjGGkJG4lJGRlJGGmjG7nWFAnmFAnIEAneE9nMDKmGDHmzDDmpDDm2DDmKCUmeCin_B3oBBfpBBHq%BBjt%CB$tCBHuHBUuQBdv6CnvpCxv5DAv%5D$v%Ww$v%WwAvFxwvWxavbyPubyjt%by0nby1m4yMlYxqlJxglvx5lWw2l%WwBk" /><g i="44" c="1331" p="#^mJpnvJknCJ5nFJZmCJUmzJNm7JwmXIomPIamxIGlEIdlNIJkiJskPJaknKkkwLGkwLVlwLemoLCm6Lqn9KOnfJ8oSH8o%SHwtSHNu5I9viIuv5JAv%5J$v%rE$v%rEtuTClwZAlw2AlwgzKvxyavgynu0yzt0yBr%0y4n0yPlMxslzx8lNw2l%NwBk%rBBk%rBosrB8uVBvu9CHuuCHumDHurEat%rE4nrEPlbEsl_D8lcD2l%cDBk%SHBk%SHHnRIDnmJpn" /><g i="45" c="1332" p="#^iKHl$Jym3JXmrIcnXGcnCHCoCHiqCHJsnGmuTElwfClwNzlwiyxuVwRsVwlqVwOnjy3mPzfkdCfkSDfk3F2lpFilfG8mJGEmkHFmPHFm4IzmpIrmwIamAI2mxI_lfIQlJHglsHMkzHikHHPjcIxjJIfjhJpjXJDjfKgkzKVkiKHl^1Elp1EonODvmBDLl6DmlNC6lhC6lSA6lDAqnuAPouAhruABsEAJtWAvvdCvvtDvvND1u1ESs1Elp" /><g i="46" c="1333" p="#^dCfkIDfkZE0lfGNlWGcnBHCoBHiqBHJsmGmuTElwfClwGzlwhyxuVwJsVwlqVwUnjy4mKzfkdCfk^gC6lEB6lbBAlLA2mCArnuAPouAhruABsEAJtNABudB2vFBvvdCvvMCvv7DbvCDMuMD1u0ESs0Elp0EgnNDvmyDJl5DmlNC6lgC6l^GDBe%9Gfj%cFfj%jCLg%kzbj%kybj%WABe^hEicgDUc2D7dRCmdOCUd%8CUdfCQc_C5cxDybxD3bxDaaiCaaTBaaABiaiBpaiBwaiBCavBQaJB2bJB9bJBBbZABbuABbbApbUzcbUzUaUzoaFA3aqBK9CCK98EK9TEcarFzarF$arFCbhEic" /><g i="47" c="1334" p="#^THBk%THwtTHQu6I9vmIuv6JAv%6J$v%sE$v%sEtuDDrvPCUv$Blw_Alw0AlwgzLvwy9vgymu0yzt0yBr%0y4n0yMlMxslxx8lNw2l%NwBk%rBBk%rBosrBCtyBZtFBjuVBvu9CHuuCHuWCHuhDsuMD7usEat%sE4nsEMlcEslZD8ldD2l%dDBk^GEFhFDfirDuieDJibDfj%xCfjECbinDshWDVgWDqgWDxfHCxfgCxfZBFfHBMfHBTfHBZfUBbg6Cpg6Cwg6CYgmBYgTAYgAAMghAzghAfghALf2BqfPB5f$C5fxE5fgFzfQFWfQFmgQFZgGEFh" /><g i="48" c="1335" p="#^THBk%THwtTHQu6I9vmIuv6JAv%6J$v%sE$v%sEtuDDrvPCUv$Blw_Alw0AlwgzLvwy9vgymu0yzt0yBr%0y4n0yMlMxslxx8lNw2l%NwBk%rBBk%rBosrBCtyBZtFBjuVBvu9CHuuCHuWCHuhDsuMD7usEat%sE4nsEMlcEslZD8ldD2l%dDBk^OCfxFDfxfEQxREqyREhzRE7AeEJAEDjBOCjBYBjBmBJANA7ANAhzNArymBRxYBfxOCfx" /><g i="49" c="1336" p="#^8Dju2B9woz9wpy9wMxwv7xSu7xVt7xBseyzrmzwq8DNo%8DDn8Dkm$C$lSCGltCql4CalABalOAalhAwlZzKlZz1mZzhmjAGmMAbnMAGnMAhojAIoTz7p9z7poy7pTxFomxbomxznmxHm2yUlLy5l_zGkeBfkACfkcEfk8FXk5GDlnGqmyGXmyGNo%yGctyG_tBGbuFGouNGvuVGBu4HBuoHBuJH8u%5IqutHkvPGLvaG9wkF9wmE9wODIvfDev8Dju^8Dqt%8DBpFBtqXAsrtA6stANstAltSAMtaB6uJB6ukC6u8Dqt^9Flf%YFlfSF3hME9iHDfjhCfjSAfjMz9iGy3hzylf%nzlfGz6gkAvg_AUgaCUgxDUgaEwgPE7g9Flf^1CfxUCfxuDQx4Eqy4Ehz4E7AtDJATCjB1CjBbBjBBAJA0A7A0Ahz0AryBARxbBfx1Cfx" /><g i="50" c="1337" p="#^iKHl$Jym3JXmrIcnXGcnCHCoCHiqCHJsnGmuTElwfClwNzlwiyxuVwRsVwlqVwOnjy3mPzfkdCfkSDfk3F2lpFilfG8mJGEmkHFmPHFm4IzmpIrmwIamAI2mxI_lfIQlJHglsHMkzHikHHPjcIxjJIfjhJpjXJDjfKgkzKVkiKHl^1Elp1EonODvmBDLl6DmlNC6lhC6lSA6lDAqnuAPouAhruABsEAJtWAvvdCvvtDvvND1u1ESs1Elp^bCfx2DfxEDQxeEqyeEhzeE7ADDJA1DjBbCjBlBjBLAJAaA7AaAhzaAryLARxlBfxbCfx" /><g i="51" c="1338" p="#^vEOuLDAv6DUvfClwkBlwazlwXxquYwUsYwMqYw$oIxsnsyUlMz4l4BfkxCfkwDfkgEAk1FVkBFAl%vHfk%WHfk%WH1zWH8A6IqAqITApJUA%pJlB%PClB%PCUAzDUAUDJAeEyAmEgAvE_zvE7z^vEGt%vE_ovE0nhEom3ELlvDhlcD3lLC3lQB3lkBTlxA7nxAyqxAatdBduHBYurCYuTCYuqDEu_DkuvEGt" /><g i="52" c="1339" p="#^XHCh%lJCh%lJEi%XHEi%XHBsXHVt$H9u5IzumILuEIXukJ$u%kJpv%wElw%wExuEDAvYCZvhClwrBlwfzlw_xouZwNsZwuqZwEoBxbneyKlkz$krAfkIBfkwCfk8DzkNDTkwEGl%wEEi%rAEi%rACh%vEChuETgpEHgfEigYD8gFDZfSCZf%SCsf%XHsf^wEanCDsliCslSBslzBHl6B3mQA0nyAZnyAXpyA5sSA8taBauJBEu$BTuuCTuzDTuwEbt" /><g i="53" c="1340" p="#^dCfkIDfkZE0lfGNlWGcnBHCoBHiqBHJsmGmuTElwfClwGzlwhyxuVwJsVwlqVwUnjy4mKzfkdCfk^gC6lEB6lbBAlLA2mCArnuAPouAhruABsEAJtNABudB2vFBvvdCvvMCvv7DbvCDMuMD1u0ESs0Elp0EgnNDvmyDJl5DmlNC6lgC6l^GDBe%9Gfj%cFfj%jCLg%kzbj%kybj%WABe^DyH9%iCH9%BDOd%yCOd" /><g i="54" c="1341" p="#^4Ctw%ny$nyx5m8xFlLwclcw2l%cwBk%hCBk%hC2lGB3lqBhlbBulbBMlbBemOBBn%MD5s%5FDoPFNmPF2mPFBlvFklcF3lrE2l%rEBk%gIBk%gI2lIH5llHtl_GRl9G$n%VCtwGBDz3BlAdAoBYyoBXxoBjxOAHwdAHwpzHwIy6xeyyxNxbyNxOyNxaz9yyzyyzznzzzQzGzZzMz6AYz6AeA6AzALz3BezJBpx" /></glyphs></font><font id="80" name="Symbol Charset1 6318M1IVFYA"><glyphs><g i="0" c="256" p="%^kyekSCLoqHekgI3lJDCpfI8uqH_uTCrqky_uux7u1CBpvx3l" /></glyphs></font><font id="90" name="ArialBoldItalic Charset1 6792Hw4tPCo"><glyphs><g i="0" c="880" p="#^_JAp%IN7qCM7trKKugIkwlFkw3CkwdAlunymsnyBonyylCz0jRAug1D8feFOdQHOdKKOdwMmfjOVgEOBj%6LXjPKmiZJGh8JZgLHZgeGZgVEVhBDQiOCOk0CMm0CKo0CUq1D4s3EftBFft0HftcIksoJor_JAp" /><g i="1" c="881" p="#^YBJm%xyqm6zHkzAJj1CKirEKiXGKi8IKjlJKklJbmlJNmeJrn7J5ovIVq$Hdt$H9u$H_uhI$v%TE$vGEhvDExuRDnvRCRvRBjwQAjwdzjwayfv7xbu7xxs7xGqgyzpqzrooCdoUE$nKFJnZF_mZFymZF_lwFCl3FelaEeleDelGCDl7C$lYBJm^hFXpYE0qrE5qOBpq_A0rqAsrqAcsqAPsSAftiBGt0CGtPCGtwDhtdEUszEisVEHraFoq^FFaf%vDlh%DAlh%fEGd%wHGd%0Jlh%BGlh" /><g i="2" c="882" p="#^Qz1j%kD1j%BBJqhB5shBrshB$sFBpt1CPtCCPt1DPtrDDtRDrtgE3tIEHs2FdsoFKrHFYqUFnq9Gcp%zH1j%2L1j%6I$v%RE$v%dFhueDjwVAjwrzjwByovLxtuLxWsLxfsbyfq" /><g i="3" c="883" p="#" /><g i="4" c="886" p="#^YyKl%CzCi6EDgBG$d%KI$d%YE$v%rB$v%1ECjXCjkvBVk4AulYyKl" /><g i="5" c="887" p="%^tA2jWD2jdDqmMzqm^tyDsXBDseB$vMx$v" /><g i="6" c="888" p="#^BCGj%az9jAzFg5BlfDC0eVE0epH0eQInfgKJggKPigKTjPJYknJ0mnIbnFH0o0GxpoE2rSDCrkDasRCOs%2JOs%oI$v%wx$vGxGuhyutUyisNzgrHAeq5DYnVEdmnFHleGKkyG2kTGljTGNiTGThkGkhOFMg_EMg9EMgxDohVC$hBCGj" /><g i="7" c="889" p="#^gxjr%DAWqQAlsmBVsVBstPCst0EstOEEsBFQrBFzqBFtpYEQojEboeDboZCboHCeo%iDjltDllEDll2FllNFDkwGVjwGGiwGPh0GjhwFPgJEPgZDPgmDnhMCWhqCgj%dzDiQzFgVABfzC0eZE0eqH0eIIof$JMg$JGi$J3kaJblmIjmWGRm3IrnBIoo8Jlp8Joq8JnsKH1uPFjwNCjwwAjw2z0vAxItgxjr" /><g i="8" c="895" p="%^JDlsGwlshxpp_G6e_J6eDHmpQJmpcJls$GlseG$vYC$v^lEmpvFOjNAmp" /><g i="9" c="896" p="#^BxTq%0BAq$APq$AXq$AbsyBPs6Crt_CrteErtfFfsgG2rgGYogGInHF4n6Frm9ErmuDrmRCLmcC3nCBJn%Kyun%sBle%rKle%NJyh%RDyh%0DikxD3k2EYjzERj3FRj6HRjqIdlLJBmLJWoLJMqQIAsVHnugGlvDEjwQCjwyAjw4zRuCxmtBxTq" /></glyphs></font><font id="a0" name="Times New Roman Charset1 6Zk7NcEa8jw"><glyphs><g i="0" c="880" p="#^xB7s%1B7s6BAqpBApIBzoECLmnDnlBDEkPDVjPD8jPDBh_CHg9CNfZANfWzNfjzhgIyMgIymhIyOh3ztirz7jrzsjrzUj9zckTyvktyvkYxvkxx$j7xuj7xAi7xbhiy8guz4fvB4f0E4fbFxg4GCh4GWi4GPjGFLkhFHlaEZmoCZo$BPpCBFqxB7s^mBEtWBEtjC1uJCquJC_uJCyvjCYvVBlwmBlwOAlwpAYv0Ayv0A_u0AqupA1uOAEtmBEt" /></glyphs></font></bwFonts>