<?xml version="1.0" encoding="utf-8"?><bwFrame xmlns:xsi="http://www.w3.org/2001/XMLSchema-instance" xmlns:xsd="http://www.w3.org/2001/XMLSchema" default_layout="pxnsnfns1111000111" textdirection="ltr" device="true" fontscale="100" kbshortcuts="false" skip_nav_enabled="true" outputtype="undefined"><layouts><layout name="npnxsnfns1111000111" font="Open Sans" controllayout="npnxsnfns1111000111" colorscheme="pxnsnfns1111000111" string_table="pxnsnfns1111000111" /><layout name="pxnsnfns1111000111" font="Open Sans" controllayout="pxnsnfns1111000111" colorscheme="pxnsnfns1111000111" string_table="pxnsnfns1111000111" /><layout name="npxnsnfns1111000111" font="Open Sans" controllayout="npxnsnfns1111000111" colorscheme="pxnsnfns1111000111" string_table="pxnsnfns1111000111" /><layout name="npnxnsnfns1111000111" font="Open Sans" controllayout="npnxnsnfns1111000111" colorscheme="pxnsnfns1111000111" string_table="pxnsnfns1111000111" /><layout name="pxnsnfns1111000110" font="Open Sans" controllayout="pxnsnfns1111000110" colorscheme="pxnsnfns1111000111" string_table="pxnsnfns1111000111" /></layouts><control_options><optiongroups><optiongroup name="sidebaroptions"><options><option name="title_enabled" value="true"><options><option name="title_text" value="BÀI 6 KẾ TOÁN KẾT QUẢ KINH DOANH VÀ PHÂN PHỐI LỢI NHUẬN SAU THUẾ TNDN" /></options></option><option name="logo_enabled" value="true"><options><option name="logo_url" value="story_content/logo.swf"><properties><property name="width" value="211" /><property name="height" value="175" /></properties></option><option name="html5_logo_url" value="mobile/6hPS8fsqjRT.jpg" /></options></option><option name="sidebar_enabled" value="true"><options><option name="sidebarpos" value="left" /></options></option><optionlist name="tabs"><listitems><listitem name="resources" value="false" group="linkright" /><listitem name="outline" value="true" group="sidebar" /><listitem name="glossary" value="false" group="sidebar" /><listitem name="transcript" value="false" group="sidebar" /></listitems></optionlist><option name="time_enabled" value="false"><options><option name="time_format" value="totalelapsed" /></options></option><option name="video_enabled" value="false"><options><option name="height" value="135" /></options></option></options></optiongroup><optiongroup name="menuoptions"><options><option name="flow" value="free" /><option name="wraplistitems" value="false" /><option name="tooltips" value="true" /><option name="autocollapse" value="true" /><option name="autonumber" value="false" /><option name="enableresultsicons" value="true" /></options></optiongroup><optiongroup name="controls"><options><option name="volume" value="true" /><option name="seekbar" value="true"><options><option name="readonly" value="false" /></options></option><option name="search" value="true" /><option name="pauseplay" value="true" /><option name="replay" value="true" /></options></optiongroup><optiongroup name="bottombaroptions"><options><option name="bottombar_enabled" value="true" /></options></optiongroup></optiongroups></control_options><control_layouts><control_layout name="npnxsnfns1111000111"><control name="volume" enabled="true" /><control name="seekbar" enabled="true" /><control name="replay" enabled="true" /><control name="pauseplay" enabled="true" /><control name="logo" enabled="true" /><control name="previous" enabled="false" /><control name="next" enabled="false" /><control name="submit" enabled="true" /><control name="finish" enabled="false" /><control name="submitall" enabled="false" /><control name="resources" enabled="false" /><control name="glossary" enabled="false" /><control name="transcript" enabled="false" /><control name="outline" enabled="true"><controls><control name="search" enabled="true" /></controls></control><control name="close_btn" enabled="true" /></control_layout><control_layout name="pxnsnfns1111000111"><control name="volume" enabled="true" /><control name="seekbar" enabled="true" /><control name="replay" enabled="true" /><control name="pauseplay" enabled="true" /><control name="logo" enabled="true" /><control name="previous" enabled="true" /><control name="next" enabled="true" /><control name="submit" enabled="false" /><control name="finish" enabled="false" /><control name="submitall" enabled="false" /><control name="resources" enabled="false" /><control name="glossary" enabled="false" /><control name="transcript" enabled="false" /><control name="outline" enabled="true"><controls><control name="search" enabled="true" /></controls></control><control name="close_btn" enabled="true" /></control_layout><control_layout name="npxnsnfns1111000111"><control name="volume" enabled="true" /><control name="seekbar" enabled="true" /><control name="replay" enabled="true" /><control name="pauseplay" enabled="true" /><control name="logo" enabled="true" /><control name="previous" enabled="false" /><control name="next" enabled="true" /><control name="submit" enabled="false" /><control name="finish" enabled="false" /><control name="submitall" enabled="false" /><control name="resources" enabled="false" /><control name="glossary" enabled="false" /><control name="transcript" enabled="false" /><control name="outline" enabled="true"><controls><control name="search" enabled="true" /></controls></control><control name="close_btn" enabled="true" /></control_layout><control_layout name="npnxnsnfns1111000111"><control name="volume" enabled="true" /><control name="seekbar" enabled="true" /><control name="replay" enabled="true" /><control name="pauseplay" enabled="true" /><control name="logo" enabled="true" /><control name="previous" enabled="false" /><control name="next" enabled="false" /><control name="submit" enabled="false" /><control name="finish" enabled="false" /><control name="submitall" enabled="false" /><control name="resources" enabled="false" /><control name="glossary" enabled="false" /><control name="transcript" enabled="false" /><control name="outline" enabled="true"><controls><control name="search" enabled="true" /></controls></control><control name="close_btn" enabled="true" /></control_layout><control_layout name="pxnsnfns1111000110"><control name="volume" enabled="true" /><control name="seekbar" enabled="true" /><control name="replay" enabled="true" /><control name="pauseplay" enabled="true" /><control name="logo" enabled="true" /><control name="previous" enabled="true" /><control name="next" enabled="true" /><control name="submit" enabled="false" /><control name="finish" enabled="false" /><control name="submitall" enabled="false" /><control name="resources" enabled="false" /><control name="glossary" enabled="false" /><control name="transcript" enabled="false" /><control name="outline" enabled="true"><controls><control name="search" enabled="true" /></controls></control><control name="close_btn" enabled="false" /></control_layout></control_layouts><colorschemes><colorscheme name="pxnsnfns1111000111"><color_group name="infopanel"><group_colors><color name="link_text"><fill type="linear" rotation="90"><colors><color rgb="0x7C2280" alpha="100" stop="0" /></colors></fill></color><color name="link_hover"><fill type="linear" rotation="90"><colors><color rgb="0x0000EE" alpha="100" stop="0" /></colors></fill></color><color name="shadow"><fill type="linear" rotation="90"><colors><color rgb="0x6DA1CE" alpha="100" stop="0" /></colors></fill></color><color name="bg"><fill type="linear" rotation="90"><colors><color rgb="0xFFFFFF" alpha="100" stop="0" /></colors></fill></color><color name="name_text"><fill type="linear" rotation="90"><colors><color rgb="0x444444" alpha="100" stop="0" /></colors></fill></color><color name="title_text"><fill type="linear" rotation="90"><colors><color rgb="0x999999" alpha="100" stop="0" /></colors></fill></color></group_colors></color_group><color_group name="infopanelpopup"><group_colors><color name="link_text"><fill type="linear" rotation="90"><colors><color rgb="0x000295" alpha="100" stop="0" /></colors></fill></color><color name="link_hover"><fill type="linear" rotation="90"><colors><color rgb="0xE2EEF8" alpha="100" stop="0" /></colors></fill></color><color name="bg"><fill type="linear" rotation="90"><colors><color rgb="0xD1E3F2" alpha="100" stop="0" /><color rgb="0x9BC3E3" alpha="100" stop="255" /></colors></fill></color><color name="shadow"><fill type="linear" rotation="90"><colors><color rgb="0xB8B8B8" alpha="100" stop="0" /></colors></fill></color><color name="name_text"><fill type="linear" rotation="90"><colors><color rgb="0x125EAC" alpha="100" stop="0" /></colors></fill></color><color name="bio_text"><fill type="linear" rotation="90"><colors><color rgb="0x5189D8" alpha="100" stop="0" /></colors></fill></color></group_colors></color_group><color_group name="timer"><group_colors><color name="duration"><fill type="linear" rotation="90"><colors><color rgb="0x00D7FF" alpha="100" stop="0" /><color rgb="0x00ABFF" alpha="100" stop="255" /></colors></fill></color><color name="elapsed"><fill type="linear" rotation="90"><colors><color rgb="0xFEE347" alpha="100" stop="0" /><color rgb="0xFCCC2A" alpha="100" stop="255" /></colors></fill></color><color name="stroke"><fill type="linear" rotation="90"><colors><color rgb="0xC7C7C7" alpha="100" stop="0" /></colors></fill></color><color name="inner"><fill type="linear" rotation="90"><colors><color rgb="0xFFFFFF" alpha="100" stop="0" /></colors></fill></color><color name="text"><fill type="linear" rotation="90"><colors><color rgb="0x0B5295" alpha="100" stop="0" /></colors></fill></color></group_colors></color_group><color_group name="window"><group_colors><color name="text"><fill type="linear" rotation="90"><colors><color rgb="0x0B5295" alpha="100" stop="0" /></colors></fill></color><color name="inner"><fill type="linear" rotation="90"><colors><color rgb="0xD1E3F2" alpha="100" stop="0" /><color rgb="0x9BC3E3" alpha="100" stop="255" /></colors></fill></color><color name="bg"><fill type="linear" rotation="90"><colors><color rgb="0xD6E6F3" alpha="100" stop="0" /></colors></fill></color><color name="diva"><fill type="linear" rotation="90"><colors><color rgb="0xFFFFFF" alpha="100" stop="0" /></colors></fill></color><color name="divb"><fill type="linear" rotation="90"><colors><color rgb="0x79A9D2" alpha="100" stop="0" /></colors></fill></color><color name="shadow"><fill type="linear" rotation="90"><colors><color rgb="0x000000" alpha="20" stop="0" /></colors></fill></color></group_colors></color_group><color_group name="editor"><group_colors><color name="slide_text"><fill type="linear" rotation="90"><colors><color rgb="0x0B5295" alpha="100" stop="0" /></colors></fill></color><color name="html_text"><fill type="linear" rotation="90"><colors><color rgb="0x0B5295" alpha="100" stop="0" /></colors></fill></color><color name="btn_text_shadow"><fill type="linear" rotation="90"><colors><color rgb="0xFFFFFF" alpha="100" stop="0" /></colors></fill></color><color name="btn_text"><fill type="linear" rotation="90"><colors><color rgb="0x336AA3" alpha="100" stop="0" /></colors></fill></color><color name="btn_border"><fill type="linear" rotation="90"><colors><color rgb="0x6DA1CE" alpha="100" stop="0" /></colors></fill></color><color name="btn_hover"><fill type="linear" rotation="90"><colors><color rgb="0xE2EEF8" alpha="100" stop="0" /><color rgb="0xABCCE7" alpha="100" stop="255" /></colors></fill></color><color name="btn_down"><fill type="linear" rotation="90"><colors><color rgb="0xB5D2EA" alpha="100" stop="0" /><color rgb="0xD8E8F5" alpha="100" stop="255" /></colors></fill></color><color name="btn_bg"><fill type="linear" rotation="90"><colors><color rgb="0xD8E8F5" alpha="100" stop="0" /><color rgb="0xB4D2EA" alpha="100" stop="255" /></colors></fill></color></group_colors></color_group><color_group name="listitem"><group_colors><color name="selected"><fill type="linear" rotation="90"><colors><color rgb="0x8DBEE5" alpha="100" stop="0" /></colors></fill></color><color name="selected_text"><fill type="linear" rotation="90"><colors><color rgb="0xFFFFFF" alpha="100" stop="0" /></colors></fill></color><color name="text"><fill type="linear" rotation="90"><colors><color rgb="0x0B5295" alpha="100" stop="0" /></colors></fill></color><color name="hover"><fill type="linear" rotation="90"><colors><color rgb="0xB0D2ED" alpha="100" stop="0" /></colors></fill></color><color name="viewed"><fill type="linear" rotation="90"><colors><color rgb="0x74A4DE" alpha="100" stop="0" /></colors></fill></color><color name="shadow"><fill type="linear" rotation="90"><colors><color rgb="0x6DA1CE" alpha="100" stop="0" /></colors></fill></color><color name="lines"><fill type="linear" rotation="90"><colors><color rgb="0x8CBCE5" alpha="100" stop="0" /></colors></fill></color></group_colors></color_group><color_group name="glossary"><group_colors><color name="selected_text"><fill type="linear" rotation="90"><colors><color rgb="0xFFFFFF" alpha="100" stop="0" /></colors></fill></color><color name="selected"><fill type="linear" rotation="90"><colors><color rgb="0x8DBEE5" alpha="100" stop="0" /></colors></fill></color><color name="text"><fill type="linear" rotation="90"><colors><color rgb="0x000295" alpha="100" stop="0" /></colors></fill></color><color name="hover"><fill type="linear" rotation="90"><colors><color rgb="0xB0D2ED" alpha="100" stop="0" /></colors></fill></color><color name="heading_text"><fill type="linear" rotation="90"><colors><color rgb="0x0B5295" alpha="100" stop="0" /></colors></fill></color><color name="diva"><fill type="linear" rotation="90"><colors><color rgb="0xACCFED" alpha="100" stop="0" /></colors></fill></color><color name="divb"><fill type="linear" rotation="90"><colors><color rgb="0xACCFED" alpha="100" stop="0" /></colors></fill></color><color name="divc"><fill type="linear" rotation="90"><colors><color rgb="0xE0EEF7" alpha="100" stop="0" /></colors></fill></color><color name="bg"><fill type="linear" rotation="90"><colors><color rgb="0xE0EDF6" alpha="100" stop="0" /></colors></fill></color></group_colors></color_group><color_group name="resource"><group_colors><color name="separator"><fill type="linear" rotation="90"><colors><color rgb="0x92C0E6" alpha="100" stop="0" /></colors></fill></color></group_colors></color_group><color_group name="outline"><group_colors><color name="search_hover"><fill type="linear" rotation="90"><colors><color rgb="0x125EAC" alpha="100" stop="0" /></colors></fill></color><color name="search_text"><fill type="linear" rotation="90"><colors><color rgb="0x5189D8" alpha="100" stop="0" /></colors></fill></color><color name="divc"><fill type="linear" rotation="90"><colors><color rgb="0xA0C8E9" alpha="100" stop="0" /></colors></fill></color><color name="divb"><fill type="linear" rotation="90"><colors><color rgb="0xD8E8F5" alpha="100" stop="0" /></colors></fill></color><color name="diva"><fill type="linear" rotation="90"><colors><color rgb="0xA0C8E9" alpha="100" stop="0" /></colors></fill></color></group_colors></color_group><color_group name="transcript"><group_colors><color name="heading_text"><fill type="linear" rotation="90"><colors><color rgb="0x0B5295" alpha="100" stop="0" /></colors></fill></color><color name="div"><fill type="linear" rotation="90"><colors><color rgb="0x92C0E6" alpha="100" stop="0" /></colors></fill></color></group_colors></color_group><color_group name="tabs"><group_colors><color name="shadow"><fill type="linear" rotation="90"><colors><color rgb="0xFCFDFE" alpha="100" stop="0" /></colors></fill></color><color name="hover"><fill type="linear" rotation="90"><colors><color rgb="0x0B5295" alpha="100" stop="0" /></colors></fill></color><color name="selected"><fill type="linear" rotation="90"><colors><color rgb="0x0B5295" alpha="100" stop="0" /></colors></fill></color><color name="text"><fill type="linear" rotation="90"><colors><color rgb="0x125EAC" alpha="100" stop="0" /></colors></fill></color><color name="bg"><fill type="linear" rotation="90"><colors><color rgb="0xCFE3F4" alpha="100" stop="0" /></colors></fill></color></group_colors></color_group><color_group name="seekcontrol"><group_colors><color name="btn_icon_hover"><fill type="linear" rotation="90"><colors><color rgb="0x336AA3" alpha="100" stop="0" /></colors></fill></color><color name="btn_icon_shadow"><fill type="linear" rotation="90"><colors><color rgb="0xFFFFFF" alpha="100" stop="0" /></colors></fill></color><color name="btn_icon_color"><fill type="linear" rotation="90"><colors><color rgb="0x336AA3" alpha="100" stop="0" /></colors></fill></color><color name="seek_position"><fill type="linear" rotation="90"><colors><color rgb="0xFFFFFF" alpha="100" stop="0" /></colors></fill></color><color name="seek_bg"><fill type="linear" rotation="90"><colors><color rgb="0x8ABAE1" alpha="100" stop="0" /></colors></fill></color><color name="seek_border"><fill type="linear" rotation="90"><colors><color rgb="0x7AA9D2" alpha="100" stop="0" /><color rgb="0xE7F1FA" alpha="100" stop="255" /></colors></fill></color><color name="border"><fill type="linear" rotation="90"><colors><color rgb="0x6DA1CE" alpha="100" stop="0" /></colors></fill></color><color name="bg"><fill type="linear" rotation="90"><colors><color rgb="0xD9E8F5" alpha="100" stop="0" /><color rgb="0xB4D3EA" alpha="100" stop="255" /></colors></fill></color></group_colors></color_group><color_group name="searchinput"><group_colors><color name="text_active"><fill type="linear" rotation="90"><colors><color rgb="0x2D2D2D" alpha="100" stop="0" /></colors></fill></color><color name="bg_active"><fill type="linear" rotation="90"><colors><color rgb="0xFFFFFF" alpha="100" stop="0" /></colors></fill></color><color name="search_text"><fill type="linear" rotation="90"><colors><color rgb="0x2D2D2D" alpha="100" stop="0" /></colors></fill></color><color name="hover_glow"><fill type="linear" rotation="90"><colors><color rgb="0xB1D1EA" alpha="0" stop="0" /></colors></fill></color><color name="button_hover"><fill type="linear" rotation="90"><colors><color rgb="0xD8E8F5" alpha="100" stop="0" /><color rgb="0xB4D2EA" alpha="100" stop="255" /></colors></fill></color><color name="icon"><fill type="linear" rotation="90"><colors><color rgb="0x336AA3" alpha="100" stop="0" /></colors></fill></color><color name="border"><fill type="linear" rotation="90"><colors><color rgb="0xC9DFF1" alpha="100" stop="0" /><color rgb="0x75A5D0" alpha="100" stop="255" /></colors></fill></color><color name="bg"><fill type="linear" rotation="90"><colors><color rgb="0xFFFFFF" alpha="100" stop="0" /></colors></fill></color></group_colors></color_group><color_group name="scrollarea"><group_colors><color name="detailb"><fill type="linear" rotation="90"><colors><color rgb="0xD1E3F2" alpha="100" stop="0" /></colors></fill></color><color name="detaila"><fill type="linear" rotation="90"><colors><color rgb="0x5A8BB9" alpha="100" stop="0" /></colors></fill></color><color name="shadow"><fill type="linear" rotation="90"><colors><color rgb="0x6CA1CE" alpha="100" stop="0" /></colors></fill></color><color name="icons"><fill type="linear" rotation="90"><colors><color rgb="0xFFFFFF" alpha="100" stop="0" /></colors></fill></color><color name="button_border"><fill type="linear" rotation="90"><colors><color rgb="0x6CA1CE" alpha="100" stop="0" /></colors></fill></color><color name="button_inner"><fill type="linear" rotation="90"><colors><color rgb="0xB2D1E9" alpha="100" stop="0" /><color rgb="0x9AC3E3" alpha="100" stop="255" /></colors></fill></color><color name="button_bg"><fill type="linear" rotation="90"><colors><color rgb="0xA8CAE7" alpha="100" stop="0" /><color rgb="0x91BEE0" alpha="100" stop="255" /></colors></fill></color><color name="border"><fill type="linear" rotation="90"><colors><color rgb="0xE1EEF8" alpha="100" stop="0" /><color rgb="0xE1EEF8" alpha="100" stop="255" /></colors></fill></color><color name="bg"><fill type="linear" rotation="0"><colors><color rgb="0xB1D0E9" alpha="100" stop="0" /><color rgb="0xB8D4EB" alpha="100" stop="128" /></colors></fill></color></group_colors></color_group><color_group name="menu"><group_colors><color name="shadow"><fill type="linear" rotation="90"><colors><color rgb="0x95C2E7" alpha="100" stop="0" /></colors></fill></color><color name="bg"><fill type="linear" rotation="90"><colors><color rgb="0xCFE3F4" alpha="100" stop="0" /></colors></fill></color></group_colors></color_group><color_group name="logo"><group_colors><color name="shadow"><fill type="linear" rotation="90"><colors><color rgb="0x6DA1CE" alpha="100" stop="0" /></colors></fill></color><color name="bg"><fill type="linear" rotation="90"><colors><color rgb="0xFFFFFF" alpha="100" stop="0" /></colors></fill></color></group_colors></color_group><color_group name="checkbox"><group_colors><color name="hover"><fill type="linear" rotation="90"><colors><color rgb="0xB1D1EA" alpha="100" stop="0" /></colors></fill></color><color name="text"><fill type="linear" rotation="90"><colors><color rgb="0xFFFFFF" alpha="100" stop="0" /></colors></fill></color><color name="check"><fill type="linear" rotation="90"><colors><color rgb="0x2BC400" alpha="100" stop="0" /></colors></fill></color><color name="bg"><fill type="linear" rotation="90"><colors><color rgb="0xFFFFFF" alpha="100" stop="0" /></colors></fill></color><color name="border"><fill type="linear" rotation="90"><colors><color rgb="0x6CA1CE" alpha="100" stop="0" /></colors></fill></color></group_colors></color_group><color_group name="button"><group_colors><color name="btn_icon_color"><fill type="linear" rotation="90"><colors><color rgb="0x336AA3" alpha="100" stop="0" /></colors></fill></color><color name="btn_text_shadow"><fill type="linear" rotation="90"><colors><color rgb="0xFFFFFF" alpha="100" stop="0" /></colors></fill></color><color name="btn_text"><fill type="linear" rotation="90"><colors><color rgb="0x336AA3" alpha="100" stop="0" /></colors></fill></color><color name="btn_border"><fill type="linear" rotation="90"><colors><color rgb="0x6DA1CE" alpha="100" stop="0" /></colors></fill></color><color name="btn_hover"><fill type="linear" rotation="90"><colors><color rgb="0xE2EEF8" alpha="100" stop="0" /><color rgb="0xABCCE7" alpha="100" stop="255" /></colors></fill></color><color name="btn_down"><fill type="linear" rotation="90"><colors><color rgb="0xB5D2EA" alpha="100" stop="0" /><color rgb="0xD8E8F5" alpha="100" stop="255" /></colors></fill></color><color name="btn_bg"><fill type="linear" rotation="90"><colors><color rgb="0xD8E8F5" alpha="100" stop="0" /><color rgb="0xB4D2EA" alpha="100" stop="255" /></colors></fill></color><color name="btn_glow"><fill type="linear" rotation="90"><colors><color rgb="0xA5C9E7" alpha="10" stop="0" /></colors></fill></color></group_colors></color_group><color_group name="base"><group_colors><color name="text"><fill type="linear" rotation="90"><colors><color rgb="0x0B5295" alpha="100" stop="0" /></colors></fill></color><color name="diva"><fill type="linear" rotation="90"><colors><color rgb="0x79A9D2" alpha="100" stop="0" /></colors></fill></color><color name="divb"><fill type="linear" rotation="90"><colors><color rgb="0xFFFFFF" alpha="100" stop="0" /></colors></fill></color><color name="menu_shade"><fill type="linear" rotation="90"><colors><color rgb="0xA7CCEB" alpha="100" stop="0" /><color rgb="0x8CBCE5" alpha="100" stop="255" /></colors></fill></color><color name="border"><fill type="linear" rotation="90"><colors><color rgb="0xD6E9F8" alpha="100" stop="0" /><color rgb="0xD6E9F8" alpha="100" stop="255" /></colors></fill></color><color name="bg"><fill type="linear" rotation="90"><colors><color rgb="0xD1E3F2" alpha="100" stop="0" /><color rgb="0x9BC3E3" alpha="100" stop="255" /></colors></fill></color><color name="slide_bg"><fill type="linear" rotation="90"><colors><color rgb="0xD1E3F2" alpha="100" stop="0" /><color rgb="0x9BC3E3" alpha="100" stop="255" /></colors></fill></color></group_colors></color_group><color_group name="volume"><group_colors><color name="thumb_border"><fill type="linear" rotation="90"><colors><color rgb="0x6CA1CE" alpha="100" stop="0" /></colors></fill></color><color name="thumb_inner"><fill type="linear" rotation="90"><colors><color rgb="0xB0D0E9" alpha="100" stop="0" /></colors></fill></color><color name="thumb_bg"><fill type="linear" rotation="90"><colors><color rgb="0xA3C8E6" alpha="100" stop="0" /></colors></fill></color><color name="slider_border"><fill type="linear" rotation="90"><colors><color rgb="0xDEEBF7" alpha="100" stop="0" /></colors></fill></color><color name="slider_bg"><fill type="linear" rotation="90"><colors><color rgb="0x9EC6E5" alpha="100" stop="0" /><color rgb="0xA8CAE7" alpha="100" stop="128" /><color rgb="0x9EC6E5" alpha="100" stop="255" /></colors></fill></color></group_colors></color_group></colorscheme></colorschemes><string_tables><string_table name="pxnsnfns1111000111"><string id="prev">TRƯỚC</string><string id="next">TIẾP THEO</string><string id="submit">GỬI</string><string id="outline">Trình đơn</string><string id="resources">Tài nguyên</string><string id="glossary">Chú giải thuật ngữ</string><string id="transcript">Ghi chú</string><string id="clear">Xóa và quay lại Trình đơn</string><string id="search_results">Kết quả Tìm kiếm</string><string id="filter">Bộ lọc</string><string id="slide_text_chk">Văn bản Bản chiếu</string><string id="transcript_chk">Ghi chú</string><string id="search_in">Tìm kiếm trong:</string><string id="check_include">Chọn để bao gồm</string><string id="search">Đang tìm kiếm…</string><string id="terms">Cụm từ</string><string id="definition">Định nghĩa</string><string id="acc_definition">định nghĩa</string><string id="acc_resources">tài nguyên</string><string id="acc_search_input">tìm kiếm</string><string id="acc_pause">tạm dừng</string><string id="acc_play">phát</string><string id="acc_replay">phát lại</string><string id="acc_submit">gửi</string><string id="acc_next">tiếp theo</string><string id="acc_previous">trước</string><string id="acc_volume">âm lượng</string><string id="acc_skipnavigation">Bỏ qua Điều hướng. Nhấn vào enter để quay lại trang trình chiếu.</string><string id="finish">HOÀN TẤT</string><string id="acc_finish">hoàn tất</string><string id="submitall">GỬI TẤT CẢ</string><string id="acc_submitall">gửi tất cả</string><string id="question_list">Danh sách Câu hỏi</string><string id="more_info">Thông tin thêm</string><string id="send_an_email">Gửi email</string><string id="close">Đóng</string><string id="bio">Sinh học</string><string id="exit">Thoát</string></string_table></string_tables><sounds enabled="false" /><nav_data><outline><links><slidelink slideid="_player.6U9a4r8CJx6" displaytext="BÀI 6 KẾ TOÁN KẾT QUẢ KINH DOANH VÀ PHÂN PHỐI LỢI NHUẬN SAU TNDN" expand="true" type="slide"><links><slidelink slideid="_player.6U9a4r8CJx6.6E31cD8e0b5" displaytext="Mục tiêu bài học" expand="true" type="slide" /><slidelink slideid="_player.6U9a4r8CJx6.5yzKM5njGwt" displaytext="Nội dung bài học" expand="true" type="slide" /><slidelink slideid="_player.6U9a4r8CJx6.6LBsdZRGkUB" displaytext="Kế toán kết quả kinh doanh" expand="true" type="slide"><links><slidelink slideid="_player.6U9a4r8CJx6.62NTrEaC6FT" displaytext="Xác định kết quả kinh doanh của doanh nghiệp" expand="true" type="slide"><links><slidelink slideid="_player.6U9a4r8CJx6.5ijDc13zBoJ" displaytext="Cách xác định kết quả kinh doanh" expand="true" type="slide" /></links></slidelink><slidelink slideid="_player.6U9a4r8CJx6.6f4TKs4O947" displaytext="Tài khoản và phương pháp kế toán" expand="true" type="slide"><links><slidelink slideid="_player.6U9a4r8CJx6.6LM5Qb65Z3a" displaytext="Trình tự kế toán xác định kết quả kinh doanh" expand="true" type="slide" /></links></slidelink></links></slidelink><slidelink slideid="_player.6U9a4r8CJx6.5ib9oy1ZOT5" displaytext="Kế toán chi phí thuế thu nhập DN" expand="true" type="slide"><links><slidelink slideid="_player.6U9a4r8CJx6.6fqvSQNC7Eb" displaytext="Kế toán chi phí thuế TNDN hiện hành" expand="true" type="slide"><links><slidelink slideid="_player.6U9a4r8CJx6.5jyikvWGjGv" displaytext="Tài khoản sử dụng" expand="true" type="slide" /><slidelink slideid="_player.6U9a4r8CJx6.6Pbulj3MiOD" displaytext="Phương pháp kế toán chi phí thuế TNDN hiện hành" expand="true" type="slide" /></links></slidelink><slidelink slideid="_player.6U9a4r8CJx6.5kmvseeq5V5" displaytext="Kế toán chi phí thuế TNDN hoãn lại" expand="true" type="slide"><links><slidelink slideid="_player.6U9a4r8CJx6.631BWnrc7yu" displaytext="Kế toán thuế thu nhập hoãn lại phải trả" expand="true" type="slide"><links><slidelink slideid="_player.6U9a4r8CJx6.6ZKd717x7LW" displaytext="Cơ sở tính thuế của một tài sản" expand="true" type="slide" /><slidelink slideid="_player.6U9a4r8CJx6.6fwHfhPXqJk" displaytext="Cơ sở tính thuế của một nợ phải trả" expand="true" type="slide" /><slidelink slideid="_player.6U9a4r8CJx6.5zBiJhmCcc5" displaytext="Chênh lệch tạm thời chịu thuế" expand="true" type="slide" /><slidelink slideid="_player.6U9a4r8CJx6.6eIM4nmMadW" displaytext="Ví dụ về thuế TNDN hoãn lại phải trả" expand="true" type="slide" /><slidelink slideid="_player.6U9a4r8CJx6.6oqnTW9zdS7" displaytext="Quy định khi ghi nhận thuế thu nhập hoãn lại phải trả" expand="true" type="slide" /><slidelink slideid="_player.6U9a4r8CJx6.665r63gjuwg" displaytext="Tài khoản sử dụng" expand="true" type="slide" /><slidelink slideid="_player.6U9a4r8CJx6.6QE0zevaIhi" displaytext="Sơ đồ kế toán thuế TNDN hoãn lại phải trả" expand="true" type="slide" /></links></slidelink><slidelink slideid="_player.6U9a4r8CJx6.6drjhBETyze" displaytext="Kế toán tài sản thuế thu nhập hoãn lại" expand="true" type="slide"><links><slidelink slideid="_player.6U9a4r8CJx6.5qRoUh8sUNt" displaytext="Chênh lệch tạm thời được khấu trừ thuế" expand="true" type="slide" /><slidelink slideid="_player.6U9a4r8CJx6.6aF4SeLL5Y8" displaytext="Ví dụ" expand="true" type="slide" /><slidelink slideid="_player.6U9a4r8CJx6.5qw1lY6TrmH" displaytext="Quy định khi ghi nhận tài sản thuế thu nhập hoãn lại" expand="true" type="slide" /><slidelink slideid="_player.6U9a4r8CJx6.6HTKgsy1rGk" displaytext="Tài khoản sử dụng" expand="true" type="slide" /></links></slidelink></links></slidelink></links></slidelink><slidelink slideid="_player.6U9a4r8CJx6.6PhC5QpO7Oi" displaytext="Kế toán lợi nhuận và phân phối lợi nhuận sau thuế" expand="true" type="slide"><links><slidelink slideid="_player.6U9a4r8CJx6.6WFyiilAcbd" displaytext="1. Kế toán lợi nhuận sau thuế TNDN" expand="true" type="slide" /><slidelink slideid="_player.6U9a4r8CJx6.5x7ebVQhLD1" displaytext="2. Kế toán phân phối lợi nhuận sau thuế TNDN" expand="true" type="slide"><links><slidelink slideid="_player.6U9a4r8CJx6.6lXHwEoSyqA" displaytext="Tài khoản sử dụng" expand="true" type="slide" /><slidelink slideid="_player.6U9a4r8CJx6.5lfE1sgbBe1" displaytext="Trình tự kế toán phân phối lợi nhuận sau thuế TNDN" expand="true" type="slide" /></links></slidelink></links></slidelink><slidelink slideid="_player.6U9a4r8CJx6.6XOP6L9xna6" displaytext="TÓM LƯỢC" expand="true" type="slide" /><slidelink slideid="_player.6U9a4r8CJx6.6HYHAcoufUy" displaytext="HƯỚNG DẪN LÀM BÀI TẬP TRẮC NGHIỆM" expand="true" type="slide" /><slidelink slideid="_player.6U9a4r8CJx6.5qOnBrr6g3o" displaytext="KẾT THÚC BÀI GIẢNG" expand="true" type="slide" /></links></slidelink></links></outline><search><slidetext slideid="6U9a4r8CJx6.5lL9lZRGsnF" slidebank="false" type="slide">bài 6 kế toán kết quả kinh doanh  và phân phối lợi nhuận sau thuế tndn giảng viên: ts. trần thị thu phong 1 </slidetext><slidetext slideid="6U9a4r8CJx6.6E31cD8e0b5" slidebank="false" type="slide">mục tiêu bài học 2 </slidetext><slidetext slideid="6U9a4r8CJx6.6PxTrDAliEa" slidebank="false" type="slide">3 yêu cầu và điều kiện tiên quyết </slidetext><slidetext slideid="6U9a4r8CJx6.5mUTnugbuAK" slidebank="false" type="slide">tài liệu bắt buộc: chương 6, 9- giáo trình kế toán tài chính 2, viện đại học mở hà nội (2011) - nxb lao động xã hội. 4 tài liệu học tập </slidetext><slidetext slideid="6U9a4r8CJx6.6Qo1B2WcWmL" slidebank="false" type="slide">tài liệu tham khảo:  điều 74, 95, 96- thông tư 200/2014 ban hành ngày 22 tháng 12 năm 2014 của bộ trưởng bộ tài chính, hướng dẫn chế độ kế toán doanh nghiệp chuẩn mực kế toán việt nam số 17 “thuế thu nhập doanh nghiệp giáo trình kế toán tài chính của các trường đại học kinh tế quốc dân, học viện tài chính  http://www.tapchiketoan.com/ http://www.kiemtoannn.gov.vn/ http://webketoan.com/ 1http://www.mof.gov.vn 5 tài liệu học tập </slidetext><slidetext slideid="6U9a4r8CJx6.5yzKM5njGwt" slidebank="false" type="slide">6 nội dung bài học </slidetext><slidetext slideid="6U9a4r8CJx6.6LBsdZRGkUB" slidebank="false" type="slide">7 kế toán kết quả kinh doanh </slidetext><slidetext slideid="6U9a4r8CJx6.62NTrEaC6FT" slidebank="false" type="slide">xác định kết quả kinh doanh của doanh nghiệp kết quả kinh doanh là kết quả cuối cùng doanh nghiệp thu được trong kỳ từ các của hoạt động kinh doanh, bao gồm: 8 </slidetext><slidetext slideid="6U9a4r8CJx6.5ijDc13zBoJ" slidebank="false" type="slide">cách xác định kết quả kinh doanh 9 </slidetext><slidetext slideid="6U9a4r8CJx6.6f4TKs4O947" slidebank="false" type="slide">tài khoản và phương pháp kế toán tk 911 “xác định kết quả kinh doanh” 10 </slidetext><slidetext slideid="6U9a4r8CJx6.6LM5Qb65Z3a" slidebank="false" type="slide">trình tự kế toán xác định kết quả kinh doanh 11 </slidetext><slidetext slideid="6U9a4r8CJx6.5ib9oy1ZOT5" slidebank="false" type="slide">12 kế toán chi phí thuế thu nhập dn </slidetext><slidetext slideid="6U9a4r8CJx6.6fqvSQNC7Eb" slidebank="false" type="slide">kế toán chi phí thuế tndn hiện hành 13 là số thuế doanh nghiệp phải nộp trên tổng số thu nhập tính thuế tndn của năm hiện hành theo quy định của pháp luật về thuế tndn </slidetext><slidetext slideid="6U9a4r8CJx6.5jyikvWGjGv" slidebank="false" type="slide">tài khoản sử dụng tk 3334 “thuế thu nhập doanh nghiệp” và tk 8211 “chi phí thuế thu nhập doanh nghiệp hiện hành”. tài khoản 821 “chi phí thuế thu nhập doanh nghiệp”: phản ánh chi phí thuế doanh nghiệp hiện hành và chi phí thuế thu nhập doanh nghiệp hoãn lại. có 2 tk chi tiết là:  tk 8211: chi phí thuế tndn hiện hành tk 8212: chi phí thuế tndn hoãn lại 14 </slidetext><slidetext slideid="6U9a4r8CJx6.6Pbulj3MiOD" slidebank="false" type="slide">phương pháp kế toán chi phí thuế tndn hiện hành (1): hàng quý, tiến hành xác định số thuế tndn tạm nộp (2): tạm nộp thuế cho ngân sách nn (3a), (4a): xác định số thuế tndn phải nộp bổ sung hoặc điều chỉnh tăng thuế tndn phải nộp của các sai sót không trọng yếu năm trước (3b), (4b): điều chỉnh giảm số thuế tndn phải nộp trong  năm hoặc điều chỉnh giảm thuế tndn phải nộp của các sai sót không trọng yếu năm trước (5): cuối kỳ, kết chuyển chi phí thuế tndn hiện hành 15 </slidetext><slidetext slideid="6U9a4r8CJx6.5kmvseeq5V5" slidebank="false" type="slide">kế toán chi phí thuế tndn hoãn lại chênh lệch tạm thời là chênh lệch giữa giá trị ghi sổ của các khoản mục tài sản hay nợ phải trả trong bảng cân đối kế toán với cơ sở tính thuế thu nhập doanh nghiệp của các khoản mục này thuế thu nhập hoãn lại phải trả  tài sản thuế thu nhập hoãn lại  16 </slidetext><slidetext slideid="6U9a4r8CJx6.631BWnrc7yu" slidebank="false" type="slide">kế toán thuế thu nhập hoãn lại phải trả 17 </slidetext><slidetext slideid="6U9a4r8CJx6.6ZKd717x7LW" slidebank="false" type="slide">cơ sở tính thuế của một tài sản ví dụ giá trị ghi sổ của khoản phải thu kh 300tr, doanh thu tương ứng là 300tr, cơ sở tính thuế là 300tr 18 tscđ có ng= 300tr, hm= 100tr, gtcl= 200tr, khấu hao theo quy định, cơ sở tính thuế ts là 200tr các yếu tố để nhận biết cơ sở tính thuế của một tài sản trên bảng cân đối kế toán </slidetext><slidetext slideid="6U9a4r8CJx6.6fwHfhPXqJk" slidebank="false" type="slide">cơ sở tính thuế của một nợ phải trả ví dụ 19 giá trị ghi sổ của một khoản vay là 200tr, việc thanh toán khoản vay không liên quan đến thuế tndn, cơ sở tính thuế của khoản vay là 200tr giá trị ghi sổ của chi phí phải trả về trích trước tiền lương nghỉ phép là 200tr, khi thanh toán chi phí được khấu trừ cho mục đích tính thuế là 200tr, cơ sở tính thuế của khoản nợ này là 0 </slidetext><slidetext slideid="6U9a4r8CJx6.5zBiJhmCcc5" slidebank="false" type="slide">chênh lệch tạm thời chịu thuế là chênh lệch tạm thời làm phát sinh thu nhập chịu thuế trong tương lai khi mà giá trị ghi sổ của các khoản mục tài sản hoặc nợ phải trả liên quan được thu hồi hay được thanh toán.  20 thuế thu nhập hoãn lại phải trả tổng chênh lệch tạm thời chịu thuế phát sinh trong năm thuế suất thuế thu nhập doanh nghiệp hiện hành = x </slidetext><slidetext slideid="6U9a4r8CJx6.6eIM4nmMadW" slidebank="false" type="slide">ví dụ về thuế tndn hoãn lại phải trả một tscđ có nguyên giá là 160 (triệu đồng), giá trị còn lại là 100 (triệu đồng). khấu hao lũy kế do cơ quan thuế xác định là 90 (triệu đồng). thuế suất thuế thu nhập là 22%.  ta có:  cơ sở tính thuế thu nhập của tài sản = 160 – 90 = 70 (triệu đồng). chênh lệch tạm thời chịu thuế = 100 – 70 = 30 (triệu đồng). doanh nghiệp sẽ nộp thuế thu nhập doanh nghiệp là 30  22% = 6,6 (triệu đồng) khi doanh nghiệp thu hồi giá trị ghi sổ của tài sản này.  do đó, doanh nghiệp sẽ ghi nhận một khoản thuế thu nhập hoãn lại phải trả là 6,6 (triệu đồng), thể hiện số thuế thu nhập doanh nghiệp mà doanh nghiệp sẽ phải nộp khi doanh nghiệp thu hồi giá trị ghi sổ của tài sản.  21 </slidetext><slidetext slideid="6U9a4r8CJx6.6oqnTW9zdS7" slidebank="false" type="slide">quy định khi ghi nhận thuế thu nhập hoãn lại phải trả 22 </slidetext><slidetext slideid="6U9a4r8CJx6.665r63gjuwg" slidebank="false" type="slide">tài khoản sử dụng tk 8212 “chi phí thuế tndn hoãn lại” tk 347 “thuế thu nhập hoãn lại phải trả” 23 </slidetext><slidetext slideid="6U9a4r8CJx6.6QE0zevaIhi" slidebank="false" type="slide">sơ đồ kế toán thuế tndn hoãn lại phải trả 24 </slidetext><slidetext slideid="6U9a4r8CJx6.6drjhBETyze" slidebank="false" type="slide">kế toán tài sản thuế thu nhập hoãn lại chênh lệch tạm thời được khấu trừ; giá trị được khấu trừ chuyển sang các năm sau của các khoản lỗ tính thuế chưa sử dụng;  giá trị được khấu trừ chuyển sang các năm sau của các khoản ưu đãi thuế chưa sử dụng. 25 tài sản thuế tndn hoãn lại là số thuế thu nhập doanh nghiệp sẽ được hoàn lại trong tương lai </slidetext><slidetext slideid="6U9a4r8CJx6.5qRoUh8sUNt" slidebank="false" type="slide">chênh lệch tạm thời được khấu trừ thuế là các khoản chênh lệch tạm thời làm phát sinh các khoản được khấu trừ khi xác định thu nhập chịu thuế thu nhập doanh nghiệp trong tương lai khi mà giá trị ghi sổ của các khoản mục tài sản hoặc nợ phải trả liên quan được thu hồi hay được thanh toán. 26 </slidetext><slidetext slideid="6U9a4r8CJx6.6aF4SeLL5Y8" slidebank="false" type="slide">ví dụ một doanh nghiệp ghi nhận một khoản nợ phải trả là chi phí phải trả về bảo hành sản phẩm có giá trị 20 (triệu đồng). để phục vụ cho mục đích tính thuế, chi phí bảo hành này chỉ được khấu trừ khi doanh nghiệp phát sinh chi phí bảo hành thực sự. thuế suất thuế thu nhập doanh nghiệp là 22%.  ta có:  cơ sở tính thuế của khoản nợ phải trả = 0 (giá trị ghi sổ - giá trị được khấu trừ cho mục đích tính thuế trong tương lai). chênh lệch tạm thời được khấu trừ = 20 – 0 = 20 (triệu đồng). như vậy, khi thanh toán khoản nợ phải trả theo giá trị ghi sổ doanh nghiệp sẽ được giảm lợi nhuận tính thuế trong tương lai và thuế thu nhập doanh nghiệp sẽ được giảm là: 20  22% = 4,4 (triệu đồng).  vì vậy, doanh nghiệp ghi nhận tài sản thuế thu nhập hoãn lại là 4,4 triệu đồng.  27 </slidetext><slidetext slideid="6U9a4r8CJx6.5qw1lY6TrmH" slidebank="false" type="slide">quy định khi ghi nhận tài sản thuế thu nhập hoãn lại 28 tài sản thuế tn hoãn lại chỉ được ghi nhận nếu doanh nghiệp dự tính chắc chắn có được lợi nhuận tính thuế tndn trong tương lai để sử dụng các khoản chênh lệch tạm thời được khấu trừ, các khoản lỗ tính thuế và ưu đãi thuế chưa sử dụng.    việc ghi nhận tài sản thuế tn hoãn lại trong năm được thực hiện theo nguyên tắc bù trừ giữa số phát sinh trong năm nay với số đã ghi nhận từ các năm trước nhưng năm nay được hoàn nhập lại, cụ thể: kế toán phải hoàn nhập tài sản thuế thu nhập hoãn lại khi các khoản chênh lệch tạm thời được khấu trừ không còn ảnh hưởng tới lợi nhuận tính thuế. kết thúc năm tài chính, kế toán cần đánh giá lại các tài sản thuế tn hoãn lại chưa được ghi nhận từ các năm trước khi dự tính chắc chắn có được lợi nhuận tính thuế thu nhập trong tương lai để ghi nhận bổ sung vào năm hiện tại.  nếu số phát sinh trong năm lớn hơn số được hoàn nhập trong năm thì số chênh lệch sẽ được ghi nhận tăng tài sản thuế thu nhập hoãn lại  nếu số phát sinh trong năm nhỏ hơn số được hoàn nhập trong năm thì số chênh lệch được ghi giảm tài sản thuế thu nhập hoãn lại  </slidetext><slidetext slideid="6U9a4r8CJx6.6HTKgsy1rGk" slidebank="false" type="slide">tài khoản sử dụng sơ đồ kế toán tài sản thuế tndn hoãn lại 29 </slidetext><slidetext slideid="6U9a4r8CJx6.6PhC5QpO7Oi" slidebank="false" type="slide">30 kế toán lợi nhuận và phân phối lợi nhuận sau thuế </slidetext><slidetext slideid="6U9a4r8CJx6.6WFyiilAcbd" slidebank="false" type="slide">kế toán lợi nhuận sau thuế tndn 31 </slidetext><slidetext slideid="6U9a4r8CJx6.5x7ebVQhLD1" slidebank="false" type="slide">kế toán phân phối lợi nhuận sau thuế tndn 32 </slidetext><slidetext slideid="6U9a4r8CJx6.6lXHwEoSyqA" slidebank="false" type="slide">tài khoản sử dụng tài khoản 421 “lợi nhuận chưa phân phối” tài khoản này có 2 tài khoản chi tiết: 	tk 4211: lợi nhuận chưa phân phối năm trước 	tk 4212: lợi nhuận chưa phân phối năm nay 33 </slidetext><slidetext slideid="6U9a4r8CJx6.5lfE1sgbBe1" slidebank="false" type="slide">trình tự kế toán phân phối lợi nhuận sau thuế tndn 34 </slidetext><slidetext slideid="6U9a4r8CJx6.6XOP6L9xna6" slidebank="false" type="slide">tóm lược 35 </slidetext><slidetext slideid="6U9a4r8CJx6.6HYHAcoufUy" slidebank="false" type="slide">hướng dẫn làm bài tập trắc nghiệm bộ câu hỏi trắc nghiệm cuối bài gồm 5 câu, mỗi câu có nhiều phương lựa án chọn, hãy kích chuột vào phương án mà bạn cho là đúng. chọn gửi sẽ hiển thị kết quả của câu.  chọn làm lại nếu không đạt yêu cầu chọn xem lại câu hỏi sau khi đã làm xong.  để đạt được yêu cầu của bài học, anh/ chị cần phải trả lời đúng 3/5 câu.     						                  chúc anh/ chị làm bài tốt! </slidetext><slidetext slideid="6U9a4r8CJx6.5tss7GyySc9" slidebank="false" type="slide">câu 1: kết quả kinh doanh của toàn doanh nghiệp là? kết quả của cả 3 hoạt động kết quả của cả 3 hoạt động kết quả của cả 3 hoạt động kết quả của cả 3 hoạt động kết quả của cả 3 hoạt động kết quả của cả 3 hoạt động kết quả hoạt động khác kết quả hoạt động khác kết quả hoạt động khác kết quả hoạt động khác kết quả hoạt động khác kết quả hoạt động khác     kết quả hoạt động tài chính     kết quả hoạt động tài chính     kết quả hoạt động tài chính     kết quả hoạt động tài chính     kết quả hoạt động tài chính     kết quả hoạt động tài chính      kết quả hoạt động sản xuất kinh doanh      kết quả hoạt động sản xuất kinh doanh      kết quả hoạt động sản xuất kinh doanh      kết quả hoạt động sản xuất kinh doanh      kết quả hoạt động sản xuất kinh doanh      kết quả hoạt động sản xuất kinh doanh  đúng đáp án đúng!  bạn đã chọn đáp án đúng. tiếp tục tiếp tục tiếp tục tiếp tục tiếp tục tiếp tục  sai bạn đã không chọn đáp án đúng. tiếp tục tiếp tục tiếp tục tiếp tục tiếp tục tiếp tục </slidetext><slidetext slideid="6U9a4r8CJx6.6lQaGthcfzM" slidebank="false" type="slide">câu 2: tại một doanh nghiệp sản xuất có dành một khoản vốn để đầu tư chứng khoán, hoạt động này được phân loại là? không thuộc hoạt động nào không thuộc hoạt động nào không thuộc hoạt động nào không thuộc hoạt động nào không thuộc hoạt động nào không thuộc hoạt động nào hoạt động khác hoạt động khác hoạt động khác hoạt động khác hoạt động khác hoạt động khác hoạt động đầu tư tài chính hoạt động đầu tư tài chính hoạt động đầu tư tài chính hoạt động đầu tư tài chính hoạt động đầu tư tài chính hoạt động đầu tư tài chính họạt động sản xuất, kinh doanh họạt động sản xuất, kinh doanh họạt động sản xuất, kinh doanh họạt động sản xuất, kinh doanh họạt động sản xuất, kinh doanh họạt động sản xuất, kinh doanh  đúng đáp án đúng!  bạn đã chọn đáp án đúng. tiếp tục tiếp tục tiếp tục tiếp tục tiếp tục tiếp tục  sai bạn đã không chọn đáp án đúng. tiếp tục tiếp tục tiếp tục tiếp tục tiếp tục tiếp tục </slidetext><slidetext slideid="6U9a4r8CJx6.5vjNcypTC0X" slidebank="false" type="slide">câu 3: khi tính kết quả kinh doanh của doanh nghiêp, một khoản thu hồi từ nợ khó đòi đã xử lý được tính? tăng thu nhập khác tăng thu nhập khác tăng thu nhập khác tăng thu nhập khác tăng thu nhập khác tăng thu nhập khác giảm chi phí quản lý doanh nghiệp giảm chi phí quản lý doanh nghiệp giảm chi phí quản lý doanh nghiệp giảm chi phí quản lý doanh nghiệp giảm chi phí quản lý doanh nghiệp giảm chi phí quản lý doanh nghiệp tăng doanh thu hoạt động tài chính tăng doanh thu hoạt động tài chính tăng doanh thu hoạt động tài chính tăng doanh thu hoạt động tài chính tăng doanh thu hoạt động tài chính tăng doanh thu hoạt động tài chính tăng doanh thu bán hàng tăng doanh thu bán hàng tăng doanh thu bán hàng tăng doanh thu bán hàng tăng doanh thu bán hàng tăng doanh thu bán hàng  đúng đáp án đúng!  bạn đã chọn đáp án đúng. tiếp tục tiếp tục tiếp tục tiếp tục tiếp tục tiếp tục  sai bạn đã không chọn đáp án đúng. tiếp tục tiếp tục tiếp tục tiếp tục tiếp tục tiếp tục </slidetext><slidetext slideid="6U9a4r8CJx6.5rl8PzzXi8n" slidebank="false" type="slide">câu 4: khi tính kết quả kinh doanh của doanh nghiêp, các khoản chi phí tổ chức đại hội cổ đông được tính vào? chi phí bán hàng chi phí bán hàng chi phí bán hàng chi phí bán hàng chi phí bán hàng chi phí bán hàng chi phí tài chính  chi phí tài chính  chi phí tài chính  chi phí tài chính  chi phí tài chính  chi phí tài chính  chi phí khác chi phí khác chi phí khác chi phí khác chi phí khác chi phí khác chi phí quản lý doanh nghiệp chi phí quản lý doanh nghiệp chi phí quản lý doanh nghiệp chi phí quản lý doanh nghiệp chi phí quản lý doanh nghiệp chi phí quản lý doanh nghiệp  đúng đáp án đúng!  bạn đã chọn đáp án đúng. tiếp tục tiếp tục tiếp tục tiếp tục tiếp tục tiếp tục  sai bạn đã không chọn đáp án đúng. tiếp tục tiếp tục tiếp tục tiếp tục tiếp tục tiếp tục </slidetext><slidetext slideid="6U9a4r8CJx6.6ZM3CVRKtxI" slidebank="false" type="slide">câu 5: thuế thu nhập hoãn lại phải trả được ghi nhận như một loại? chi phí chi phí chi phí chi phí chi phí chi phí doanh thu doanh thu doanh thu doanh thu doanh thu doanh thu nguồn vốn nguồn vốn nguồn vốn nguồn vốn nguồn vốn nguồn vốn tài sản tài sản tài sản tài sản tài sản tài sản  đúng đáp án đúng!  bạn đã chọn đáp án đúng. tiếp tục tiếp tục tiếp tục tiếp tục tiếp tục tiếp tục  sai bạn đã không chọn đáp án đúng. tiếp tục tiếp tục tiếp tục tiếp tục tiếp tục tiếp tục </slidetext><slidetext slideid="6U9a4r8CJx6.5rJKONRNVlg" slidebank="false" type="slide">%results.scorepercent%% (%results.scorepoints%đ) kết quả: %results.passpercent%% (%results.passpoints%đ) yêu cầu: xem lại câu hỏi xem lại câu hỏi xem lại câu hỏi xem lại câu hỏi xem lại câu hỏi làm lại làm lại làm lại làm lại làm lại kết quả bài luyện tập  chúc mừng anh/chị đã vượt qua bài kiểm tra này. kết quả: kết quả bài luyện tập  rất tiếc anh/chị chưa vượt qua bài kiểm tra này. kết quả: kết quả: yêu cầu: kết quả bài luyện tập </slidetext><slidetext slideid="6U9a4r8CJx6.5qOnBrr6g3o" slidebank="false" type="slide">kết thúc bài giảng chúc anh chị học tốt! </slidetext></search></nav_data><resource_data description="" /><transcript_data><slidetranscripts><slidetranscript slideid="6U9a4r8CJx6.5lL9lZRGsnF" slidebank="false" type="slide" noteswf="" /><slidetranscript slideid="6U9a4r8CJx6.6f4TKs4O947" slidebank="false" type="slide" noteswf="story_content/notes/Note6U9a4r8CJx6.6f4TKs4O947.swf">&lt;html&gt;&lt;p align='left'&gt;&lt;textformat leading='0' tabstops='[0, 48, 96, 144]' blockindent='0' indent='0'&gt;&lt;font face='Calibri' size='16.5pt' color='#000000'&gt;Đây là slide 10 trng bài: Slide cũ nhầm chỗ bên nợ TK 911:kết chuyển lãi trươc thuế (đúng là kết chuyển lãi sau thuế)- Thu âm cũng bị nhầm là lãi trước thuế, nên nhờ kỹ thuật cắt đi từ trước thuế (ở phut 4”50)&lt;/font&gt;&lt;/textformat&gt;&lt;/p&gt;&lt;/html&gt;</slidetranscript><slidetranscript slideid="6U9a4r8CJx6.6Pbulj3MiOD" slidebank="false" type="slide" noteswf="story_content/notes/Note6U9a4r8CJx6.6Pbulj3MiOD.swf">&lt;html&gt;&lt;p align='left'&gt;&lt;textformat leading='0' tabstops='[0, 48, 96, 144]' blockindent='0' indent='0'&gt;&lt;font face='Calibri' size='16.5pt' color='#000000'&gt;Đây là slide 15: Bản cũ TK122 –sửa lại đúng là TK112&lt;/font&gt;&lt;/textformat&gt;&lt;/p&gt;&lt;/html&gt;</slidetranscript><slidetranscript slideid="6U9a4r8CJx6.665r63gjuwg" slidebank="false" type="slide" noteswf="story_content/notes/Note6U9a4r8CJx6.665r63gjuwg.swf">&lt;html&gt;&lt;p align='left'&gt;&lt;textformat leading='0' tabstops='[0, 48, 96, 144]' blockindent='0' indent='0'&gt;&lt;font face='Calibri' size='16.5pt' color='#000000'&gt;Đây là slide 23: Phần thu âm bị nhầm từ nhỏ hơn thành &lt;/font&gt;&lt;font face='Calibri' size='16.5pt' color='#ff0000'&gt;lớn hơn &lt;/font&gt;&lt;font face='Calibri' size='16.5pt' color='#000000'&gt;ở bên có TK 8212 (đúng là nhỏ hơn như trên slide) (ở phút 23’39)&lt;/font&gt;&lt;/textformat&gt;&lt;/p&gt;&lt;/html&gt;</slidetranscript><slidetranscript slideid="6U9a4r8CJx6.6lXHwEoSyqA" slidebank="false" type="slide" noteswf="story_content/notes/Note6U9a4r8CJx6.6lXHwEoSyqA.swf">&lt;html&gt;&lt;p align='left'&gt;&lt;textformat leading='0' tabstops='[0, 48, 96, 144]' blockindent='0' indent='0'&gt;&lt;font face='Calibri' size='16.5pt' color='#000000'&gt;Slide 33: toàn bộ phần trình bày kết cấu TK 421 cắt đi, vì hơi bị lủng củng, chỉ để phần trình bày tên gọi của TK, còn nội dung kết cấu cắt âm thanh để học viên tự xem trên slide&lt;/font&gt;&lt;/textformat&gt;&lt;/p&gt;&lt;/html&gt;</slidetranscript><slidetranscript slideid="6U9a4r8CJx6.6HYHAcoufUy" slidebank="false" type="slide" noteswf="" /></slidetranscripts></transcript_data><glossary_data /></bwFrame>