<?xml version="1.0" standalone="no"?>
<manifest identifier="_5otZH1uROwl_course_id" version="1.3" xmlns="http://www.imsglobal.org/xsd/imscp_v1p1" xmlns:adlcp="http://www.adlnet.org/xsd/adlcp_v1p3" xmlns:adlseq="http://www.adlnet.org/xsd/adlseq_v1p3" xmlns:adlnav="http://www.adlnet.org/xsd/adlnav_v1p3" xmlns:imsss="http://www.imsglobal.org/xsd/imsss" xmlns:xsi="http://www.w3.org/2001/XMLSchema-instance" xsi:schemaLocation="http://www.imsglobal.org/xsd/imscp_v1p1 imscp_v1p1.xsd
                        http://www.adlnet.org/xsd/adlcp_v1p3 adlcp_v1p3.xsd
                        http://www.adlnet.org/xsd/adlseq_v1p3 adlseq_v1p3.xsd
                        http://www.adlnet.org/xsd/adlnav_v1p3 adlnav_v1p3.xsd
                        http://www.imsglobal.org/xsd/imsss imsss_v1p0.xsd">
  <metadata>
    <schema>ADL SCORM</schema>
    <schemaversion>CAM 1.3</schemaversion>
    <adlcp:location>metadata.xml</adlcp:location>
  </metadata>
  <organizations default="B?I_2_K?_TO?N_C?C_KHO?N_N?_PH?I_THU_ORG">
    <organization identifier="B?I_2_K?_TO?N_C?C_KHO?N_N?_PH?I_THU_ORG" adlseq:objectivesGlobalToSystem="false">
      <title>B?I 2 K? TO?N C?C KHO?N N? PH?I THU</title>
      <item identifier="B?I_2_K?_TO?N_C?C_KHO?N_N?_PH?I_THU_SCO" identifierref="__5otZH1uROwl_course_id_RES" isvisible="true">
        <title>B?I 2 K? TO?N C?C KHO?N N? PH?I THU</title>
        <imsss:sequencing>
          <imsss:controlMode choice="true" flow="true" />
          <imsss:deliveryControls tracked="true" completionSetByContent="true" objectiveSetByContent="true" />
        </imsss:sequencing>
      </item>
      <metadata>
        <adlcp:location>metadata.xml</adlcp:location>
      </metadata>
      <imsss:sequencing>
        <imsss:controlMode choice="true" flow="true" />
        <imsss:deliveryControls tracked="true" completionSetByContent="false" objectiveSetByContent="false" />
      </imsss:sequencing>
    </organization>
  </organizations>
  <resources>
    <resource identifier="__5otZH1uROwl_course_id_RES" type="webcontent" adlcp:scormType="sco" href="index_lms.html">
      <file href="story_content/thumbnail.jpg" />
      <file href="story_content/6NarZIuqKPl_22050_48.mp3" />
      <file href="story_content/5oEPHhhmdVC_80_DX742_DY742.jpg" />
      <file href="mobile/5oEPHhhmdVC_80_DX742_DY742_CX371_CY214.jpg" />
      <file href="story_content/6bzaCTeAurN_22050_48.mp3" />
      <file href="story_content/txt__default_6XzkuMO1R5a.swf" />
      <file href="story_content/txt__default_6MzPMWZGqcZ.swf" />
      <file href="story_content/txt__default_5qvpGAXf9dj.swf" />
      <file href="story_content/txt__default_6XCTZDX2OsT.swf" />
      <file href="story_content/6LUa4Ovj0T6_Y_80_DX378_DY378.swf" />
      <file href="mobile/6LUa4Ovj0T6_Y_80_DX378_DY378_CX189_CY54.png" />
      <file href="mobile/6LUa4Ovj0T6_Y_80_DX378_DY378_CX189_CY54.swf" />
      <file href="story_content/txt__default_5VTepks2s1D.swf" />
      <file href="story_content/6VPuNZDyYmb_22050_48.mp3" />
      <file href="story_content/6ZnXtegwicT_80_DX748_DY748.swf" />
      <file href="mobile/6ZnXtegwicT_80_DX748_DY748_CX374_CY187.png" />
      <file href="mobile/6ZnXtegwicT_80_DX748_DY748_CX374_CY187.swf" />
      <file href="story_content/5mTQg6QtlIE_22050_48.mp3" />
      <file href="story_content/txt__default_5fbQZ50eZMs_link00000004-0000-0000-0000-000000000000.swf" />
      <file href="story_content/txt__default_5fbQZ50eZMs_link00000003-0000-0000-0000-000000000000.swf" />
      <file href="story_content/txt__default_5fbQZ50eZMs_link00000002-0000-0000-0000-000000000000.swf" />
      <file href="story_content/txt__default_5fbQZ50eZMs_link00000001-0000-0000-0000-000000000000.swf" />
      <file href="story_content/txt__default_5fbQZ50eZMs.swf" />
      <file href="story_content/6J3GvdyuUWG_22050_48.mp3" />
      <file href="story_content/6VndMhG8cvD_22050_48.mp3" />
      <file href="story_content/6a7pAa1JPiX_80_P_0_0_1252_126_DX1248_DY1248.swf" />
      <file href="mobile/6a7pAa1JPiX_80_P_0_0_1252_126_DX1248_DY1248_CX624_CY62.png" />
      <file href="mobile/6a7pAa1JPiX_80_P_0_0_1252_126_DX1248_DY1248_CX624_CY62.swf" />
      <file href="story_content/6a7pAa1JPiX_80_P_0_539_1252_128_DX1248_DY1248.swf" />
      <file href="mobile/6a7pAa1JPiX_80_P_0_539_1252_128_DX1248_DY1248_CX624_CY63.png" />
      <file href="mobile/6a7pAa1JPiX_80_P_0_539_1252_128_DX1248_DY1248_CX624_CY63.swf" />
      <file href="story_content/6a7pAa1JPiX_80_P_0_260_1252_144_DX1248_DY1248.swf" />
      <file href="mobile/6a7pAa1JPiX_80_P_0_260_1252_144_DX1248_DY1248_CX624_CY71.png" />
      <file href="mobile/6a7pAa1JPiX_80_P_0_260_1252_144_DX1248_DY1248_CX624_CY71.swf" />
      <file href="story_content/6a7pAa1JPiX_80_P_0_130_1252_134_DX1248_DY1248.swf" />
      <file href="mobile/6a7pAa1JPiX_80_P_0_130_1252_134_DX1248_DY1248_CX624_CY66.png" />
      <file href="mobile/6a7pAa1JPiX_80_P_0_130_1252_134_DX1248_DY1248_CX624_CY66.swf" />
      <file href="story_content/6a7pAa1JPiX_80_P_0_397_1252_138_DX1248_DY1248.swf" />
      <file href="mobile/6a7pAa1JPiX_80_P_0_397_1252_138_DX1248_DY1248_CX624_CY68.png" />
      <file href="mobile/6a7pAa1JPiX_80_P_0_397_1252_138_DX1248_DY1248_CX624_CY68.swf" />
      <file href="story_content/6OUKnKhsmdR_80_DX134_DY134.swf" />
      <file href="mobile/6OUKnKhsmdR_80_DX134_DY134_CX67_CY30.png" />
      <file href="mobile/6OUKnKhsmdR_80_DX134_DY134_CX67_CY30.swf" />
      <file href="story_content/5ymyAWwUZ1U_80_DX132_DY132.swf" />
      <file href="mobile/5ymyAWwUZ1U_80_DX132_DY132_CX66_CY30.png" />
      <file href="mobile/5ymyAWwUZ1U_80_DX132_DY132_CX66_CY30.swf" />
      <file href="story_content/5wxVzlqsAge_80_DX134_DY134.swf" />
      <file href="mobile/5wxVzlqsAge_80_DX134_DY134_CX67_CY30.png" />
      <file href="mobile/5wxVzlqsAge_80_DX134_DY134_CX67_CY30.swf" />
      <file href="story_content/61A0dc5ttBp_22050_48.mp3" />
      <file href="story_content/5WH6zzlQmmN_80_DX336_DY336.swf" />
      <file href="mobile/5WH6zzlQmmN_80_DX336_DY336_CX168_CY136.png" />
      <file href="mobile/5WH6zzlQmmN_80_DX336_DY336_CX168_CY136.swf" />
      <file href="story_content/5VrtKSwUMhs_22050_48.mp3" />
      <file href="story_content/6gKj95hVzuE_80_DX196_DY196.swf" />
      <file href="mobile/6gKj95hVzuE_80_DX196_DY196_CX71_CY98.png" />
      <file href="mobile/6gKj95hVzuE_80_DX196_DY196_CX71_CY98.swf" />
      <file href="story_content/5gsikUoAH8C_X_80_DX196_DY196.swf" />
      <file href="mobile/5gsikUoAH8C_X_80_DX196_DY196_CX71_CY98.png" />
      <file href="mobile/5gsikUoAH8C_X_80_DX196_DY196_CX71_CY98.swf" />
      <file href="story_content/6UFaN4PJbYm_22050_48.mp3" />
      <file href="story_content/5VWxlQRqCMX_80_DX308_DY308.swf" />
      <file href="mobile/5VWxlQRqCMX_80_DX308_DY308_CX114_CY154.png" />
      <file href="mobile/5VWxlQRqCMX_80_DX308_DY308_CX114_CY154.swf" />
      <file href="story_content/5uGsd8S5XXO_80_DX326_DY326.swf" />
      <file href="mobile/5uGsd8S5XXO_80_DX326_DY326_CX107_CY163.png" />
      <file href="mobile/5uGsd8S5XXO_80_DX326_DY326_CX107_CY163.swf" />
      <file href="story_content/68Mn6uawM8N_80_DX236_DY236.swf" />
      <file href="mobile/68Mn6uawM8N_80_DX236_DY236_CX118_CY64.png" />
      <file href="mobile/68Mn6uawM8N_80_DX236_DY236_CX118_CY64.swf" />
      <file href="story_content/5blcEEqC1TK_80_DX180_DY180.swf" />
      <file href="mobile/5blcEEqC1TK_80_DX180_DY180_CX49_CY90.png" />
      <file href="mobile/5blcEEqC1TK_80_DX180_DY180_CX49_CY90.swf" />
      <file href="story_content/6gv2W70XyPk_80_DX326_DY326.swf" />
      <file href="mobile/6gv2W70XyPk_80_DX326_DY326_CX107_CY163.png" />
      <file href="mobile/6gv2W70XyPk_80_DX326_DY326_CX107_CY163.swf" />
      <file href="story_content/5swnWTJ005k_80_DX236_DY236.swf" />
      <file href="mobile/5swnWTJ005k_80_DX236_DY236_CX118_CY63.png" />
      <file href="mobile/5swnWTJ005k_80_DX236_DY236_CX118_CY63.swf" />
      <file href="story_content/5oPu2QK7Ygh_80_DX180_DY180.swf" />
      <file href="mobile/5oPu2QK7Ygh_80_DX180_DY180_CX43_CY90.png" />
      <file href="mobile/5oPu2QK7Ygh_80_DX180_DY180_CX43_CY90.swf" />
      <file href="story_content/6aqATrRzf8r_80_DX172_DY172.swf" />
      <file href="mobile/6aqATrRzf8r_80_DX172_DY172_CX46_CY86.png" />
      <file href="mobile/6aqATrRzf8r_80_DX172_DY172_CX46_CY86.swf" />
      <file href="story_content/5efSTAVQbZc_80_DX252_DY252.swf" />
      <file href="mobile/5efSTAVQbZc_80_DX252_DY252_CX126_CY61.png" />
      <file href="mobile/5efSTAVQbZc_80_DX252_DY252_CX126_CY61.swf" />
      <file href="story_content/62u6n3q8PKx_80_DX176_DY176.swf" />
      <file href="mobile/62u6n3q8PKx_80_DX176_DY176_CX88_CY39.png" />
      <file href="mobile/62u6n3q8PKx_80_DX176_DY176_CX88_CY39.swf" />
      <file href="story_content/5cd1SgThjFB_22050_48.mp3" />
      <file href="story_content/6VdZcQhJ7HG_80_DX134_DY134.swf" />
      <file href="mobile/6VdZcQhJ7HG_80_DX134_DY134_CX67_CY30.png" />
      <file href="mobile/6VdZcQhJ7HG_80_DX134_DY134_CX67_CY30.swf" />
      <file href="story_content/6h2FcUmOM7d_80_DX132_DY132.swf" />
      <file href="mobile/6h2FcUmOM7d_80_DX132_DY132_CX66_CY30.png" />
      <file href="mobile/6h2FcUmOM7d_80_DX132_DY132_CX66_CY30.swf" />
      <file href="story_content/64ERYXagcWi_80_DX134_DY134.swf" />
      <file href="mobile/64ERYXagcWi_80_DX134_DY134_CX67_CY30.png" />
      <file href="mobile/64ERYXagcWi_80_DX134_DY134_CX67_CY30.swf" />
      <file href="story_content/6h7RxMX3qhF_22050_48.mp3" />
      <file href="story_content/6OSiuKeTCZ9_80_DX270_DY270.swf" />
      <file href="mobile/6OSiuKeTCZ9_80_DX270_DY270_CX133_CY135.png" />
      <file href="mobile/6OSiuKeTCZ9_80_DX270_DY270_CX133_CY135.swf" />
      <file href="story_content/5WTvhg3vBdh_80_DX218_DY218.swf" />
      <file href="mobile/5WTvhg3vBdh_80_DX218_DY218_CX106_CY109.png" />
      <file href="mobile/5WTvhg3vBdh_80_DX218_DY218_CX106_CY109.swf" />
      <file href="story_content/5mIzLzUiunK_80_DX164_DY164.swf" />
      <file href="mobile/5mIzLzUiunK_80_DX164_DY164_CX77_CY82.png" />
      <file href="mobile/5mIzLzUiunK_80_DX164_DY164_CX77_CY82.swf" />
      <file href="story_content/5elq7O3ANZW_80_DX110_DY110.swf" />
      <file href="mobile/5elq7O3ANZW_80_DX110_DY110_CX50_CY55.png" />
      <file href="mobile/5elq7O3ANZW_80_DX110_DY110_CX50_CY55.swf" />
      <file href="story_content/6rJzMX7WfMM_80_DX270_DY270.swf" />
      <file href="mobile/6rJzMX7WfMM_80_DX270_DY270_CX54_CY135.png" />
      <file href="mobile/6rJzMX7WfMM_80_DX270_DY270_CX54_CY135.swf" />
      <file href="story_content/5ZQEwsNy4xT_80_DX272_DY272.swf" />
      <file href="mobile/5ZQEwsNy4xT_80_DX272_DY272_CX136_CY129.png" />
      <file href="mobile/5ZQEwsNy4xT_80_DX272_DY272_CX136_CY129.swf" />
      <file href="story_content/5Xca0DkgrgH_80_DX218_DY218.swf" />
      <file href="mobile/5Xca0DkgrgH_80_DX218_DY218_CX109_CY103.png" />
      <file href="mobile/5Xca0DkgrgH_80_DX218_DY218_CX109_CY103.swf" />
      <file href="story_content/5pfUCq3rGqB_80_DX158_DY158.swf" />
      <file href="mobile/5pfUCq3rGqB_80_DX158_DY158_CX79_CY78.png" />
      <file href="mobile/5pfUCq3rGqB_80_DX158_DY158_CX79_CY78.swf" />
      <file href="story_content/5to5bTmOffc_80_DX104_DY104.swf" />
      <file href="mobile/5to5bTmOffc_80_DX104_DY104_CX51_CY52.png" />
      <file href="mobile/5to5bTmOffc_80_DX104_DY104_CX51_CY52.swf" />
      <file href="story_content/5mLnvZBo7x6_80_DX258_DY258.swf" />
      <file href="mobile/5mLnvZBo7x6_80_DX258_DY258_CX55_CY129.png" />
      <file href="mobile/5mLnvZBo7x6_80_DX258_DY258_CX55_CY129.swf" />
      <file href="story_content/66AjCXqedgZ_22050_48.mp3" />
      <file href="story_content/txt__default_6rE7S2Eyk8T.swf" />
      <file href="story_content/txt__default_5dVqnMdyVEW.swf" />
      <file href="story_content/txt__default_62hDMyjxnYf.swf" />
      <file href="story_content/txt__default_5uNXNexz8Xj.swf" />
      <file href="story_content/txt__default_5woMUK1Qepx.swf" />
      <file href="story_content/txt__default_6FjDs36TVpw.swf" />
      <file href="story_content/txt__default_6qD63mZK0YB.swf" />
      <file href="story_content/6VsUHVIyzH4_22050_48.mp3" />
      <file href="story_content/6YJjVP3Abhm_80_DX134_DY134.swf" />
      <file href="mobile/6YJjVP3Abhm_80_DX134_DY134_CX67_CY30.png" />
      <file href="mobile/6YJjVP3Abhm_80_DX134_DY134_CX67_CY30.swf" />
      <file href="story_content/5V5XbmU0ZyD_80_DX132_DY132.swf" />
      <file href="mobile/5V5XbmU0ZyD_80_DX132_DY132_CX66_CY30.png" />
      <file href="mobile/5V5XbmU0ZyD_80_DX132_DY132_CX66_CY30.swf" />
      <file href="story_content/6bMH7ww0NX2_80_DX134_DY134.swf" />
      <file href="mobile/6bMH7ww0NX2_80_DX134_DY134_CX67_CY30.png" />
      <file href="mobile/6bMH7ww0NX2_80_DX134_DY134_CX67_CY30.swf" />
      <file href="story_content/60l8ZdciSfj_22050_48.mp3" />
      <file href="story_content/5oRaIn9QXdv_22050_48.mp3" />
      <file href="story_content/6bSCV58RgSF_80_P_49_0_392_312_DX362_DY362.swf" />
      <file href="mobile/6bSCV58RgSF_80_P_49_0_392_312_DX362_DY362_CX142_CY113.png" />
      <file href="mobile/6bSCV58RgSF_80_P_49_0_392_312_DX362_DY362_CX142_CY113.swf" />
      <file href="story_content/5t4jfvW2RB1_80_P_202_0_877_714_DX340_DY340.swf" />
      <file href="mobile/5t4jfvW2RB1_80_P_202_0_877_714_DX340_DY340_CX139_CY113.png" />
      <file href="mobile/5t4jfvW2RB1_80_P_202_0_877_714_DX340_DY340_CX139_CY113.swf" />
      <file href="story_content/5bAnSGuKoHG_80_DX270_DY270.swf" />
      <file href="mobile/5bAnSGuKoHG_80_DX270_DY270_CX133_CY135.png" />
      <file href="mobile/5bAnSGuKoHG_80_DX270_DY270_CX133_CY135.swf" />
      <file href="story_content/63Mk4CADx3m_80_DX218_DY218.swf" />
      <file href="mobile/63Mk4CADx3m_80_DX218_DY218_CX106_CY109.png" />
      <file href="mobile/63Mk4CADx3m_80_DX218_DY218_CX106_CY109.swf" />
      <file href="story_content/6ZfW9QdYUm6_80_DX164_DY164.swf" />
      <file href="mobile/6ZfW9QdYUm6_80_DX164_DY164_CX77_CY82.png" />
      <file href="mobile/6ZfW9QdYUm6_80_DX164_DY164_CX77_CY82.swf" />
      <file href="story_content/6g6PKNKsMTT_80_DX110_DY110.swf" />
      <file href="mobile/6g6PKNKsMTT_80_DX110_DY110_CX50_CY55.png" />
      <file href="mobile/6g6PKNKsMTT_80_DX110_DY110_CX50_CY55.swf" />
      <file href="story_content/6LfqB47lKvi_80_DX270_DY270.swf" />
      <file href="mobile/6LfqB47lKvi_80_DX270_DY270_CX54_CY135.png" />
      <file href="mobile/6LfqB47lKvi_80_DX270_DY270_CX54_CY135.swf" />
      <file href="story_content/6XDuArjhnmt_80_DX272_DY272.swf" />
      <file href="mobile/6XDuArjhnmt_80_DX272_DY272_CX136_CY129.png" />
      <file href="mobile/6XDuArjhnmt_80_DX272_DY272_CX136_CY129.swf" />
      <file href="story_content/5aOOQUHkMlq_80_DX218_DY218.swf" />
      <file href="mobile/5aOOQUHkMlq_80_DX218_DY218_CX109_CY103.png" />
      <file href="mobile/5aOOQUHkMlq_80_DX218_DY218_CX109_CY103.swf" />
      <file href="story_content/5swHHw80I9R_80_DX158_DY158.swf" />
      <file href="mobile/5swHHw80I9R_80_DX158_DY158_CX79_CY78.png" />
      <file href="mobile/5swHHw80I9R_80_DX158_DY158_CX79_CY78.swf" />
      <file href="story_content/6Xk62UqD4Tt_80_DX104_DY104.swf" />
      <file href="mobile/6Xk62UqD4Tt_80_DX104_DY104_CX51_CY52.png" />
      <file href="mobile/6Xk62UqD4Tt_80_DX104_DY104_CX51_CY52.swf" />
      <file href="story_content/6CBKUZ4p1qv_80_DX258_DY258.swf" />
      <file href="mobile/6CBKUZ4p1qv_80_DX258_DY258_CX55_CY129.png" />
      <file href="mobile/6CBKUZ4p1qv_80_DX258_DY258_CX55_CY129.swf" />
      <file href="story_content/5ZtPWO7sKfQ_80_DX246_DY246.swf" />
      <file href="mobile/5ZtPWO7sKfQ_80_DX246_DY246_CX16_CY123.png" />
      <file href="mobile/5ZtPWO7sKfQ_80_DX246_DY246_CX16_CY123.swf" />
      <file href="story_content/6Z6stzAiYTu_22050_48.mp3" />
      <file href="story_content/txt__default_6BcCJ2TfgJ5.swf" />
      <file href="story_content/txt__default_6n9OQ2KUBq6.swf" />
      <file href="story_content/txt__default_6dV2xa83zoZ.swf" />
      <file href="story_content/txt__default_6NDIrNEOYpG.swf" />
      <file href="story_content/txt__default_67rdhWDLtFp.swf" />
      <file href="story_content/txt__default_5bM49vpxJsR.swf" />
      <file href="story_content/txt__default_6EOhFVunkWF.swf" />
      <file href="story_content/txt__default_5dXJwoA6WSf.swf" />
      <file href="story_content/txt__default_631RpKrKXPu.swf" />
      <file href="story_content/txt__default_5bGpVN4fO9m.swf" />
      <file href="story_content/txt__default_6qpN4LEVEAO.swf" />
      <file href="story_content/5WrcCgniIMC_22050_48.mp3" />
      <file href="story_content/txt__default_5xHQMoQhkba.swf" />
      <file href="story_content/txt__default_6FRQDz39cJj.swf" />
      <file href="story_content/txt__default_5fdg41aAqfC.swf" />
      <file href="story_content/txt__default_6eKWUI2iYKB.swf" />
      <file href="story_content/txt__default_6mxVi28x6Dr.swf" />
      <file href="story_content/txt__default_5ovOKmPDo7T.swf" />
      <file href="story_content/6EavT8tQW8p_22050_48.mp3" />
      <file href="story_content/6JtjzYebzIt_80_DX134_DY134.swf" />
      <file href="mobile/6JtjzYebzIt_80_DX134_DY134_CX67_CY30.png" />
      <file href="mobile/6JtjzYebzIt_80_DX134_DY134_CX67_CY30.swf" />
      <file href="story_content/5vALQPqZyir_80_DX132_DY132.swf" />
      <file href="mobile/5vALQPqZyir_80_DX132_DY132_CX66_CY30.png" />
      <file href="mobile/5vALQPqZyir_80_DX132_DY132_CX66_CY30.swf" />
      <file href="story_content/5kmcjQvdwRR_80_DX134_DY134.swf" />
      <file href="mobile/5kmcjQvdwRR_80_DX134_DY134_CX67_CY30.png" />
      <file href="mobile/5kmcjQvdwRR_80_DX134_DY134_CX67_CY30.swf" />
      <file href="story_content/6J6r2uUi50K_22050_48.mp3" />
      <file href="story_content/63ziY7vOrfu_80_DX270_DY270.swf" />
      <file href="mobile/63ziY7vOrfu_80_DX270_DY270_CX133_CY135.png" />
      <file href="mobile/63ziY7vOrfu_80_DX270_DY270_CX133_CY135.swf" />
      <file href="story_content/6hHiobbGisK_80_DX218_DY218.swf" />
      <file href="mobile/6hHiobbGisK_80_DX218_DY218_CX106_CY109.png" />
      <file href="mobile/6hHiobbGisK_80_DX218_DY218_CX106_CY109.swf" />
      <file href="story_content/6jL9aI7lR7i_80_DX164_DY164.swf" />
      <file href="mobile/6jL9aI7lR7i_80_DX164_DY164_CX77_CY82.png" />
      <file href="mobile/6jL9aI7lR7i_80_DX164_DY164_CX77_CY82.swf" />
      <file href="story_content/5id8Z6pdNxC_80_DX110_DY110.swf" />
      <file href="mobile/5id8Z6pdNxC_80_DX110_DY110_CX50_CY55.png" />
      <file href="mobile/5id8Z6pdNxC_80_DX110_DY110_CX50_CY55.swf" />
      <file href="story_content/5nxCh5iMqUf_80_DX270_DY270.swf" />
      <file href="mobile/5nxCh5iMqUf_80_DX270_DY270_CX54_CY135.png" />
      <file href="mobile/5nxCh5iMqUf_80_DX270_DY270_CX54_CY135.swf" />
      <file href="story_content/6H3GKBK0PQf_80_DX194_DY194.swf" />
      <file href="mobile/6H3GKBK0PQf_80_DX194_DY194_CX12_CY97.png" />
      <file href="mobile/6H3GKBK0PQf_80_DX194_DY194_CX12_CY97.swf" />
      <file href="story_content/6Usws0OujUN_80_DX280_DY280.swf" />
      <file href="mobile/6Usws0OujUN_80_DX280_DY280_CX25_CY140.png" />
      <file href="mobile/6Usws0OujUN_80_DX280_DY280_CX25_CY140.swf" />
      <file href="story_content/6mxh96EgVH5_22050_48.mp3" />
      <file href="story_content/txt__default_6lKvLKtdR6N.swf" />
      <file href="story_content/txt__default_6EqYQXKglVZ.swf" />
      <file href="story_content/txt__default_6H1glZsrOtD.swf" />
      <file href="story_content/txt__default_62RYcVpYsTS.swf" />
      <file href="story_content/5gkBHYPlCgf_22050_48.mp3" />
      <file href="story_content/txt__default_6Mq7CvxH9p2.swf" />
      <file href="story_content/txt__default_5vKipFflzzl.swf" />
      <file href="story_content/txt__default_5izC8VbkN9M.swf" />
      <file href="story_content/txt__default_6VRZ7c9dmK9.swf" />
      <file href="story_content/txt__default_6NGmY9hHlwI.swf" />
      <file href="story_content/txt__default_6UDyulJd4kZ.swf" />
      <file href="story_content/txt__default_5wcQq4b9Ago.swf" />
      <file href="story_content/6840paeLckX_22050_48.mp3" />
      <file href="story_content/5hDMc8E6Mt7_80_DX134_DY134.swf" />
      <file href="mobile/5hDMc8E6Mt7_80_DX134_DY134_CX67_CY30.png" />
      <file href="mobile/5hDMc8E6Mt7_80_DX134_DY134_CX67_CY30.swf" />
      <file href="story_content/5pOTbJA0akE_80_DX132_DY132.swf" />
      <file href="mobile/5pOTbJA0akE_80_DX132_DY132_CX66_CY30.png" />
      <file href="mobile/5pOTbJA0akE_80_DX132_DY132_CX66_CY30.swf" />
      <file href="story_content/5im6XgJaTGH_80_DX134_DY134.swf" />
      <file href="mobile/5im6XgJaTGH_80_DX134_DY134_CX67_CY30.png" />
      <file href="mobile/5im6XgJaTGH_80_DX134_DY134_CX67_CY30.swf" />
      <file href="story_content/6EORmRfTZhb_22050_48.mp3" />
      <file href="story_content/5wEVa0lbOZR_80_DX1216_DY1216.swf" />
      <file href="mobile/5wEVa0lbOZR_80_DX1216_DY1216_CX608_CY266.png" />
      <file href="mobile/5wEVa0lbOZR_80_DX1216_DY1216_CX608_CY266.swf" />
      <file href="story_content/5edNynvCCnn_22050_48.mp3" />
      <file href="story_content/6fmSfYYAfYe_80_DX132_DY132.swf" />
      <file href="mobile/6fmSfYYAfYe_80_DX132_DY132_CX66_CY49.png" />
      <file href="mobile/6fmSfYYAfYe_80_DX132_DY132_CX66_CY49.swf" />
      <file href="story_content/63C34wW8uTQ_80_DX188_DY188.swf" />
      <file href="mobile/63C34wW8uTQ_80_DX188_DY188_CX66_CY94.png" />
      <file href="mobile/63C34wW8uTQ_80_DX188_DY188_CX66_CY94.swf" />
      <file href="story_content/5jqPZJpHMIu_22050_48.mp3" />
      <file href="story_content/6lJfNQzCrSQ_80_DX1308_DY1308.swf" />
      <file href="mobile/6lJfNQzCrSQ_80_DX1308_DY1308_CX654_CY192.png" />
      <file href="mobile/6lJfNQzCrSQ_80_DX1308_DY1308_CX654_CY192.swf" />
      <file href="story_content/6oiZRsqZ53N_22050_48.mp3" />
      <file href="story_content/txt__default_5xY5AA2ILha.swf" />
      <file href="story_content/txt__default_6OzcJkloRJ7.swf" />
      <file href="story_content/txt__default_5hPx5JMHrB2.swf" />
      <file href="story_content/txt__default_6SZLyFD9ffE.swf" />
      <file href="story_content/txt__default_6j6nEUz2fed.swf" />
      <file href="story_content/5mVkIpklqZJ_22050_48.mp3" />
      <file href="story_content/6jQqbxhyB0O_22050_48.mp3" />
      <file href="story_content/66zy6Dx8Ip5_80_P_0_0_1000_787_DX416_DY416.swf" />
      <file href="mobile/66zy6Dx8Ip5_80_P_0_0_1000_787_DX416_DY416_CX208_CY164.png" />
      <file href="mobile/66zy6Dx8Ip5_80_P_0_0_1000_787_DX416_DY416_CX208_CY164.swf" />
      <file href="story_content/69zLLWQcvL9_80_DX256_DY256.swf" />
      <file href="mobile/69zLLWQcvL9_80_DX256_DY256_CX128_CY128.png" />
      <file href="mobile/69zLLWQcvL9_80_DX256_DY256_CX128_CY128.swf" />
      <file href="story_content/5p76ltpd7zl_80_DX256_DY256.swf" />
      <file href="mobile/5p76ltpd7zl_80_DX256_DY256_CX128_CY128.png" />
      <file href="mobile/5p76ltpd7zl_80_DX256_DY256_CX128_CY128.swf" />
      <file href="story_content/6KzIyovFa1c_80_P_745_306_754_818_DX1040_DY1040.swf" />
      <file href="mobile/6KzIyovFa1c_80_P_745_306_754_818_DX1040_DY1040_CX175_CY190.png" />
      <file href="mobile/6KzIyovFa1c_80_P_745_306_754_818_DX1040_DY1040_CX175_CY190.swf" />
      <file href="story_content/5kO8dSlkZ1F_80_DX244_DY244.swf" />
      <file href="mobile/5kO8dSlkZ1F_80_DX244_DY244_CX122_CY102.png" />
      <file href="mobile/5kO8dSlkZ1F_80_DX244_DY244_CX122_CY102.swf" />
      <file href="story_content/61wNMl83ojF_80_DX290_DY290.swf" />
      <file href="mobile/61wNMl83ojF_80_DX290_DY290_CX145_CY94.png" />
      <file href="mobile/61wNMl83ojF_80_DX290_DY290_CX145_CY94.swf" />
      <file href="story_content/6KzIyovFa1c_80_DX1040_DY1040.swf" />
      <file href="mobile/6KzIyovFa1c_80_DX1040_DY1040_CX520_CY390.png" />
      <file href="mobile/6KzIyovFa1c_80_DX1040_DY1040_CX520_CY390.swf" />
      <file href="meta.xml" />
      <file href="mobile/6KGJMpq2jfd.jpg" />
      <file href="story_content/logo.swf" />
      <file href="story_content/frame.xml" />
      <file href="story_content/frame.js" />
      <file href="story_content/user.js" />
      <file href="mobile/app_store.png" />
      <file href="mobile/mobile_icon.png" />
      <file href="mobile/linen_background.jpg" />
      <file href="story_unsupported.html" />
      <file href="mobile/txt__default_6XzkuMO1R5a.png" />
      <file href="mobile/txt__default_6MzPMWZGqcZ.png" />
      <file href="mobile/txt__default_5qvpGAXf9dj.png" />
      <file href="mobile/txt__default_6XCTZDX2OsT.png" />
      <file href="mobile/txt__default_5VTepks2s1D.png" />
      <file href="mobile/txt__default_5fbQZ50eZMs_link00000004-0000-0000-0000-000000000000.png" />
      <file href="mobile/txt__default_5fbQZ50eZMs_link00000003-0000-0000-0000-000000000000.png" />
      <file href="mobile/txt__default_5fbQZ50eZMs_link00000002-0000-0000-0000-000000000000.png" />
      <file href="mobile/txt__default_5fbQZ50eZMs_link00000001-0000-0000-0000-000000000000.png" />
      <file href="mobile/txt__default_5fbQZ50eZMs.png" />
      <file href="mobile/txt__default_6rE7S2Eyk8T.png" />
      <file href="mobile/txt__default_5dVqnMdyVEW.png" />
      <file href="mobile/txt__default_62hDMyjxnYf.png" />
      <file href="mobile/txt__default_5uNXNexz8Xj.png" />
      <file href="mobile/txt__default_5woMUK1Qepx.png" />
      <file href="mobile/txt__default_6FjDs36TVpw.png" />
      <file href="mobile/txt__default_6qD63mZK0YB.png" />
      <file href="mobile/txt__default_6BcCJ2TfgJ5.png" />
      <file href="mobile/txt__default_6n9OQ2KUBq6.png" />
      <file href="mobile/txt__default_6dV2xa83zoZ.png" />
      <file href="mobile/txt__default_6NDIrNEOYpG.png" />
      <file href="mobile/txt__default_67rdhWDLtFp.png" />
      <file href="mobile/txt__default_5bM49vpxJsR.png" />
      <file href="mobile/txt__default_6EOhFVunkWF.png" />
      <file href="mobile/txt__default_5dXJwoA6WSf.png" />
      <file href="mobile/txt__default_631RpKrKXPu.png" />
      <file href="mobile/txt__default_5bGpVN4fO9m.png" />
      <file href="mobile/txt__default_6qpN4LEVEAO.png" />
      <file href="mobile/txt__default_5xHQMoQhkba.png" />
      <file href="mobile/txt__default_6FRQDz39cJj.png" />
      <file href="mobile/txt__default_5fdg41aAqfC.png" />
      <file href="mobile/txt__default_6eKWUI2iYKB.png" />
      <file href="mobile/txt__default_6mxVi28x6Dr.png" />
      <file href="mobile/txt__default_5ovOKmPDo7T.png" />
      <file href="mobile/txt__default_6lKvLKtdR6N.png" />
      <file href="mobile/txt__default_6EqYQXKglVZ.png" />
      <file href="mobile/txt__default_6H1glZsrOtD.png" />
      <file href="mobile/txt__default_62RYcVpYsTS.png" />
      <file href="mobile/txt__default_6Mq7CvxH9p2.png" />
      <file href="mobile/txt__default_5vKipFflzzl.png" />
      <file href="mobile/txt__default_5izC8VbkN9M.png" />
      <file href="mobile/txt__default_6VRZ7c9dmK9.png" />
      <file href="mobile/txt__default_6NGmY9hHlwI.png" />
      <file href="mobile/txt__default_6UDyulJd4kZ.png" />
      <file href="mobile/txt__default_5wcQq4b9Ago.png" />
      <file href="mobile/txt__default_5xY5AA2ILha.png" />
      <file href="mobile/txt__default_6OzcJkloRJ7.png" />
      <file href="mobile/txt__default_5hPx5JMHrB2.png" />
      <file href="mobile/txt__default_6SZLyFD9ffE.png" />
      <file href="mobile/txt__default_6j6nEUz2fed.png" />
      <file href="mobile/player.css" />
      <file href="mobile/player_compiled.js" />
      <file href="story_content/FontFactory.swf" />
      <file href="story_content/fonts.swf" />
      <file href="story_content/fonts.xml" />
      <file href="mobile/fonts.js" />
      <file href="story.swf" />
      <file href="story_content/frame.swf" />
      <file href="story_content/slides/6ho7Gf5VSj8.swf" />
      <file href="story_content/slides/6rpcj4Nx1L0.swf" />
      <file href="mobile/slides/6ho7Gf5VSj8.gz" />
      <file href="story_content/slides/5n8RJN3Uzux.swf" />
      <file href="story_content/slides/6NrDWD9Bn28.swf" />
      <file href="mobile/slides/5n8RJN3Uzux.gz" />
      <file href="mobile/slides/6rpcj4Nx1L0.gz" />
      <file href="mobile/slides/6NrDWD9Bn28.gz" />
      <file href="story_content/slides/5gv14WrVTol.swf" />
      <file href="mobile/slides/5gv14WrVTol.gz" />
      <file href="mobile/slides/5gv14WrVTol.js" />
      <file href="mobile/slides/6NrDWD9Bn28.js" />
      <file href="story_content/slides/5Zo2bUVd8Sa.swf" />
      <file href="mobile/slides/6rpcj4Nx1L0.js" />
      <file href="mobile/slides/6ho7Gf5VSj8.js" />
      <file href="mobile/slides/5n8RJN3Uzux.js" />
      <file href="story_content/slides/648iQ5Filyv.swf" />
      <file href="mobile/slides/5Zo2bUVd8Sa.gz" />
      <file href="mobile/slides/648iQ5Filyv.gz" />
      <file href="story_content/slides/5lpTEkm1m4p.swf" />
      <file href="mobile/slides/5lpTEkm1m4p.gz" />
      <file href="mobile/slides/5Zo2bUVd8Sa.js" />
      <file href="story_content/slides/5ZZVBJDpRRW.swf" />
      <file href="mobile/slides/5ZZVBJDpRRW.gz" />
      <file href="mobile/slides/5lpTEkm1m4p.js" />
      <file href="story_content/slides/5hzVBdhbbv5.swf" />
      <file href="mobile/slides/5hzVBdhbbv5.gz" />
      <file href="mobile/slides/5ZZVBJDpRRW.js" />
      <file href="story_content/slides/5X3BlOAHeU5.swf" />
      <file href="mobile/slides/5X3BlOAHeU5.gz" />
      <file href="story_content/slides/6Xd4k3v2v02.swf" />
      <file href="mobile/slides/6Xd4k3v2v02.gz" />
      <file href="mobile/slides/648iQ5Filyv.js" />
      <file href="story_content/slides/6j8VkUoyCVv.swf" />
      <file href="mobile/slides/5hzVBdhbbv5.js" />
      <file href="mobile/slides/6j8VkUoyCVv.gz" />
      <file href="mobile/slides/5X3BlOAHeU5.js" />
      <file href="story_content/slides/5YOBc77Jx5f.swf" />
      <file href="mobile/slides/5YOBc77Jx5f.gz" />
      <file href="story_content/slides/6bbzvn7Ygw7.swf" />
      <file href="mobile/slides/6bbzvn7Ygw7.gz" />
      <file href="mobile/slides/5YOBc77Jx5f.js" />
      <file href="mobile/slides/6bbzvn7Ygw7.js" />
      <file href="story_content/slides/6aXlFnCWLqT.swf" />
      <file href="mobile/slides/6aXlFnCWLqT.gz" />
      <file href="story_content/slides/6LMwFjKj92w.swf" />
      <file href="mobile/slides/6LMwFjKj92w.gz" />
      <file href="story_content/slides/5x1UMeO1T8M.swf" />
      <file href="mobile/slides/5x1UMeO1T8M.gz" />
      <file href="mobile/slides/6Xd4k3v2v02.js" />
      <file href="mobile/slides/6j8VkUoyCVv.js" />
      <file href="story_content/slides/5uwCGCRiHtS.swf" />
      <file href="mobile/slides/5uwCGCRiHtS.gz" />
      <file href="mobile/slides/5x1UMeO1T8M.js" />
      <file href="story_content/slides/5z8jVKNTpHu.swf" />
      <file href="mobile/slides/5z8jVKNTpHu.gz" />
      <file href="story_content/slides/64j3tTzBP8z.swf" />
      <file href="mobile/slides/64j3tTzBP8z.gz" />
      <file href="mobile/slides/5uwCGCRiHtS.js" />
      <file href="mobile/slides/6aXlFnCWLqT.js" />
      <file href="story_content/slides/6Y6BRUMVybj.swf" />
      <file href="mobile/slides/64j3tTzBP8z.js" />
      <file href="mobile/slides/6Y6BRUMVybj.gz" />
      <file href="mobile/slides/5z8jVKNTpHu.js" />
      <file href="story_content/slides/5xUZ8jr8xUN.swf" />
      <file href="story_content/slides/6Pvxi2aFOQU.swf" />
      <file href="mobile/slides/5xUZ8jr8xUN.gz" />
      <file href="mobile/slides/6Pvxi2aFOQU.gz" />
      <file href="mobile/slides/6Pvxi2aFOQU.js" />
      <file href="mobile/slides/6LMwFjKj92w.js" />
      <file href="story_content/slides/6aQ53Mueu2C.swf" />
      <file href="mobile/slides/6aQ53Mueu2C.gz" />
      <file href="mobile/slides/6Y6BRUMVybj.js" />
      <file href="mobile/slides/5xUZ8jr8xUN.js" />
      <file href="story_content/slides/6bSW8ZrZXU9.swf" />
      <file href="story_content/slides/6Rsa2GbxQOT.swf" />
      <file href="mobile/slides/6bSW8ZrZXU9.gz" />
      <file href="mobile/slides/6Rsa2GbxQOT.gz" />
      <file href="mobile/slides/6aQ53Mueu2C.js" />
      <file href="story_content/slides/6qMmdk7yv4c.swf" />
      <file href="mobile/slides/6qMmdk7yv4c.gz" />
      <file href="mobile/slides/6bSW8ZrZXU9.js" />
      <file href="story_content/slides/5oKRbf51Aac.swf" />
      <file href="mobile/slides/5oKRbf51Aac.gz" />
      <file href="story_content/slides/6rljPhpseAv.swf" />
      <file href="story_content/slides/5aYBA2mpDeg.swf" />
      <file href="mobile/slides/5aYBA2mpDeg.gz" />
      <file href="mobile/slides/6Rsa2GbxQOT.js" />
      <file href="mobile/slides/6qMmdk7yv4c.js" />
      <file href="story_content/slides/6bTGpT32W1Z.swf" />
      <file href="mobile/slides/6bTGpT32W1Z.gz" />
      <file href="mobile/slides/5aYBA2mpDeg.js" />
      <file href="story_content/slides/5t5eIVElJ4p.swf" />
      <file href="mobile/slides/5t5eIVElJ4p.gz" />
      <file href="mobile/slides/6bTGpT32W1Z.js" />
      <file href="mobile/slides/6rljPhpseAv.gz" />
      <file href="story_content/slides/6R1N0PrNGvt.swf" />
      <file href="mobile/slides/6R1N0PrNGvt.gz" />
      <file href="mobile/slides/5t5eIVElJ4p.js" />
      <file href="mobile/slides/5oKRbf51Aac.js" />
      <file href="mobile/slides/6rljPhpseAv.js" />
      <file href="mobile/slides/6R1N0PrNGvt.js" />
      <file href="story_content/slides/63awX6BqTVm.swf" />
      <file href="story_content/slides/637F3UBVZRm.swf" />
      <file href="mobile/slides/63awX6BqTVm.gz" />
      <file href="mobile/slides/637F3UBVZRm.gz" />
      <file href="mobile/slides/637F3UBVZRm.js" />
      <file href="mobile/slides/63awX6BqTVm.js" />
      <file href="story_content/slides/5W9NWIUvczC.swf" />
      <file href="mobile/slides/5W9NWIUvczC.gz" />
      <file href="mobile/slides/5W9NWIUvczC.js" />
      <file href="story_content/data.swf" />
      <file href="mobile/data.gz" />
      <file href="mobile/data.js" />
      <file href="mobile/masks.js" />
      <file href="story.html" />
      <file href="story_html5.html" />
      <file href="index_lms_html5.html" />
      <file href="story_content/blank.html" />
      <file href="story_content/story.js" />
      <file href="amplaunch.html" />
      <file href="mobile/mobileinstall.html" />
      <file href="index_lms.html" />
      <file href="lms/AICCComm.html" />
      <file href="lms/AICCFunctions.js" />
      <file href="lms/API.js" />
      <file href="lms/APIConstants.js" />
      <file href="lms/blank.html" />
      <file href="lms/browsersniff.js" />
      <file href="lms/Configuration.js" />
      <file href="lms/goodbye.html" />
      <file href="lms/lms.js" />
      <file href="lms/LMSAPI.js" />
      <file href="lms/NONEFunctions.js" />
      <file href="lms/SCORM2004Functions.js" />
      <file href="lms/SCORMFunctions.js" />
      <file href="lms/UtilityFunctions.js" />
    </resource>
  </resources>
</manifest>