<?xml version="1.0" standalone="no"?>
<manifest identifier="_6V6EtD0xDqD_course_id" version="1.3" xmlns="http://www.imsglobal.org/xsd/imscp_v1p1" xmlns:adlcp="http://www.adlnet.org/xsd/adlcp_v1p3" xmlns:adlseq="http://www.adlnet.org/xsd/adlseq_v1p3" xmlns:adlnav="http://www.adlnet.org/xsd/adlnav_v1p3" xmlns:imsss="http://www.imsglobal.org/xsd/imsss" xmlns:xsi="http://www.w3.org/2001/XMLSchema-instance" xsi:schemaLocation="http://www.imsglobal.org/xsd/imscp_v1p1 imscp_v1p1.xsd
                        http://www.adlnet.org/xsd/adlcp_v1p3 adlcp_v1p3.xsd
                        http://www.adlnet.org/xsd/adlseq_v1p3 adlseq_v1p3.xsd
                        http://www.adlnet.org/xsd/adlnav_v1p3 adlnav_v1p3.xsd
                        http://www.imsglobal.org/xsd/imsss imsss_v1p0.xsd">
  <metadata>
    <schema>ADL SCORM</schema>
    <schemaversion>CAM 1.3</schemaversion>
    <adlcp:location>metadata.xml</adlcp:location>
  </metadata>
  <organizations default="B?I_3_K?_TO?N_C?C_KHO?N_PH?I_TR?_ORG">
    <organization identifier="B?I_3_K?_TO?N_C?C_KHO?N_PH?I_TR?_ORG" adlseq:objectivesGlobalToSystem="false">
      <title>B?I 3 K? TO?N C?C KHO?N PH?I TR?</title>
      <item identifier="B?i_3__Acc302_SCO" identifierref="__6V6EtD0xDqD_course_id_RES" isvisible="true">
        <title>B?I 3 K? TO?N C?C KHO?N PH?I TR?</title>
        <imsss:sequencing>
          <imsss:controlMode choice="true" flow="true" />
          <imsss:deliveryControls tracked="true" completionSetByContent="true" objectiveSetByContent="true" />
        </imsss:sequencing>
      </item>
      <metadata>
        <adlcp:location>metadata.xml</adlcp:location>
      </metadata>
      <imsss:sequencing>
        <imsss:controlMode choice="true" flow="true" />
        <imsss:deliveryControls tracked="true" completionSetByContent="false" objectiveSetByContent="false" />
      </imsss:sequencing>
    </organization>
  </organizations>
  <resources>
    <resource identifier="__6V6EtD0xDqD_course_id_RES" type="webcontent" adlcp:scormType="sco" href="index_lms.html">
      <file href="story_content/thumbnail.jpg" />
      <file href="story_content/5ssILTDhAU9_22050_48.mp3" />
      <file href="story_content/5e7csfiIlXf_80_DX720_DY720.jpg" />
      <file href="mobile/5e7csfiIlXf_80_DX720_DY720_CX360_CY239.jpg" />
      <file href="story_content/6qRjjT03f8Y_80_DX516_DY516.swf" />
      <file href="mobile/6qRjjT03f8Y_80_DX516_DY516_CX222_CY258.png" />
      <file href="mobile/6qRjjT03f8Y_80_DX516_DY516_CX222_CY258.swf" />
      <file href="story_content/5wunqcJC66k_80_DX522_DY522.swf" />
      <file href="mobile/5wunqcJC66k_80_DX522_DY522_CX225_CY261.png" />
      <file href="mobile/5wunqcJC66k_80_DX522_DY522_CX225_CY261.swf" />
      <file href="story_content/5uC50Vhws6F_80_DX600_DY600.swf" />
      <file href="mobile/5uC50Vhws6F_80_DX600_DY600_CX300_CY48.png" />
      <file href="mobile/5uC50Vhws6F_80_DX600_DY600_CX300_CY48.swf" />
      <file href="story_content/5p4ELVcX2Xk_80_DX606_DY606.swf" />
      <file href="mobile/5p4ELVcX2Xk_80_DX606_DY606_CX303_CY51.png" />
      <file href="mobile/5p4ELVcX2Xk_80_DX606_DY606_CX303_CY51.swf" />
      <file href="story_content/6g7wcs24Hng_80_DX282_DY282.swf" />
      <file href="mobile/6g7wcs24Hng_80_DX282_DY282_CX141_CY54.png" />
      <file href="mobile/6g7wcs24Hng_80_DX282_DY282_CX141_CY54.swf" />
      <file href="story_content/5nGpUBoJFbp_80_DX40_DY40.swf" />
      <file href="mobile/5nGpUBoJFbp_80_DX40_DY40_CX15_CY20.png" />
      <file href="mobile/5nGpUBoJFbp_80_DX40_DY40_CX15_CY20.swf" />
      <file href="story_content/6NnYBjdggfX_80_DX36_DY36.swf" />
      <file href="mobile/6NnYBjdggfX_80_DX36_DY36_CX10_CY18.png" />
      <file href="mobile/6NnYBjdggfX_80_DX36_DY36_CX10_CY18.swf" />
      <file href="story_content/6ZiOC87QTJF_80_DX274_DY274.swf" />
      <file href="mobile/6ZiOC87QTJF_80_DX274_DY274_CX137_CY60.png" />
      <file href="mobile/6ZiOC87QTJF_80_DX274_DY274_CX137_CY60.swf" />
      <file href="story_content/6JZeLcbLEQK_80_DX46_DY46.swf" />
      <file href="mobile/6JZeLcbLEQK_80_DX46_DY46_CX16_CY23.png" />
      <file href="mobile/6JZeLcbLEQK_80_DX46_DY46_CX16_CY23.swf" />
      <file href="story_content/6njVbcCIr3n_80_DX42_DY42.swf" />
      <file href="mobile/6njVbcCIr3n_80_DX42_DY42_CX11_CY21.png" />
      <file href="mobile/6njVbcCIr3n_80_DX42_DY42_CX11_CY21.swf" />
      <file href="story_content/5n9bTeGkKYB_80_DX276_DY276.swf" />
      <file href="mobile/5n9bTeGkKYB_80_DX276_DY276_CX138_CY61.png" />
      <file href="mobile/5n9bTeGkKYB_80_DX276_DY276_CX138_CY61.swf" />
      <file href="story_content/5Ux0ZWxbBTi_80_DX48_DY48.swf" />
      <file href="mobile/5Ux0ZWxbBTi_80_DX48_DY48_CX17_CY24.png" />
      <file href="mobile/5Ux0ZWxbBTi_80_DX48_DY48_CX17_CY24.swf" />
      <file href="story_content/6Z3MIBn8GLS_80_DX44_DY44.swf" />
      <file href="mobile/6Z3MIBn8GLS_80_DX44_DY44_CX12_CY22.png" />
      <file href="mobile/6Z3MIBn8GLS_80_DX44_DY44_CX12_CY22.swf" />
      <file href="story_content/6eSufklG1Hg_80_DX516_DY516.swf" />
      <file href="mobile/6eSufklG1Hg_80_DX516_DY516_CX216_CY258.png" />
      <file href="mobile/6eSufklG1Hg_80_DX516_DY516_CX216_CY258.swf" />
      <file href="story_content/6QfQQxpOW6v_80_DX522_DY522.swf" />
      <file href="mobile/6QfQQxpOW6v_80_DX522_DY522_CX219_CY261.png" />
      <file href="mobile/6QfQQxpOW6v_80_DX522_DY522_CX219_CY261.swf" />
      <file href="story_content/6gVcIPtcxpV_80_DX516_DY516.swf" />
      <file href="mobile/6gVcIPtcxpV_80_DX516_DY516_CX216_CY258.png" />
      <file href="mobile/6gVcIPtcxpV_80_DX516_DY516_CX216_CY258.swf" />
      <file href="story_content/5nTXpO47A9E_80_DX522_DY522.swf" />
      <file href="mobile/5nTXpO47A9E_80_DX522_DY522_CX219_CY261.png" />
      <file href="mobile/5nTXpO47A9E_80_DX522_DY522_CX219_CY261.swf" />
      <file href="story_content/6DN7fdGUPt8_80_DX132_DY132.swf" />
      <file href="mobile/6DN7fdGUPt8_80_DX132_DY132_CX24_CY66.png" />
      <file href="mobile/6DN7fdGUPt8_80_DX132_DY132_CX24_CY66.swf" />
      <file href="story_content/6HGZIQ5Ijww_80_DX112_DY112.swf" />
      <file href="mobile/6HGZIQ5Ijww_80_DX112_DY112_CX25_CY56.png" />
      <file href="mobile/6HGZIQ5Ijww_80_DX112_DY112_CX25_CY56.swf" />
      <file href="story_content/6j6rK2kbBgb_22050_48.mp3" />
      <file href="story_content/txt__default_6MJ1wVHX54e.swf" />
      <file href="story_content/5xnaHX14mBZ_Y_80_DX378_DY378.swf" />
      <file href="mobile/5xnaHX14mBZ_Y_80_DX378_DY378_CX189_CY54.png" />
      <file href="mobile/5xnaHX14mBZ_Y_80_DX378_DY378_CX189_CY54.swf" />
      <file href="story_content/txt__default_6OK1QbHAkFs.swf" />
      <file href="story_content/5oxzw1bRz26_Y_80_DX386_DY386.swf" />
      <file href="mobile/5oxzw1bRz26_Y_80_DX386_DY386_CX193_CY54.png" />
      <file href="mobile/5oxzw1bRz26_Y_80_DX386_DY386_CX193_CY54.swf" />
      <file href="story_content/6FnJ6Jgqzlc_22050_48.mp3" />
      <file href="story_content/6DIDJPCu8H8_80_DX748_DY748.swf" />
      <file href="mobile/6DIDJPCu8H8_80_DX748_DY748_CX374_CY187.png" />
      <file href="mobile/6DIDJPCu8H8_80_DX748_DY748_CX374_CY187.swf" />
      <file href="story_content/5me5lz6hELB_22050_48.mp3" />
      <file href="story_content/txt__default_69RZyMh78nX_link00000004-0000-0000-0000-000000000000.swf" />
      <file href="story_content/txt__default_69RZyMh78nX_link00000003-0000-0000-0000-000000000000.swf" />
      <file href="story_content/txt__default_69RZyMh78nX_link00000002-0000-0000-0000-000000000000.swf" />
      <file href="story_content/txt__default_69RZyMh78nX_link00000001-0000-0000-0000-000000000000.swf" />
      <file href="story_content/txt__default_69RZyMh78nX.swf" />
      <file href="story_content/6EvTRL20o82_22050_48.mp3" />
      <file href="story_content/5dkC4I04CsA_22050_48.mp3" />
      <file href="story_content/5pa2LtqMNh7_80_DX800_DY800.jpg" />
      <file href="mobile/5pa2LtqMNh7_80_DX800_DY800_CX400_CY54.jpg" />
      <file href="story_content/5ndAebWlYhw_80_DX134_DY134.swf" />
      <file href="mobile/5ndAebWlYhw_80_DX134_DY134_CX67_CY30.png" />
      <file href="mobile/5ndAebWlYhw_80_DX134_DY134_CX67_CY30.swf" />
      <file href="story_content/5kx9Ih0Y14c_80_DX800_DY800.swf" />
      <file href="mobile/5kx9Ih0Y14c_80_DX800_DY800_CX400_CY55.png" />
      <file href="mobile/5kx9Ih0Y14c_80_DX800_DY800_CX400_CY55.swf" />
      <file href="story_content/5faoLeQE3BL_80_DX134_DY134.swf" />
      <file href="mobile/5faoLeQE3BL_80_DX134_DY134_CX67_CY30.png" />
      <file href="mobile/5faoLeQE3BL_80_DX134_DY134_CX67_CY30.swf" />
      <file href="story_content/6Hqqr6Yvigs_80_DX800_DY800.swf" />
      <file href="mobile/6Hqqr6Yvigs_80_DX800_DY800_CX400_CY49.png" />
      <file href="mobile/6Hqqr6Yvigs_80_DX800_DY800_CX400_CY49.swf" />
      <file href="story_content/5xfq6ZTnyNR_80_DX132_DY132.swf" />
      <file href="mobile/5xfq6ZTnyNR_80_DX132_DY132_CX66_CY30.png" />
      <file href="mobile/5xfq6ZTnyNR_80_DX132_DY132_CX66_CY30.swf" />
      <file href="story_content/5tTMsGRQMwC_22050_48.mp3" />
      <file href="story_content/6RTlrKyeiKR_80_DX394_DY394.swf" />
      <file href="mobile/6RTlrKyeiKR_80_DX394_DY394_CX197_CY72.png" />
      <file href="mobile/6RTlrKyeiKR_80_DX394_DY394_CX197_CY72.swf" />
      <file href="story_content/5dmZllbGHpz_80_DX396_DY396.swf" />
      <file href="mobile/5dmZllbGHpz_80_DX396_DY396_CX198_CY160.png" />
      <file href="mobile/5dmZllbGHpz_80_DX396_DY396_CX198_CY160.swf" />
      <file href="story_content/6AOFdnmc3B4_22050_48.mp3" />
      <file href="story_content/6TYQu6H8wYp_80_DX984_DY984.swf" />
      <file href="mobile/6TYQu6H8wYp_80_DX984_DY984_CX492_CY437.png" />
      <file href="mobile/6TYQu6H8wYp_80_DX984_DY984_CX492_CY437.swf" />
      <file href="story_content/5bO0fHQa40o_80_DX1012_DY1012.swf" />
      <file href="mobile/5bO0fHQa40o_80_DX1012_DY1012_CX506_CY426.png" />
      <file href="mobile/5bO0fHQa40o_80_DX1012_DY1012_CX506_CY426.swf" />
      <file href="story_content/6GnxWAXCsry_80_DX996_DY996.swf" />
      <file href="mobile/6GnxWAXCsry_80_DX996_DY996_CX498_CY426.png" />
      <file href="mobile/6GnxWAXCsry_80_DX996_DY996_CX498_CY426.swf" />
      <file href="story_content/68oJkksQCQu_80_DX952_DY952.swf" />
      <file href="mobile/68oJkksQCQu_80_DX952_DY952_CX476_CY426.png" />
      <file href="mobile/68oJkksQCQu_80_DX952_DY952_CX476_CY426.swf" />
      <file href="story_content/5z8NwnpD78Y_80_DX1008_DY1008.swf" />
      <file href="mobile/5z8NwnpD78Y_80_DX1008_DY1008_CX504_CY426.png" />
      <file href="mobile/5z8NwnpD78Y_80_DX1008_DY1008_CX504_CY426.swf" />
      <file href="story_content/69vFvFbcGrl_80_DX272_DY272.swf" />
      <file href="mobile/69vFvFbcGrl_80_DX272_DY272_CX136_CY59.png" />
      <file href="mobile/69vFvFbcGrl_80_DX272_DY272_CX136_CY59.swf" />
      <file href="story_content/6M9CvFSnHU9_80_DX468_DY468.swf" />
      <file href="mobile/6M9CvFSnHU9_80_DX468_DY468_CX234_CY206.png" />
      <file href="mobile/6M9CvFSnHU9_80_DX468_DY468_CX234_CY206.swf" />
      <file href="story_content/5VXsHWwVpGw_22050_48.mp3" />
      <file href="story_content/5s6mnrXwd0O_80_DX196_DY196.swf" />
      <file href="mobile/5s6mnrXwd0O_80_DX196_DY196_CX71_CY98.png" />
      <file href="mobile/5s6mnrXwd0O_80_DX196_DY196_CX71_CY98.swf" />
      <file href="story_content/6WnjmT7Nnfi_X_80_DX196_DY196.swf" />
      <file href="mobile/6WnjmT7Nnfi_X_80_DX196_DY196_CX71_CY98.png" />
      <file href="mobile/6WnjmT7Nnfi_X_80_DX196_DY196_CX71_CY98.swf" />
      <file href="story_content/64yxXi8094K_22050_48.mp3" />
      <file href="story_content/6QDtfanmwSu_22050_48.mp3" />
      <file href="story_content/6EMuNNvJGJi_80_DX352_DY352.jpg" />
      <file href="mobile/6EMuNNvJGJi_80_DX352_DY352_CX176_CY135.jpg" />
      <file href="story_content/5fYeE5C37GK_80_DX352_DY352.jpg" />
      <file href="mobile/5fYeE5C37GK_80_DX352_DY352_CX176_CY136.jpg" />
      <file href="story_content/68AqNwhEzPE_80_P_26_0_367_278_DX428_DY428.swf" />
      <file href="mobile/68AqNwhEzPE_80_P_26_0_367_278_DX428_DY428_CX176_CY133.png" />
      <file href="mobile/68AqNwhEzPE_80_P_26_0_367_278_DX428_DY428_CX176_CY133.swf" />
      <file href="story_content/6lFAEsKO7FT_80_DX800_DY800.jpg" />
      <file href="mobile/6lFAEsKO7FT_80_DX800_DY800_CX400_CY54.jpg" />
      <file href="story_content/62gFoQTKipY_22050_48.mp3" />
      <file href="story_content/txt__default_6Jd4OX4EcRd.swf" />
      <file href="story_content/txt__default_5gEkYRggZrz.swf" />
      <file href="story_content/txt__default_6bvVDeRqE3D.swf" />
      <file href="story_content/5vg6p9taz4s_22050_48.mp3" />
      <file href="story_content/6qVSKksnJ12_22050_48.mp3" />
      <file href="story_content/6Y7PaNzn0hq_80_P_0_0_283_289_DX810_DY810.swf" />
      <file href="mobile/6Y7PaNzn0hq_80_P_0_0_283_289_DX810_DY810_CX142_CY145.png" />
      <file href="mobile/6Y7PaNzn0hq_80_P_0_0_283_289_DX810_DY810_CX142_CY145.swf" />
      <file href="story_content/6Y7PaNzn0hq_80_P_340_528_291_282_DX810_DY810.swf" />
      <file href="mobile/6Y7PaNzn0hq_80_P_340_528_291_282_DX810_DY810_CX145_CY140.png" />
      <file href="mobile/6Y7PaNzn0hq_80_P_340_528_291_282_DX810_DY810_CX145_CY140.swf" />
      <file href="story_content/6OUNqZWcBUT_80_DX596_DY596.swf" />
      <file href="mobile/6OUNqZWcBUT_80_DX596_DY596_CX298_CY35.png" />
      <file href="mobile/6OUNqZWcBUT_80_DX596_DY596_CX298_CY35.swf" />
      <file href="story_content/5mVaGOTzmJb_80_DX620_DY620.swf" />
      <file href="mobile/5mVaGOTzmJb_80_DX620_DY620_CX310_CY35.png" />
      <file href="mobile/5mVaGOTzmJb_80_DX620_DY620_CX310_CY35.swf" />
      <file href="story_content/txt__default_6gC2TfqpCx5.swf" />
      <file href="story_content/txt__default_5xBmbc6rias.swf" />
      <file href="story_content/txt__default_61JeloLYboT.swf" />
      <file href="story_content/txt__default_5vNMRMbOW7Z.swf" />
      <file href="story_content/txt__default_5f9ArREAxPJ.swf" />
      <file href="story_content/txt__default_5dL5bez5Bed.swf" />
      <file href="story_content/txt__default_5wpqGRdxDaw.swf" />
      <file href="story_content/6PqgchmI73W_22050_48.mp3" />
      <file href="story_content/5zlE4Ui1PmN_22050_48.mp3" />
      <file href="story_content/61hpmHH7srK_22050_48.mp3" />
      <file href="story_content/6c2rQhijB8N_80_DX246_DY246.swf" />
      <file href="mobile/6c2rQhijB8N_80_DX246_DY246_CX16_CY123.png" />
      <file href="mobile/6c2rQhijB8N_80_DX246_DY246_CX16_CY123.swf" />
      <file href="story_content/5eE9I3Wo3We_22050_48.mp3" />
      <file href="story_content/5xnjjpAzQHl_22050_48.mp3" />
      <file href="story_content/5rNo4hONiVz_80_DX208_DY208.swf" />
      <file href="mobile/5rNo4hONiVz_80_DX208_DY208_CX85_CY104.png" />
      <file href="mobile/5rNo4hONiVz_80_DX208_DY208_CX85_CY104.swf" />
      <file href="story_content/6QAIsJowd3v_X_80_DX208_DY208.swf" />
      <file href="mobile/6QAIsJowd3v_X_80_DX208_DY208_CX85_CY104.png" />
      <file href="mobile/6QAIsJowd3v_X_80_DX208_DY208_CX85_CY104.swf" />
      <file href="story_content/6WVOF4pg0PZ_22050_48.mp3" />
      <file href="story_content/txt__default_6MlS9BnSIve.swf" />
      <file href="story_content/txt__default_6eMze5wrFWz.swf" />
      <file href="story_content/txt__default_5sx8ohE3xjV.swf" />
      <file href="story_content/txt__default_5yQ1GQhkuKf.swf" />
      <file href="story_content/5fLUGkCuWW1_22050_48.mp3" />
      <file href="story_content/txt__default_67hWSo5xGxr.swf" />
      <file href="story_content/txt__default_6pLy5nOkSZB.swf" />
      <file href="story_content/txt__default_61SGrjvlSIF.swf" />
      <file href="story_content/txt__default_6LKsmeW7d9w.swf" />
      <file href="story_content/txt__default_6a5M67k37nR.swf" />
      <file href="story_content/txt__default_6CpZH1ZnhQs.swf" />
      <file href="story_content/txt__default_69bChtxvGWf.swf" />
      <file href="story_content/6SIQ5xGCCkE_22050_48.mp3" />
      <file href="story_content/txt__default_5mhhggQZ5hQ.swf" />
      <file href="story_content/txt__default_6nPC9j7Xw8y.swf" />
      <file href="story_content/txt__default_5WOosW6XuPN.swf" />
      <file href="story_content/txt__default_6kHTtTlpgCd.swf" />
      <file href="story_content/txt__default_5oXKwkrC3c9.swf" />
      <file href="story_content/6QCTTHA0xRx_22050_48.mp3" />
      <file href="story_content/txt__default_5zZQD1mmOUT.swf" />
      <file href="story_content/txt__default_6GDPIhN4bTz.swf" />
      <file href="story_content/txt__default_6H0GfhmvlQk.swf" />
      <file href="story_content/txt__default_6Dw9C2WeClP.swf" />
      <file href="story_content/txt__default_6fDgX1ZkdiV.swf" />
      <file href="story_content/txt__default_5xz8AAn5TUa.swf" />
      <file href="story_content/5fHPB8fRuhK_22050_48.mp3" />
      <file href="story_content/txt__default_5giCBAWU6Lt.swf" />
      <file href="story_content/txt__default_5wUfBY4JWra.swf" />
      <file href="story_content/68SmkShsZQv_22050_48.mp3" />
      <file href="story_content/6H6S06FWNDj_80_DX456_DY456.swf" />
      <file href="mobile/6H6S06FWNDj_80_DX456_DY456_CX228_CY228.png" />
      <file href="mobile/6H6S06FWNDj_80_DX456_DY456_CX228_CY228.swf" />
      <file href="story_content/6X7Mo5jSjMk_80_DX456_DY456.swf" />
      <file href="mobile/6X7Mo5jSjMk_80_DX456_DY456_CX228_CY228.png" />
      <file href="mobile/6X7Mo5jSjMk_80_DX456_DY456_CX228_CY228.swf" />
      <file href="story_content/6nMfZi8o3dy_80_DX414_DY414.swf" />
      <file href="mobile/6nMfZi8o3dy_80_DX414_DY414_CX171_CY207.png" />
      <file href="mobile/6nMfZi8o3dy_80_DX414_DY414_CX171_CY207.swf" />
      <file href="story_content/5XOsMGobxlR_80_DX486_DY486.swf" />
      <file href="mobile/5XOsMGobxlR_80_DX486_DY486_CX181_CY243.png" />
      <file href="mobile/5XOsMGobxlR_80_DX486_DY486_CX181_CY243.swf" />
      <file href="story_content/5WVwUs52jZz_22050_48.mp3" />
      <file href="story_content/6CcnVv05rtH_80_DX1344_DY1344.swf" />
      <file href="mobile/6CcnVv05rtH_80_DX1344_DY1344_CX672_CY384.png" />
      <file href="mobile/6CcnVv05rtH_80_DX1344_DY1344_CX672_CY384.swf" />
      <file href="story_content/txt__default_5cUYZ7gPjgU.swf" />
      <file href="story_content/txt__default_5iFCcT78F2P.swf" />
      <file href="story_content/txt__default_6dDEcbBG3uF.swf" />
      <file href="story_content/txt__default_684RfNKEWBv.swf" />
      <file href="story_content/txt__default_6RI5L5uGagk.swf" />
      <file href="story_content/txt__default_6Azuhi201Lb.swf" />
      <file href="story_content/txt__default_6odiNYvnjWN.swf" />
      <file href="story_content/txt__default_65LK6XjBUKA.swf" />
      <file href="story_content/txt__default_6mt4JlDDW1G.swf" />
      <file href="story_content/txt__default_6msYI6gHiyL.swf" />
      <file href="story_content/63mahGKWWxX_22050_48.mp3" />
      <file href="story_content/txt__default_5xEQWNe2x67.swf" />
      <file href="story_content/txt__default_6P3VFNX0U8W.swf" />
      <file href="story_content/txt__default_6KHDehd28R8.swf" />
      <file href="story_content/txt__default_6WjYacj8uhn.swf" />
      <file href="story_content/txt__default_60Z4GC7AXor.swf" />
      <file href="story_content/5vSnrcZ4HkR_22050_48.mp3" />
      <file href="story_content/5Ztsra1fS8r_22050_48.mp3" />
      <file href="story_content/txt__default_6dJsr8FZ4RF.swf" />
      <file href="story_content/txt__default_6SCZeKZEWu0.swf" />
      <file href="story_content/txt__default_5bpnkxdRqaD.swf" />
      <file href="story_content/txt__default_6gjRYa4sDvt.swf" />
      <file href="story_content/txt__default_6NqbYV4kXiy.swf" />
      <file href="story_content/5gUYWwWUGN0_80_DX960_DY960.swf" />
      <file href="mobile/5gUYWwWUGN0_80_DX960_DY960_CX480_CY215.png" />
      <file href="mobile/5gUYWwWUGN0_80_DX960_DY960_CX480_CY215.swf" />
      <file href="story_content/5xYCtlf1WVg_22050_48.mp3" />
      <file href="story_content/txt__default_6TM9x01Whiy.swf" />
      <file href="story_content/txt__default_6eHrgmbdJwY.swf" />
      <file href="story_content/txt__default_6oVDT7GPXrg.swf" />
      <file href="story_content/txt__default_5gCM6NZ2eWb.swf" />
      <file href="story_content/5mBALlcuINX_80_DX1392_DY1392.swf" />
      <file href="mobile/5mBALlcuINX_80_DX1392_DY1392_CX696_CY228.png" />
      <file href="mobile/5mBALlcuINX_80_DX1392_DY1392_CX696_CY228.swf" />
      <file href="story_content/6G7PpolwHez_22050_48.mp3" />
      <file href="story_content/5vQS2QM95RC_80_DX1380_DY1380.swf" />
      <file href="mobile/5vQS2QM95RC_80_DX1380_DY1380_CX690_CY150.png" />
      <file href="mobile/5vQS2QM95RC_80_DX1380_DY1380_CX690_CY150.swf" />
      <file href="story_content/txt__default_5YyRxyO7WP9.swf" />
      <file href="story_content/txt__default_6N0nsKCFv5R.swf" />
      <file href="story_content/txt__default_6W9HWjbqJRa.swf" />
      <file href="story_content/6jusjlLbsjf_22050_48.mp3" />
      <file href="story_content/6ZH9ge0j59L_80_DX1164_DY1164.swf" />
      <file href="mobile/6ZH9ge0j59L_80_DX1164_DY1164_CX582_CY162.png" />
      <file href="mobile/6ZH9ge0j59L_80_DX1164_DY1164_CX582_CY162.swf" />
      <file href="story_content/6GmIqgDm0yp_80_DX1392_DY1392.swf" />
      <file href="mobile/6GmIqgDm0yp_80_DX1392_DY1392_CX696_CY191.png" />
      <file href="mobile/6GmIqgDm0yp_80_DX1392_DY1392_CX696_CY191.swf" />
      <file href="story_content/6pFr3VvaKKk_22050_48.mp3" />
      <file href="story_content/6bGCJ4nCFR4_22050_48.mp3" />
      <file href="story_content/61Hdwhktafs_80_DX320_DY320.swf" />
      <file href="mobile/61Hdwhktafs_80_DX320_DY320_CX143_CY160.png" />
      <file href="mobile/61Hdwhktafs_80_DX320_DY320_CX143_CY160.swf" />
      <file href="story_content/6S47p2EXa8a_80_DX326_DY326.swf" />
      <file href="mobile/6S47p2EXa8a_80_DX326_DY326_CX163_CY160.png" />
      <file href="mobile/6S47p2EXa8a_80_DX326_DY326_CX163_CY160.swf" />
      <file href="story_content/5iKHplSISVh_80_DX320_DY320.swf" />
      <file href="mobile/5iKHplSISVh_80_DX320_DY320_CX153_CY160.png" />
      <file href="mobile/5iKHplSISVh_80_DX320_DY320_CX153_CY160.swf" />
      <file href="story_content/6LXBjHZQLhV_80_DX320_DY320.swf" />
      <file href="mobile/6LXBjHZQLhV_80_DX320_DY320_CX158_CY160.png" />
      <file href="mobile/6LXBjHZQLhV_80_DX320_DY320_CX158_CY160.swf" />
      <file href="story_content/5mN2ppoJIHh_80_DX384_DY384.swf" />
      <file href="mobile/5mN2ppoJIHh_80_DX384_DY384_CX192_CY140.png" />
      <file href="mobile/5mN2ppoJIHh_80_DX384_DY384_CX192_CY140.swf" />
      <file href="story_content/txt__default_6eMMPGM4QaO.swf" />
      <file href="story_content/txt__default_6GJDqJnO38C.swf" />
      <file href="story_content/txt__default_6kUxnvzkjVg.swf" />
      <file href="story_content/txt__default_6a7LtoPSMGW.swf" />
      <file href="story_content/5dRJZRLQiSX_22050_48.mp3" />
      <file href="story_content/6QQ7WXrTn1Y_22050_48.mp3" />
      <file href="story_content/6VRCdXtcOB5_22050_48.mp3" />
      <file href="story_content/6nfkgGZLlwT_22050_48.mp3" />
      <file href="story_content/6CxeZl4oBtn_22050_48.mp3" />
      <file href="story_content/txt__default_6nQ9CH6to9p.swf" />
      <file href="story_content/txt__default_5ZSBLKGy8UE.swf" />
      <file href="story_content/txt__default_5v2BpmhRwZe.swf" />
      <file href="story_content/txt__default_5eiP4g1nxMa.swf" />
      <file href="story_content/txt__default_67egp0ojlvj.swf" />
      <file href="story_content/txt__default_5bQNW8qgbGA.swf" />
      <file href="story_content/txt__default_6Nv6lX7P2Im.swf" />
      <file href="story_content/5zE1CjMQcDg_22050_48.mp3" />
      <file href="story_content/6AdXBGj7cH6_22050_48.mp3" />
      <file href="story_content/686AIEzLZPk_22050_48.mp3" />
      <file href="story_content/5ZFNvmEltFk_22050_48.mp3" />
      <file href="story_content/6lZQFcMLPwv_80_DX1440_DY1440.swf" />
      <file href="mobile/6lZQFcMLPwv_80_DX1440_DY1440_CX720_CY339.png" />
      <file href="mobile/6lZQFcMLPwv_80_DX1440_DY1440_CX720_CY339.swf" />
      <file href="story_content/6f7VVg9B2Hf_22050_48.mp3" />
      <file href="story_content/6oGz7crRwzU_80_DX1440_DY1440.swf" />
      <file href="mobile/6oGz7crRwzU_80_DX1440_DY1440_CX720_CY318.png" />
      <file href="mobile/6oGz7crRwzU_80_DX1440_DY1440_CX720_CY318.swf" />
      <file href="story_content/txt__default_5rf4PgIwxrV.swf" />
      <file href="story_content/txt__default_5VlfT1FPoSV.swf" />
      <file href="story_content/txt__default_5r1cxnIwVev.swf" />
      <file href="story_content/txt__default_6Y6g9U27awP.swf" />
      <file href="story_content/5hbWTmCMR36_22050_48.mp3" />
      <file href="story_content/6G5jmBZwewd_80_DX1308_DY1308.swf" />
      <file href="mobile/6G5jmBZwewd_80_DX1308_DY1308_CX654_CY477.png" />
      <file href="mobile/6G5jmBZwewd_80_DX1308_DY1308_CX654_CY477.swf" />
      <file href="story_content/6kqp1EAUX3Z_80_DX282_DY282.swf" />
      <file href="mobile/6kqp1EAUX3Z_80_DX282_DY282_CX81_CY141.png" />
      <file href="mobile/6kqp1EAUX3Z_80_DX282_DY282_CX81_CY141.swf" />
      <file href="story_content/6neMShd34g0_80_DX284_DY284.swf" />
      <file href="mobile/6neMShd34g0_80_DX284_DY284_CX81_CY142.png" />
      <file href="mobile/6neMShd34g0_80_DX284_DY284_CX81_CY142.swf" />
      <file href="story_content/5ZcVpy3EQyn_80_DX212_DY212.swf" />
      <file href="mobile/5ZcVpy3EQyn_80_DX212_DY212_CX70_CY106.png" />
      <file href="mobile/5ZcVpy3EQyn_80_DX212_DY212_CX70_CY106.swf" />
      <file href="story_content/65VurbNMBmq_80_DX314_DY314.swf" />
      <file href="mobile/65VurbNMBmq_80_DX314_DY314_CX23_CY157.png" />
      <file href="mobile/65VurbNMBmq_80_DX314_DY314_CX23_CY157.swf" />
      <file href="story_content/5nFINzklRdN_80_DX360_DY360.swf" />
      <file href="mobile/5nFINzklRdN_80_DX360_DY360_CX23_CY180.png" />
      <file href="mobile/5nFINzklRdN_80_DX360_DY360_CX23_CY180.swf" />
      <file href="story_content/6dcidyxMmhh_80_DX50_DY50.swf" />
      <file href="mobile/6dcidyxMmhh_80_DX50_DY50_CX25_CY24.png" />
      <file href="mobile/6dcidyxMmhh_80_DX50_DY50_CX25_CY24.swf" />
      <file href="story_content/5lZYn7prB8s_80_DX40_DY40.swf" />
      <file href="mobile/5lZYn7prB8s_80_DX40_DY40_CX20_CY10.png" />
      <file href="mobile/5lZYn7prB8s_80_DX40_DY40_CX20_CY10.swf" />
      <file href="story_content/6Gu8CpbTkJU_80_DX100_DY100.swf" />
      <file href="mobile/6Gu8CpbTkJU_80_DX100_DY100_CX27_CY50.png" />
      <file href="mobile/6Gu8CpbTkJU_80_DX100_DY100_CX27_CY50.swf" />
      <file href="story_content/5XcUQmmDFce_80_DX206_DY206.swf" />
      <file href="mobile/5XcUQmmDFce_80_DX206_DY206_CX49_CY103.png" />
      <file href="mobile/5XcUQmmDFce_80_DX206_DY206_CX49_CY103.swf" />
      <file href="story_content/5j3EJEDI9g8_80_DX290_DY290.swf" />
      <file href="mobile/5j3EJEDI9g8_80_DX290_DY290_CX84_CY145.png" />
      <file href="mobile/5j3EJEDI9g8_80_DX290_DY290_CX84_CY145.swf" />
      <file href="story_content/6pvGU7yGanT_80_DX44_DY44.swf" />
      <file href="mobile/6pvGU7yGanT_80_DX44_DY44_CX22_CY10.png" />
      <file href="mobile/6pvGU7yGanT_80_DX44_DY44_CX22_CY10.swf" />
      <file href="story_content/6VoXDFpnkoU_80_DX46_DY46.swf" />
      <file href="mobile/6VoXDFpnkoU_80_DX46_DY46_CX23_CY11.png" />
      <file href="mobile/6VoXDFpnkoU_80_DX46_DY46_CX23_CY11.swf" />
      <file href="story_content/6TgwiBWdyHM_80_DX48_DY48.swf" />
      <file href="mobile/6TgwiBWdyHM_80_DX48_DY48_CX24_CY10.png" />
      <file href="mobile/6TgwiBWdyHM_80_DX48_DY48_CX24_CY10.swf" />
      <file href="story_content/5mOC6PTtfTC_80_DX46_DY46.swf" />
      <file href="mobile/5mOC6PTtfTC_80_DX46_DY46_CX23_CY11.png" />
      <file href="mobile/5mOC6PTtfTC_80_DX46_DY46_CX23_CY11.swf" />
      <file href="story_content/6Q49Z0sR7SG_80_DX24_DY24.swf" />
      <file href="mobile/6Q49Z0sR7SG_80_DX24_DY24_CX7_CY12.png" />
      <file href="mobile/6Q49Z0sR7SG_80_DX24_DY24_CX7_CY12.swf" />
      <file href="story_content/5fUj78CTw0E_80_DX282_DY282.swf" />
      <file href="mobile/5fUj78CTw0E_80_DX282_DY282_CX141_CY52.png" />
      <file href="mobile/5fUj78CTw0E_80_DX282_DY282_CX141_CY52.swf" />
      <file href="story_content/6ni7KQEkjlJ_80_DX276_DY276.swf" />
      <file href="mobile/6ni7KQEkjlJ_80_DX276_DY276_CX138_CY48.png" />
      <file href="mobile/6ni7KQEkjlJ_80_DX276_DY276_CX138_CY48.swf" />
      <file href="story_content/5xgwLRlYoMl_80_DX326_DY326.swf" />
      <file href="mobile/5xgwLRlYoMl_80_DX326_DY326_CX163_CY48.png" />
      <file href="mobile/5xgwLRlYoMl_80_DX326_DY326_CX163_CY48.swf" />
      <file href="story_content/69ItETczMUR_80_DX632_DY632.swf" />
      <file href="mobile/69ItETczMUR_80_DX632_DY632_CX316_CY55.png" />
      <file href="mobile/69ItETczMUR_80_DX632_DY632_CX316_CY55.swf" />
      <file href="story_content/6agjDIEbsi7_80_DX332_DY332.swf" />
      <file href="mobile/6agjDIEbsi7_80_DX332_DY332_CX166_CY50.png" />
      <file href="mobile/6agjDIEbsi7_80_DX332_DY332_CX166_CY50.swf" />
      <file href="story_content/6OrxjLrFime_22050_48.mp3" />
      <file href="story_content/5vJSW2rybMt_80_DX282_DY282.swf" />
      <file href="mobile/5vJSW2rybMt_80_DX282_DY282_CX81_CY141.png" />
      <file href="mobile/5vJSW2rybMt_80_DX282_DY282_CX81_CY141.swf" />
      <file href="story_content/6c5ZaC8J2XI_80_DX284_DY284.swf" />
      <file href="mobile/6c5ZaC8J2XI_80_DX284_DY284_CX81_CY142.png" />
      <file href="mobile/6c5ZaC8J2XI_80_DX284_DY284_CX81_CY142.swf" />
      <file href="story_content/6bduBHVWsmC_80_DX212_DY212.swf" />
      <file href="mobile/6bduBHVWsmC_80_DX212_DY212_CX70_CY106.png" />
      <file href="mobile/6bduBHVWsmC_80_DX212_DY212_CX70_CY106.swf" />
      <file href="story_content/626QwQ6f9GF_80_DX314_DY314.swf" />
      <file href="mobile/626QwQ6f9GF_80_DX314_DY314_CX23_CY157.png" />
      <file href="mobile/626QwQ6f9GF_80_DX314_DY314_CX23_CY157.swf" />
      <file href="story_content/5Y4lzkjO5lQ_80_DX360_DY360.swf" />
      <file href="mobile/5Y4lzkjO5lQ_80_DX360_DY360_CX23_CY180.png" />
      <file href="mobile/5Y4lzkjO5lQ_80_DX360_DY360_CX23_CY180.swf" />
      <file href="story_content/6F7N8fCU5SI_80_DX50_DY50.swf" />
      <file href="mobile/6F7N8fCU5SI_80_DX50_DY50_CX25_CY24.png" />
      <file href="mobile/6F7N8fCU5SI_80_DX50_DY50_CX25_CY24.swf" />
      <file href="story_content/6fzqJVCa1KH_80_DX40_DY40.swf" />
      <file href="mobile/6fzqJVCa1KH_80_DX40_DY40_CX20_CY10.png" />
      <file href="mobile/6fzqJVCa1KH_80_DX40_DY40_CX20_CY10.swf" />
      <file href="story_content/6hUyInRxRJ0_80_DX100_DY100.swf" />
      <file href="mobile/6hUyInRxRJ0_80_DX100_DY100_CX27_CY50.png" />
      <file href="mobile/6hUyInRxRJ0_80_DX100_DY100_CX27_CY50.swf" />
      <file href="story_content/694faf2Ci94_80_DX206_DY206.swf" />
      <file href="mobile/694faf2Ci94_80_DX206_DY206_CX49_CY103.png" />
      <file href="mobile/694faf2Ci94_80_DX206_DY206_CX49_CY103.swf" />
      <file href="story_content/6WMf1U1NiII_80_DX290_DY290.swf" />
      <file href="mobile/6WMf1U1NiII_80_DX290_DY290_CX84_CY145.png" />
      <file href="mobile/6WMf1U1NiII_80_DX290_DY290_CX84_CY145.swf" />
      <file href="story_content/5xGhoAarQ0k_80_DX44_DY44.swf" />
      <file href="mobile/5xGhoAarQ0k_80_DX44_DY44_CX22_CY10.png" />
      <file href="mobile/5xGhoAarQ0k_80_DX44_DY44_CX22_CY10.swf" />
      <file href="story_content/68qg7g9Q8pA_80_DX46_DY46.swf" />
      <file href="mobile/68qg7g9Q8pA_80_DX46_DY46_CX23_CY11.png" />
      <file href="mobile/68qg7g9Q8pA_80_DX46_DY46_CX23_CY11.swf" />
      <file href="story_content/5fIDsMuL0rt_80_DX48_DY48.swf" />
      <file href="mobile/5fIDsMuL0rt_80_DX48_DY48_CX24_CY10.png" />
      <file href="mobile/5fIDsMuL0rt_80_DX48_DY48_CX24_CY10.swf" />
      <file href="story_content/6EiWmSXpwy9_80_DX46_DY46.swf" />
      <file href="mobile/6EiWmSXpwy9_80_DX46_DY46_CX23_CY11.png" />
      <file href="mobile/6EiWmSXpwy9_80_DX46_DY46_CX23_CY11.swf" />
      <file href="story_content/6CQDZdcNKD1_80_DX24_DY24.swf" />
      <file href="mobile/6CQDZdcNKD1_80_DX24_DY24_CX7_CY12.png" />
      <file href="mobile/6CQDZdcNKD1_80_DX24_DY24_CX7_CY12.swf" />
      <file href="story_content/5mqcb0Lae0X_80_DX152_DY152.swf" />
      <file href="mobile/5mqcb0Lae0X_80_DX152_DY152_CX76_CY34.png" />
      <file href="mobile/5mqcb0Lae0X_80_DX152_DY152_CX76_CY34.swf" />
      <file href="story_content/64UdSQRsnBo_80_DX208_DY208.swf" />
      <file href="mobile/64UdSQRsnBo_80_DX208_DY208_CX104_CY32.png" />
      <file href="mobile/64UdSQRsnBo_80_DX208_DY208_CX104_CY32.swf" />
      <file href="story_content/5bU4yBopsU6_80_DX120_DY120.swf" />
      <file href="mobile/5bU4yBopsU6_80_DX120_DY120_CX60_CY1.png" />
      <file href="mobile/5bU4yBopsU6_80_DX120_DY120_CX60_CY1.swf" />
      <file href="story_content/66nADKH9FGD_80_DX246_DY246.swf" />
      <file href="mobile/66nADKH9FGD_80_DX246_DY246_CX1_CY123.png" />
      <file href="mobile/66nADKH9FGD_80_DX246_DY246_CX1_CY123.swf" />
      <file href="story_content/6lNNilG0sGo_80_DX246_DY246.swf" />
      <file href="mobile/6lNNilG0sGo_80_DX246_DY246_CX1_CY123.png" />
      <file href="mobile/6lNNilG0sGo_80_DX246_DY246_CX1_CY123.swf" />
      <file href="story_content/6rkMJAMZZJA_80_DX120_DY120.swf" />
      <file href="mobile/6rkMJAMZZJA_80_DX120_DY120_CX60_CY1.png" />
      <file href="mobile/6rkMJAMZZJA_80_DX120_DY120_CX60_CY1.swf" />
      <file href="story_content/5qELIdfyOZf_80_DX120_DY120.swf" />
      <file href="mobile/5qELIdfyOZf_80_DX120_DY120_CX60_CY1.png" />
      <file href="mobile/5qELIdfyOZf_80_DX120_DY120_CX60_CY1.swf" />
      <file href="story_content/5fYpmOttWDw_80_DX422_DY422.swf" />
      <file href="mobile/5fYpmOttWDw_80_DX422_DY422_CX1_CY211.png" />
      <file href="mobile/5fYpmOttWDw_80_DX422_DY422_CX1_CY211.swf" />
      <file href="story_content/5nIe4E45OMP_80_DX96_DY96.swf" />
      <file href="mobile/5nIe4E45OMP_80_DX96_DY96_CX48_CY1.png" />
      <file href="mobile/5nIe4E45OMP_80_DX96_DY96_CX48_CY1.swf" />
      <file href="story_content/6DbCsmi1m71_80_DX600_DY600.swf" />
      <file href="mobile/6DbCsmi1m71_80_DX600_DY600_CX300_CY88.png" />
      <file href="mobile/6DbCsmi1m71_80_DX600_DY600_CX300_CY88.swf" />
      <file href="story_content/6jZfulO9Kkr_80_DX176_DY176.swf" />
      <file href="mobile/6jZfulO9Kkr_80_DX176_DY176_CX1_CY88.png" />
      <file href="mobile/6jZfulO9Kkr_80_DX176_DY176_CX1_CY88.swf" />
      <file href="story_content/6QCUPjAHOEJ_80_DX96_DY96.swf" />
      <file href="mobile/6QCUPjAHOEJ_80_DX96_DY96_CX48_CY32.png" />
      <file href="mobile/6QCUPjAHOEJ_80_DX96_DY96_CX48_CY32.swf" />
      <file href="story_content/5n5cM3vIgYD_80_DX88_DY88.swf" />
      <file href="mobile/5n5cM3vIgYD_80_DX88_DY88_CX44_CY33.png" />
      <file href="mobile/5n5cM3vIgYD_80_DX88_DY88_CX44_CY33.swf" />
      <file href="story_content/6SW0Jg7eA0v_80_DX96_DY96.swf" />
      <file href="mobile/6SW0Jg7eA0v_80_DX96_DY96_CX48_CY32.png" />
      <file href="mobile/6SW0Jg7eA0v_80_DX96_DY96_CX48_CY32.swf" />
      <file href="story_content/6bWzBtRVkXe_80_DX196_DY196.swf" />
      <file href="mobile/6bWzBtRVkXe_80_DX196_DY196_CX98_CY32.png" />
      <file href="mobile/6bWzBtRVkXe_80_DX196_DY196_CX98_CY32.swf" />
      <file href="story_content/6XdHXSSjkB7_80_DX212_DY212.swf" />
      <file href="mobile/6XdHXSSjkB7_80_DX212_DY212_CX106_CY34.png" />
      <file href="mobile/6XdHXSSjkB7_80_DX212_DY212_CX106_CY34.swf" />
      <file href="story_content/6hdH5QZwhW5_80_DX100_DY100.swf" />
      <file href="mobile/6hdH5QZwhW5_80_DX100_DY100_CX50_CY34.png" />
      <file href="mobile/6hdH5QZwhW5_80_DX100_DY100_CX50_CY34.swf" />
      <file href="story_content/5VHtuz7B4oI_80_DX156_DY156.swf" />
      <file href="mobile/5VHtuz7B4oI_80_DX156_DY156_CX78_CY35.png" />
      <file href="mobile/5VHtuz7B4oI_80_DX156_DY156_CX78_CY35.swf" />
      <file href="story_content/5ktK1WKuijj_80_DX92_DY92.swf" />
      <file href="mobile/5ktK1WKuijj_80_DX92_DY92_CX46_CY35.png" />
      <file href="mobile/5ktK1WKuijj_80_DX92_DY92_CX46_CY35.swf" />
      <file href="story_content/5ljArohvSCa_80_DX388_DY388.swf" />
      <file href="mobile/5ljArohvSCa_80_DX388_DY388_CX194_CY7.png" />
      <file href="mobile/5ljArohvSCa_80_DX388_DY388_CX194_CY7.swf" />
      <file href="story_content/6URdHupbyQR_80_DX268_DY268.swf" />
      <file href="mobile/6URdHupbyQR_80_DX268_DY268_CX134_CY7.png" />
      <file href="mobile/6URdHupbyQR_80_DX268_DY268_CX134_CY7.swf" />
      <file href="story_content/6HyOCGG9Xkj_80_DX76_DY76.swf" />
      <file href="mobile/6HyOCGG9Xkj_80_DX76_DY76_CX38_CY7.png" />
      <file href="mobile/6HyOCGG9Xkj_80_DX76_DY76_CX38_CY7.swf" />
      <file href="story_content/6O2Mxno6Mq4_80_DX102_DY102.swf" />
      <file href="mobile/6O2Mxno6Mq4_80_DX102_DY102_CX51_CY34.png" />
      <file href="mobile/6O2Mxno6Mq4_80_DX102_DY102_CX51_CY34.swf" />
      <file href="story_content/67R0gJlJavb_22050_48.mp3" />
      <file href="story_content/6520vpkqKnE_22050_48.mp3" />
      <file href="story_content/6FOCIDvpkUa_80_DX1440_DY1440.swf" />
      <file href="mobile/6FOCIDvpkUa_80_DX1440_DY1440_CX720_CY386.png" />
      <file href="mobile/6FOCIDvpkUa_80_DX1440_DY1440_CX720_CY386.swf" />
      <file href="story_content/5Yq8ag6F2XJ_22050_48.mp3" />
      <file href="story_content/66zy6Dx8Ip5_80_P_0_0_1000_787_DX416_DY416.swf" />
      <file href="mobile/66zy6Dx8Ip5_80_P_0_0_1000_787_DX416_DY416_CX208_CY164.png" />
      <file href="mobile/66zy6Dx8Ip5_80_P_0_0_1000_787_DX416_DY416_CX208_CY164.swf" />
      <file href="story_content/6cpHrQ7qzgq_80_DX1440_DY1440.swf" />
      <file href="mobile/6cpHrQ7qzgq_80_DX1440_DY1440_CX720_CY28.png" />
      <file href="mobile/6cpHrQ7qzgq_80_DX1440_DY1440_CX720_CY28.swf" />
      <file href="story_content/5tf0hah6MZ4_80_DX970_DY970.swf" />
      <file href="mobile/5tf0hah6MZ4_80_DX970_DY970_CX485_CY34.png" />
      <file href="mobile/5tf0hah6MZ4_80_DX970_DY970_CX485_CY34.swf" />
      <file href="story_content/5dYH4J9u75Q_80_DX184_DY184.swf" />
      <file href="mobile/5dYH4J9u75Q_80_DX184_DY184_CX92_CY92.png" />
      <file href="mobile/5dYH4J9u75Q_80_DX184_DY184_CX92_CY92.swf" />
      <file href="story_content/5pHiDP1VXfc_80_DX188_DY188.swf" />
      <file href="mobile/5pHiDP1VXfc_80_DX188_DY188_CX94_CY94.png" />
      <file href="mobile/5pHiDP1VXfc_80_DX188_DY188_CX94_CY94.swf" />
      <file href="story_content/65pG1VyFyQh_80_P_732_287_767_837_DX1040_DY1040.swf" />
      <file href="mobile/65pG1VyFyQh_80_P_732_287_767_837_DX1040_DY1040_CX190_CY207.png" />
      <file href="mobile/65pG1VyFyQh_80_P_732_287_767_837_DX1040_DY1040_CX190_CY207.swf" />
      <file href="story_content/65pG1VyFyQh_80_DX1040_DY1040.swf" />
      <file href="mobile/65pG1VyFyQh_80_DX1040_DY1040_CX520_CY390.png" />
      <file href="mobile/65pG1VyFyQh_80_DX1040_DY1040_CX520_CY390.swf" />
      <file href="meta.xml" />
      <file href="mobile/6L7SZo3tz0r.jpg" />
      <file href="story_content/logo.swf" />
      <file href="story_content/frame.xml" />
      <file href="story_content/frame.js" />
      <file href="story_content/user.js" />
      <file href="mobile/app_store.png" />
      <file href="mobile/mobile_icon.png" />
      <file href="mobile/linen_background.jpg" />
      <file href="story_unsupported.html" />
      <file href="mobile/txt__default_6MJ1wVHX54e.png" />
      <file href="mobile/txt__default_6OK1QbHAkFs.png" />
      <file href="mobile/txt__default_69RZyMh78nX_link00000004-0000-0000-0000-000000000000.png" />
      <file href="mobile/txt__default_69RZyMh78nX_link00000003-0000-0000-0000-000000000000.png" />
      <file href="mobile/txt__default_69RZyMh78nX_link00000002-0000-0000-0000-000000000000.png" />
      <file href="mobile/txt__default_69RZyMh78nX_link00000001-0000-0000-0000-000000000000.png" />
      <file href="mobile/txt__default_69RZyMh78nX.png" />
      <file href="mobile/txt__default_6Jd4OX4EcRd.png" />
      <file href="mobile/txt__default_5gEkYRggZrz.png" />
      <file href="mobile/txt__default_6bvVDeRqE3D.png" />
      <file href="mobile/txt__default_6gC2TfqpCx5.png" />
      <file href="mobile/txt__default_5xBmbc6rias.png" />
      <file href="mobile/txt__default_61JeloLYboT.png" />
      <file href="mobile/txt__default_5vNMRMbOW7Z.png" />
      <file href="mobile/txt__default_5f9ArREAxPJ.png" />
      <file href="mobile/txt__default_5dL5bez5Bed.png" />
      <file href="mobile/txt__default_5wpqGRdxDaw.png" />
      <file href="mobile/txt__default_6MlS9BnSIve.png" />
      <file href="mobile/txt__default_6eMze5wrFWz.png" />
      <file href="mobile/txt__default_5sx8ohE3xjV.png" />
      <file href="mobile/txt__default_5yQ1GQhkuKf.png" />
      <file href="mobile/txt__default_67hWSo5xGxr.png" />
      <file href="mobile/txt__default_6pLy5nOkSZB.png" />
      <file href="mobile/txt__default_61SGrjvlSIF.png" />
      <file href="mobile/txt__default_6LKsmeW7d9w.png" />
      <file href="mobile/txt__default_6a5M67k37nR.png" />
      <file href="mobile/txt__default_6CpZH1ZnhQs.png" />
      <file href="mobile/txt__default_69bChtxvGWf.png" />
      <file href="mobile/txt__default_5mhhggQZ5hQ.png" />
      <file href="mobile/txt__default_6nPC9j7Xw8y.png" />
      <file href="mobile/txt__default_5WOosW6XuPN.png" />
      <file href="mobile/txt__default_6kHTtTlpgCd.png" />
      <file href="mobile/txt__default_5oXKwkrC3c9.png" />
      <file href="mobile/txt__default_5zZQD1mmOUT.png" />
      <file href="mobile/txt__default_6GDPIhN4bTz.png" />
      <file href="mobile/txt__default_6H0GfhmvlQk.png" />
      <file href="mobile/txt__default_6Dw9C2WeClP.png" />
      <file href="mobile/txt__default_6fDgX1ZkdiV.png" />
      <file href="mobile/txt__default_5xz8AAn5TUa.png" />
      <file href="mobile/txt__default_5giCBAWU6Lt.png" />
      <file href="mobile/txt__default_5wUfBY4JWra.png" />
      <file href="mobile/txt__default_5cUYZ7gPjgU.png" />
      <file href="mobile/txt__default_5iFCcT78F2P.png" />
      <file href="mobile/txt__default_6dDEcbBG3uF.png" />
      <file href="mobile/txt__default_684RfNKEWBv.png" />
      <file href="mobile/txt__default_6RI5L5uGagk.png" />
      <file href="mobile/txt__default_6Azuhi201Lb.png" />
      <file href="mobile/txt__default_6odiNYvnjWN.png" />
      <file href="mobile/txt__default_65LK6XjBUKA.png" />
      <file href="mobile/txt__default_6mt4JlDDW1G.png" />
      <file href="mobile/txt__default_6msYI6gHiyL.png" />
      <file href="mobile/txt__default_5xEQWNe2x67.png" />
      <file href="mobile/txt__default_6P3VFNX0U8W.png" />
      <file href="mobile/txt__default_6KHDehd28R8.png" />
      <file href="mobile/txt__default_6WjYacj8uhn.png" />
      <file href="mobile/txt__default_60Z4GC7AXor.png" />
      <file href="mobile/txt__default_6dJsr8FZ4RF.png" />
      <file href="mobile/txt__default_6SCZeKZEWu0.png" />
      <file href="mobile/txt__default_5bpnkxdRqaD.png" />
      <file href="mobile/txt__default_6gjRYa4sDvt.png" />
      <file href="mobile/txt__default_6NqbYV4kXiy.png" />
      <file href="mobile/txt__default_6TM9x01Whiy.png" />
      <file href="mobile/txt__default_6eHrgmbdJwY.png" />
      <file href="mobile/txt__default_6oVDT7GPXrg.png" />
      <file href="mobile/txt__default_5gCM6NZ2eWb.png" />
      <file href="mobile/txt__default_5YyRxyO7WP9.png" />
      <file href="mobile/txt__default_6N0nsKCFv5R.png" />
      <file href="mobile/txt__default_6W9HWjbqJRa.png" />
      <file href="mobile/txt__default_6eMMPGM4QaO.png" />
      <file href="mobile/txt__default_6GJDqJnO38C.png" />
      <file href="mobile/txt__default_6kUxnvzkjVg.png" />
      <file href="mobile/txt__default_6a7LtoPSMGW.png" />
      <file href="mobile/txt__default_6nQ9CH6to9p.png" />
      <file href="mobile/txt__default_5ZSBLKGy8UE.png" />
      <file href="mobile/txt__default_5v2BpmhRwZe.png" />
      <file href="mobile/txt__default_5eiP4g1nxMa.png" />
      <file href="mobile/txt__default_67egp0ojlvj.png" />
      <file href="mobile/txt__default_5bQNW8qgbGA.png" />
      <file href="mobile/txt__default_6Nv6lX7P2Im.png" />
      <file href="mobile/txt__default_5rf4PgIwxrV.png" />
      <file href="mobile/txt__default_5VlfT1FPoSV.png" />
      <file href="mobile/txt__default_5r1cxnIwVev.png" />
      <file href="mobile/txt__default_6Y6g9U27awP.png" />
      <file href="mobile/player.css" />
      <file href="mobile/player_compiled.js" />
      <file href="story_content/FontFactory.swf" />
      <file href="story_content/fonts.swf" />
      <file href="story_content/fonts.xml" />
      <file href="mobile/fonts.js" />
      <file href="story.swf" />
      <file href="story_content/frame.swf" />
      <file href="story_content/slides/6X7IzWqZSmE.swf" />
      <file href="story_content/slides/6WCYN6OpW27.swf" />
      <file href="story_content/slides/6qmFbY1FAtc.swf" />
      <file href="story_content/slides/6U8A6hJrJFj.swf" />
      <file href="mobile/slides/6X7IzWqZSmE.gz" />
      <file href="mobile/slides/6WCYN6OpW27.gz" />
      <file href="mobile/slides/6U8A6hJrJFj.gz" />
      <file href="mobile/slides/6qmFbY1FAtc.gz" />
      <file href="story_content/slides/5qYWk0fP2Jp.swf" />
      <file href="mobile/slides/5qYWk0fP2Jp.gz" />
      <file href="mobile/slides/5qYWk0fP2Jp.js" />
      <file href="mobile/slides/6U8A6hJrJFj.js" />
      <file href="mobile/slides/6X7IzWqZSmE.js" />
      <file href="story_content/slides/6cn9dzW4Wop.swf" />
      <file href="mobile/slides/6WCYN6OpW27.js" />
      <file href="mobile/slides/6cn9dzW4Wop.gz" />
      <file href="story_content/slides/67gpJSLVxbW.swf" />
      <file href="mobile/slides/67gpJSLVxbW.gz" />
      <file href="story_content/slides/5cJvFVjAz2U.swf" />
      <file href="mobile/slides/5cJvFVjAz2U.gz" />
      <file href="story_content/slides/6pljMeg5DDM.swf" />
      <file href="mobile/slides/6pljMeg5DDM.gz" />
      <file href="mobile/slides/6cn9dzW4Wop.js" />
      <file href="mobile/slides/6qmFbY1FAtc.js" />
      <file href="story_content/slides/6fBzidhg5jY.swf" />
      <file href="mobile/slides/67gpJSLVxbW.js" />
      <file href="mobile/slides/6fBzidhg5jY.gz" />
      <file href="story_content/slides/67L3lRIjpBT.swf" />
      <file href="mobile/slides/67L3lRIjpBT.gz" />
      <file href="story_content/slides/64mLVpJ5Wij.swf" />
      <file href="mobile/slides/64mLVpJ5Wij.gz" />
      <file href="mobile/slides/6pljMeg5DDM.js" />
      <file href="mobile/slides/5cJvFVjAz2U.js" />
      <file href="mobile/slides/6fBzidhg5jY.js" />
      <file href="story_content/slides/6FUgUo7aUhF.swf" />
      <file href="mobile/slides/6FUgUo7aUhF.gz" />
      <file href="story_content/slides/6rfT7qPCiNj.swf" />
      <file href="mobile/slides/6rfT7qPCiNj.gz" />
      <file href="mobile/slides/64mLVpJ5Wij.js" />
      <file href="story_content/slides/5xYbmbrVnVV.swf" />
      <file href="story_content/slides/5zP9taexX7O.swf" />
      <file href="mobile/slides/5xYbmbrVnVV.gz" />
      <file href="mobile/slides/5zP9taexX7O.gz" />
      <file href="mobile/slides/6FUgUo7aUhF.js" />
      <file href="mobile/slides/6rfT7qPCiNj.js" />
      <file href="mobile/slides/67L3lRIjpBT.js" />
      <file href="story_content/slides/6D40QSZGm0e.swf" />
      <file href="mobile/slides/6D40QSZGm0e.gz" />
      <file href="story_content/slides/5pM93sDeF98.swf" />
      <file href="story_content/slides/6Yf3V0EmPQ6.swf" />
      <file href="mobile/slides/5xYbmbrVnVV.js" />
      <file href="mobile/slides/6Yf3V0EmPQ6.gz" />
      <file href="mobile/slides/5pM93sDeF98.gz" />
      <file href="story_content/slides/5qvuL8h659T.swf" />
      <file href="mobile/slides/5qvuL8h659T.gz" />
      <file href="mobile/slides/5pM93sDeF98.js" />
      <file href="mobile/slides/6D40QSZGm0e.js" />
      <file href="story_content/slides/6bVKApx1117.swf" />
      <file href="mobile/slides/6bVKApx1117.gz" />
      <file href="mobile/slides/6Yf3V0EmPQ6.js" />
      <file href="story_content/slides/6jXyNFlHwff.swf" />
      <file href="mobile/slides/6jXyNFlHwff.gz" />
      <file href="story_content/slides/6jqt5DFgdoH.swf" />
      <file href="mobile/slides/5zP9taexX7O.js" />
      <file href="mobile/slides/6jqt5DFgdoH.gz" />
      <file href="mobile/slides/5qvuL8h659T.js" />
      <file href="mobile/slides/6jXyNFlHwff.js" />
      <file href="story_content/slides/6IrGUuWAtR7.swf" />
      <file href="story_content/slides/6gfzfFv4Qnt.swf" />
      <file href="mobile/slides/6IrGUuWAtR7.gz" />
      <file href="mobile/slides/6gfzfFv4Qnt.gz" />
      <file href="story_content/slides/5qoIgBkypiT.swf" />
      <file href="mobile/slides/5qoIgBkypiT.gz" />
      <file href="mobile/slides/6bVKApx1117.js" />
      <file href="story_content/slides/6VwDkEdxeDh.swf" />
      <file href="mobile/slides/6VwDkEdxeDh.gz" />
      <file href="mobile/slides/5qoIgBkypiT.js" />
      <file href="mobile/slides/6jqt5DFgdoH.js" />
      <file href="story_content/slides/6n8PQkTvRjA.swf" />
      <file href="mobile/slides/6n8PQkTvRjA.gz" />
      <file href="story_content/slides/6nYtAsuFwzq.swf" />
      <file href="mobile/slides/6nYtAsuFwzq.gz" />
      <file href="mobile/slides/6gfzfFv4Qnt.js" />
      <file href="mobile/slides/6VwDkEdxeDh.js" />
      <file href="mobile/slides/6IrGUuWAtR7.js" />
      <file href="mobile/slides/6nYtAsuFwzq.js" />
      <file href="story_content/slides/5ycLCAyk8hM.swf" />
      <file href="mobile/slides/5ycLCAyk8hM.gz" />
      <file href="story_content/slides/63r8gs5JsF2.swf" />
      <file href="mobile/slides/63r8gs5JsF2.gz" />
      <file href="story_content/slides/6LphUDNkcOp.swf" />
      <file href="story_content/slides/5x7ENt6n0g4.swf" />
      <file href="mobile/slides/6LphUDNkcOp.gz" />
      <file href="mobile/slides/5x7ENt6n0g4.gz" />
      <file href="mobile/slides/6n8PQkTvRjA.js" />
      <file href="mobile/slides/5ycLCAyk8hM.js" />
      <file href="story_content/slides/5f8oYscoSOR.swf" />
      <file href="mobile/slides/5x7ENt6n0g4.js" />
      <file href="story_content/slides/6Cz8VSMZQow.swf" />
      <file href="mobile/slides/5f8oYscoSOR.gz" />
      <file href="mobile/slides/6Cz8VSMZQow.gz" />
      <file href="mobile/slides/6LphUDNkcOp.js" />
      <file href="story_content/slides/5lHZETk7PDj.swf" />
      <file href="mobile/slides/5lHZETk7PDj.gz" />
      <file href="mobile/slides/63r8gs5JsF2.js" />
      <file href="story_content/slides/5d5fL12j91L.swf" />
      <file href="story_content/slides/5hvgCi2fMOz.swf" />
      <file href="mobile/slides/5hvgCi2fMOz.gz" />
      <file href="mobile/slides/5d5fL12j91L.gz" />
      <file href="mobile/slides/6Cz8VSMZQow.js" />
      <file href="mobile/slides/5hvgCi2fMOz.js" />
      <file href="mobile/slides/5f8oYscoSOR.js" />
      <file href="story_content/slides/5fE3OUSDh8m.swf" />
      <file href="story_content/slides/6qlqqh09LyZ.swf" />
      <file href="mobile/slides/6qlqqh09LyZ.gz" />
      <file href="mobile/slides/5fE3OUSDh8m.gz" />
      <file href="mobile/slides/5lHZETk7PDj.js" />
      <file href="mobile/slides/6qlqqh09LyZ.js" />
      <file href="mobile/slides/5fE3OUSDh8m.js" />
      <file href="mobile/slides/5d5fL12j91L.js" />
      <file href="story_content/slides/6ePXQ0Ubjtn.swf" />
      <file href="mobile/slides/6ePXQ0Ubjtn.gz" />
      <file href="story_content/slides/6NakzUUXgYh.swf" />
      <file href="mobile/slides/6NakzUUXgYh.gz" />
      <file href="mobile/slides/6ePXQ0Ubjtn.js" />
      <file href="story_content/slides/6dBWfCEiAA4.swf" />
      <file href="mobile/slides/6dBWfCEiAA4.gz" />
      <file href="story_content/slides/6JmkNRjDuB1.swf" />
      <file href="mobile/slides/6JmkNRjDuB1.gz" />
      <file href="mobile/slides/6NakzUUXgYh.js" />
      <file href="mobile/slides/6dBWfCEiAA4.js" />
      <file href="story_content/slides/6EZczkIsRJV.swf" />
      <file href="story_content/slides/6HFs1VXB2KK.swf" />
      <file href="mobile/slides/6HFs1VXB2KK.gz" />
      <file href="mobile/slides/6EZczkIsRJV.gz" />
      <file href="mobile/slides/6EZczkIsRJV.js" />
      <file href="mobile/slides/6HFs1VXB2KK.js" />
      <file href="story_content/slides/6olsH9Q1IRO.swf" />
      <file href="mobile/slides/6olsH9Q1IRO.gz" />
      <file href="story_content/slides/6dU3iQaq1kj.swf" />
      <file href="mobile/slides/6dU3iQaq1kj.gz" />
      <file href="mobile/slides/6JmkNRjDuB1.js" />
      <file href="mobile/slides/6olsH9Q1IRO.js" />
      <file href="story_content/slides/6CRXyWmrbTZ.swf" />
      <file href="mobile/slides/6CRXyWmrbTZ.gz" />
      <file href="mobile/slides/6dU3iQaq1kj.js" />
      <file href="story_content/slides/6RKU6l1mWW4.swf" />
      <file href="mobile/slides/6RKU6l1mWW4.gz" />
      <file href="story_content/slides/6GI0RFeCTGc.swf" />
      <file href="mobile/slides/6GI0RFeCTGc.gz" />
      <file href="mobile/slides/6CRXyWmrbTZ.js" />
      <file href="mobile/slides/6GI0RFeCTGc.js" />
      <file href="story_content/slides/6iRZA5hcEsv.swf" />
      <file href="mobile/slides/6iRZA5hcEsv.gz" />
      <file href="mobile/slides/6RKU6l1mWW4.js" />
      <file href="mobile/slides/6iRZA5hcEsv.js" />
      <file href="story_content/slides/6f3amb03536.swf" />
      <file href="mobile/slides/6f3amb03536.gz" />
      <file href="story_content/slides/6rfPTwmZa8a.swf" />
      <file href="mobile/slides/6rfPTwmZa8a.gz" />
      <file href="mobile/slides/6f3amb03536.js" />
      <file href="mobile/slides/6rfPTwmZa8a.js" />
      <file href="story_content/slides/6QLKTtS87o9.swf" />
      <file href="mobile/slides/6QLKTtS87o9.gz" />
      <file href="mobile/slides/6QLKTtS87o9.js" />
      <file href="story_content/slides/5bfjREpxuwP.swf" />
      <file href="mobile/slides/5bfjREpxuwP.gz" />
      <file href="mobile/slides/5bfjREpxuwP.js" />
      <file href="story_content/slides/6IyDfGSl9g3.swf" />
      <file href="mobile/slides/6IyDfGSl9g3.gz" />
      <file href="mobile/slides/6IyDfGSl9g3.js" />
      <file href="story_content/data.swf" />
      <file href="mobile/data.gz" />
      <file href="mobile/data.js" />
      <file href="mobile/masks.js" />
      <file href="story.html" />
      <file href="story_html5.html" />
      <file href="index_lms_html5.html" />
      <file href="story_content/blank.html" />
      <file href="story_content/story.js" />
      <file href="amplaunch.html" />
      <file href="mobile/mobileinstall.html" />
      <file href="index_lms.html" />
      <file href="lms/AICCComm.html" />
      <file href="lms/AICCFunctions.js" />
      <file href="lms/API.js" />
      <file href="lms/APIConstants.js" />
      <file href="lms/blank.html" />
      <file href="lms/browsersniff.js" />
      <file href="lms/Configuration.js" />
      <file href="lms/goodbye.html" />
      <file href="lms/lms.js" />
      <file href="lms/LMSAPI.js" />
      <file href="lms/NONEFunctions.js" />
      <file href="lms/SCORM2004Functions.js" />
      <file href="lms/SCORMFunctions.js" />
      <file href="lms/UtilityFunctions.js" />
    </resource>
  </resources>
</manifest>