<?xml version="1.0" encoding="utf-8"?><bwFrame xmlns:xsi="http://www.w3.org/2001/XMLSchema-instance" xmlns:xsd="http://www.w3.org/2001/XMLSchema" default_layout="pxnsnfns1111000111" textdirection="ltr" device="true" fontscale="100" kbshortcuts="false" skip_nav_enabled="true" outputtype="undefined"><layouts><layout name="npnxsnfns1111000111" font="Arial" controllayout="npnxsnfns1111000111" colorscheme="pxnsnfns1111000111" string_table="pxnsnfns1111000111" /><layout name="pxnsnfns1111000111" font="Arial" controllayout="pxnsnfns1111000111" colorscheme="pxnsnfns1111000111" string_table="pxnsnfns1111000111" /><layout name="npxnsnfns1111000111" font="Arial" controllayout="npxnsnfns1111000111" colorscheme="pxnsnfns1111000111" string_table="pxnsnfns1111000111" /><layout name="npnxnsnfns1111000111" font="Arial" controllayout="npnxnsnfns1111000111" colorscheme="pxnsnfns1111000111" string_table="pxnsnfns1111000111" /><layout name="pxnsnfns1111000110" font="Arial" controllayout="pxnsnfns1111000110" colorscheme="pxnsnfns1111000111" string_table="pxnsnfns1111000111" /><layout name="pxnsnfns1111000101" font="Arial" controllayout="pxnsnfns1111000101" colorscheme="pxnsnfns1111000111" string_table="pxnsnfns1111000111" /></layouts><control_options><optiongroups><optiongroup name="sidebaroptions"><options><option name="title_enabled" value="true"><options><option name="title_text" value="BÀI 5 KẾ TOÁN ĐẦU TƯ TÀI CHÍNH VÀ HOẠT ĐỘNG KHÁC" /></options></option><option name="logo_enabled" value="true"><options><option name="logo_url" value="story_content/logo.swf"><properties><property name="width" value="211" /><property name="height" value="175" /></properties></option><option name="html5_logo_url" value="mobile/6MQ15lhzxjf.jpg" /></options></option><option name="sidebar_enabled" value="true"><options><option name="sidebarpos" value="left" /></options></option><optionlist name="tabs"><listitems><listitem name="resources" value="false" group="linkright" /><listitem name="outline" value="true" group="sidebar" /><listitem name="glossary" value="false" group="sidebar" /><listitem name="transcript" value="false" group="sidebar" /></listitems></optionlist><option name="time_enabled" value="false"><options><option name="time_format" value="totalelapsed" /></options></option><option name="video_enabled" value="false"><options><option name="height" value="135" /></options></option></options></optiongroup><optiongroup name="menuoptions"><options><option name="flow" value="free" /><option name="wraplistitems" value="false" /><option name="tooltips" value="true" /><option name="autocollapse" value="true" /><option name="autonumber" value="false" /><option name="enableresultsicons" value="true" /></options></optiongroup><optiongroup name="controls"><options><option name="volume" value="true" /><option name="seekbar" value="true"><options><option name="readonly" value="false" /></options></option><option name="search" value="true" /><option name="pauseplay" value="true" /><option name="replay" value="true" /></options></optiongroup><optiongroup name="bottombaroptions"><options><option name="bottombar_enabled" value="true" /></options></optiongroup></optiongroups></control_options><control_layouts><control_layout name="npnxsnfns1111000111"><control name="volume" enabled="true" /><control name="seekbar" enabled="true" /><control name="replay" enabled="true" /><control name="pauseplay" enabled="true" /><control name="logo" enabled="true" /><control name="previous" enabled="false" /><control name="next" enabled="false" /><control name="submit" enabled="true" /><control name="finish" enabled="false" /><control name="submitall" enabled="false" /><control name="resources" enabled="false" /><control name="glossary" enabled="false" /><control name="transcript" enabled="false" /><control name="outline" enabled="true"><controls><control name="search" enabled="true" /></controls></control><control name="close_btn" enabled="true" /></control_layout><control_layout name="pxnsnfns1111000111"><control name="volume" enabled="true" /><control name="seekbar" enabled="true" /><control name="replay" enabled="true" /><control name="pauseplay" enabled="true" /><control name="logo" enabled="true" /><control name="previous" enabled="true" /><control name="next" enabled="true" /><control name="submit" enabled="false" /><control name="finish" enabled="false" /><control name="submitall" enabled="false" /><control name="resources" enabled="false" /><control name="glossary" enabled="false" /><control name="transcript" enabled="false" /><control name="outline" enabled="true"><controls><control name="search" enabled="true" /></controls></control><control name="close_btn" enabled="true" /></control_layout><control_layout name="npxnsnfns1111000111"><control name="volume" enabled="true" /><control name="seekbar" enabled="true" /><control name="replay" enabled="true" /><control name="pauseplay" enabled="true" /><control name="logo" enabled="true" /><control name="previous" enabled="false" /><control name="next" enabled="true" /><control name="submit" enabled="false" /><control name="finish" enabled="false" /><control name="submitall" enabled="false" /><control name="resources" enabled="false" /><control name="glossary" enabled="false" /><control name="transcript" enabled="false" /><control name="outline" enabled="true"><controls><control name="search" enabled="true" /></controls></control><control name="close_btn" enabled="true" /></control_layout><control_layout name="npnxnsnfns1111000111"><control name="volume" enabled="true" /><control name="seekbar" enabled="true" /><control name="replay" enabled="true" /><control name="pauseplay" enabled="true" /><control name="logo" enabled="true" /><control name="previous" enabled="false" /><control name="next" enabled="false" /><control name="submit" enabled="false" /><control name="finish" enabled="false" /><control name="submitall" enabled="false" /><control name="resources" enabled="false" /><control name="glossary" enabled="false" /><control name="transcript" enabled="false" /><control name="outline" enabled="true"><controls><control name="search" enabled="true" /></controls></control><control name="close_btn" enabled="true" /></control_layout><control_layout name="pxnsnfns1111000110"><control name="volume" enabled="true" /><control name="seekbar" enabled="true" /><control name="replay" enabled="true" /><control name="pauseplay" enabled="true" /><control name="logo" enabled="true" /><control name="previous" enabled="true" /><control name="next" enabled="true" /><control name="submit" enabled="false" /><control name="finish" enabled="false" /><control name="submitall" enabled="false" /><control name="resources" enabled="false" /><control name="glossary" enabled="false" /><control name="transcript" enabled="false" /><control name="outline" enabled="true"><controls><control name="search" enabled="true" /></controls></control><control name="close_btn" enabled="false" /></control_layout><control_layout name="pxnsnfns1111000101"><control name="volume" enabled="true" /><control name="seekbar" enabled="true" /><control name="replay" enabled="true" /><control name="pauseplay" enabled="true" /><control name="logo" enabled="true" /><control name="previous" enabled="true" /><control name="next" enabled="true" /><control name="submit" enabled="false" /><control name="finish" enabled="false" /><control name="submitall" enabled="false" /><control name="resources" enabled="false" /><control name="glossary" enabled="false" /><control name="transcript" enabled="false" /><control name="outline" enabled="true"><controls><control name="search" enabled="true" /></controls></control><control name="close_btn" enabled="true" /></control_layout></control_layouts><colorschemes><colorscheme name="pxnsnfns1111000111"><color_group name="infopanel"><group_colors><color name="link_text"><fill type="linear" rotation="90"><colors><color rgb="0x7C2280" alpha="100" stop="0" /></colors></fill></color><color name="link_hover"><fill type="linear" rotation="90"><colors><color rgb="0x0000EE" alpha="100" stop="0" /></colors></fill></color><color name="shadow"><fill type="linear" rotation="90"><colors><color rgb="0x6DA1CE" alpha="100" stop="0" /></colors></fill></color><color name="bg"><fill type="linear" rotation="90"><colors><color rgb="0xFFFFFF" alpha="100" stop="0" /></colors></fill></color><color name="name_text"><fill type="linear" rotation="90"><colors><color rgb="0x444444" alpha="100" stop="0" /></colors></fill></color><color name="title_text"><fill type="linear" rotation="90"><colors><color rgb="0x999999" alpha="100" stop="0" /></colors></fill></color></group_colors></color_group><color_group name="infopanelpopup"><group_colors><color name="link_text"><fill type="linear" rotation="90"><colors><color rgb="0x000295" alpha="100" stop="0" /></colors></fill></color><color name="link_hover"><fill type="linear" rotation="90"><colors><color rgb="0xE2EEF8" alpha="100" stop="0" /></colors></fill></color><color name="bg"><fill type="linear" rotation="90"><colors><color rgb="0xD1E3F2" alpha="100" stop="0" /><color rgb="0x9BC3E3" alpha="100" stop="255" /></colors></fill></color><color name="shadow"><fill type="linear" rotation="90"><colors><color rgb="0xB8B8B8" alpha="100" stop="0" /></colors></fill></color><color name="name_text"><fill type="linear" rotation="90"><colors><color rgb="0x125EAC" alpha="100" stop="0" /></colors></fill></color><color name="bio_text"><fill type="linear" rotation="90"><colors><color rgb="0x5189D8" alpha="100" stop="0" /></colors></fill></color></group_colors></color_group><color_group name="timer"><group_colors><color name="duration"><fill type="linear" rotation="90"><colors><color rgb="0x00D7FF" alpha="100" stop="0" /><color rgb="0x00ABFF" alpha="100" stop="255" /></colors></fill></color><color name="elapsed"><fill type="linear" rotation="90"><colors><color rgb="0xFEE347" alpha="100" stop="0" /><color rgb="0xFCCC2A" alpha="100" stop="255" /></colors></fill></color><color name="stroke"><fill type="linear" rotation="90"><colors><color rgb="0xC7C7C7" alpha="100" stop="0" /></colors></fill></color><color name="inner"><fill type="linear" rotation="90"><colors><color rgb="0xFFFFFF" alpha="100" stop="0" /></colors></fill></color><color name="text"><fill type="linear" rotation="90"><colors><color rgb="0x0B5295" alpha="100" stop="0" /></colors></fill></color></group_colors></color_group><color_group name="window"><group_colors><color name="text"><fill type="linear" rotation="90"><colors><color rgb="0x0B5295" alpha="100" stop="0" /></colors></fill></color><color name="inner"><fill type="linear" rotation="90"><colors><color rgb="0xD1E3F2" alpha="100" stop="0" /><color rgb="0x9BC3E3" alpha="100" stop="255" /></colors></fill></color><color name="bg"><fill type="linear" rotation="90"><colors><color rgb="0xD6E6F3" alpha="100" stop="0" /></colors></fill></color><color name="diva"><fill type="linear" rotation="90"><colors><color rgb="0xFFFFFF" alpha="100" stop="0" /></colors></fill></color><color name="divb"><fill type="linear" rotation="90"><colors><color rgb="0x79A9D2" alpha="100" stop="0" /></colors></fill></color><color name="shadow"><fill type="linear" rotation="90"><colors><color rgb="0x000000" alpha="20" stop="0" /></colors></fill></color></group_colors></color_group><color_group name="editor"><group_colors><color name="slide_text"><fill type="linear" rotation="90"><colors><color rgb="0x0B5295" alpha="100" stop="0" /></colors></fill></color><color name="html_text"><fill type="linear" rotation="90"><colors><color rgb="0x0B5295" alpha="100" stop="0" /></colors></fill></color><color name="btn_text_shadow"><fill type="linear" rotation="90"><colors><color rgb="0xFFFFFF" alpha="100" stop="0" /></colors></fill></color><color name="btn_text"><fill type="linear" rotation="90"><colors><color rgb="0x336AA3" alpha="100" stop="0" /></colors></fill></color><color name="btn_border"><fill type="linear" rotation="90"><colors><color rgb="0x6DA1CE" alpha="100" stop="0" /></colors></fill></color><color name="btn_hover"><fill type="linear" rotation="90"><colors><color rgb="0xE2EEF8" alpha="100" stop="0" /><color rgb="0xABCCE7" alpha="100" stop="255" /></colors></fill></color><color name="btn_down"><fill type="linear" rotation="90"><colors><color rgb="0xB5D2EA" alpha="100" stop="0" /><color rgb="0xD8E8F5" alpha="100" stop="255" /></colors></fill></color><color name="btn_bg"><fill type="linear" rotation="90"><colors><color rgb="0xD8E8F5" alpha="100" stop="0" /><color rgb="0xB4D2EA" alpha="100" stop="255" /></colors></fill></color></group_colors></color_group><color_group name="listitem"><group_colors><color name="selected"><fill type="linear" rotation="90"><colors><color rgb="0x8DBEE5" alpha="100" stop="0" /></colors></fill></color><color name="selected_text"><fill type="linear" rotation="90"><colors><color rgb="0xFFFFFF" alpha="100" stop="0" /></colors></fill></color><color name="text"><fill type="linear" rotation="90"><colors><color rgb="0x0B5295" alpha="100" stop="0" /></colors></fill></color><color name="hover"><fill type="linear" rotation="90"><colors><color rgb="0xB0D2ED" alpha="100" stop="0" /></colors></fill></color><color name="viewed"><fill type="linear" rotation="90"><colors><color rgb="0x74A4DE" alpha="100" stop="0" /></colors></fill></color><color name="shadow"><fill type="linear" rotation="90"><colors><color rgb="0x6DA1CE" alpha="100" stop="0" /></colors></fill></color><color name="lines"><fill type="linear" rotation="90"><colors><color rgb="0x8CBCE5" alpha="100" stop="0" /></colors></fill></color></group_colors></color_group><color_group name="glossary"><group_colors><color name="selected_text"><fill type="linear" rotation="90"><colors><color rgb="0xFFFFFF" alpha="100" stop="0" /></colors></fill></color><color name="selected"><fill type="linear" rotation="90"><colors><color rgb="0x8DBEE5" alpha="100" stop="0" /></colors></fill></color><color name="text"><fill type="linear" rotation="90"><colors><color rgb="0x000295" alpha="100" stop="0" /></colors></fill></color><color name="hover"><fill type="linear" rotation="90"><colors><color rgb="0xB0D2ED" alpha="100" stop="0" /></colors></fill></color><color name="heading_text"><fill type="linear" rotation="90"><colors><color rgb="0x0B5295" alpha="100" stop="0" /></colors></fill></color><color name="diva"><fill type="linear" rotation="90"><colors><color rgb="0xACCFED" alpha="100" stop="0" /></colors></fill></color><color name="divb"><fill type="linear" rotation="90"><colors><color rgb="0xACCFED" alpha="100" stop="0" /></colors></fill></color><color name="divc"><fill type="linear" rotation="90"><colors><color rgb="0xE0EEF7" alpha="100" stop="0" /></colors></fill></color><color name="bg"><fill type="linear" rotation="90"><colors><color rgb="0xE0EDF6" alpha="100" stop="0" /></colors></fill></color></group_colors></color_group><color_group name="resource"><group_colors><color name="separator"><fill type="linear" rotation="90"><colors><color rgb="0x92C0E6" alpha="100" stop="0" /></colors></fill></color></group_colors></color_group><color_group name="outline"><group_colors><color name="search_hover"><fill type="linear" rotation="90"><colors><color rgb="0x125EAC" alpha="100" stop="0" /></colors></fill></color><color name="search_text"><fill type="linear" rotation="90"><colors><color rgb="0x5189D8" alpha="100" stop="0" /></colors></fill></color><color name="divc"><fill type="linear" rotation="90"><colors><color rgb="0xA0C8E9" alpha="100" stop="0" /></colors></fill></color><color name="divb"><fill type="linear" rotation="90"><colors><color rgb="0xD8E8F5" alpha="100" stop="0" /></colors></fill></color><color name="diva"><fill type="linear" rotation="90"><colors><color rgb="0xA0C8E9" alpha="100" stop="0" /></colors></fill></color></group_colors></color_group><color_group name="transcript"><group_colors><color name="heading_text"><fill type="linear" rotation="90"><colors><color rgb="0x0B5295" alpha="100" stop="0" /></colors></fill></color><color name="div"><fill type="linear" rotation="90"><colors><color rgb="0x92C0E6" alpha="100" stop="0" /></colors></fill></color></group_colors></color_group><color_group name="tabs"><group_colors><color name="shadow"><fill type="linear" rotation="90"><colors><color rgb="0xFCFDFE" alpha="100" stop="0" /></colors></fill></color><color name="hover"><fill type="linear" rotation="90"><colors><color rgb="0x0B5295" alpha="100" stop="0" /></colors></fill></color><color name="selected"><fill type="linear" rotation="90"><colors><color rgb="0x0B5295" alpha="100" stop="0" /></colors></fill></color><color name="text"><fill type="linear" rotation="90"><colors><color rgb="0x125EAC" alpha="100" stop="0" /></colors></fill></color><color name="bg"><fill type="linear" rotation="90"><colors><color rgb="0xCFE3F4" alpha="100" stop="0" /></colors></fill></color></group_colors></color_group><color_group name="seekcontrol"><group_colors><color name="btn_icon_hover"><fill type="linear" rotation="90"><colors><color rgb="0x336AA3" alpha="100" stop="0" /></colors></fill></color><color name="btn_icon_shadow"><fill type="linear" rotation="90"><colors><color rgb="0xFFFFFF" alpha="100" stop="0" /></colors></fill></color><color name="btn_icon_color"><fill type="linear" rotation="90"><colors><color rgb="0x336AA3" alpha="100" stop="0" /></colors></fill></color><color name="seek_position"><fill type="linear" rotation="90"><colors><color rgb="0xFFFFFF" alpha="100" stop="0" /></colors></fill></color><color name="seek_bg"><fill type="linear" rotation="90"><colors><color rgb="0x8ABAE1" alpha="100" stop="0" /></colors></fill></color><color name="seek_border"><fill type="linear" rotation="90"><colors><color rgb="0x7AA9D2" alpha="100" stop="0" /><color rgb="0xE7F1FA" alpha="100" stop="255" /></colors></fill></color><color name="border"><fill type="linear" rotation="90"><colors><color rgb="0x6DA1CE" alpha="100" stop="0" /></colors></fill></color><color name="bg"><fill type="linear" rotation="90"><colors><color rgb="0xD9E8F5" alpha="100" stop="0" /><color rgb="0xB4D3EA" alpha="100" stop="255" /></colors></fill></color></group_colors></color_group><color_group name="searchinput"><group_colors><color name="text_active"><fill type="linear" rotation="90"><colors><color rgb="0x2D2D2D" alpha="100" stop="0" /></colors></fill></color><color name="bg_active"><fill type="linear" rotation="90"><colors><color rgb="0xFFFFFF" alpha="100" stop="0" /></colors></fill></color><color name="search_text"><fill type="linear" rotation="90"><colors><color rgb="0x2D2D2D" alpha="100" stop="0" /></colors></fill></color><color name="hover_glow"><fill type="linear" rotation="90"><colors><color rgb="0xB1D1EA" alpha="0" stop="0" /></colors></fill></color><color name="button_hover"><fill type="linear" rotation="90"><colors><color rgb="0xD8E8F5" alpha="100" stop="0" /><color rgb="0xB4D2EA" alpha="100" stop="255" /></colors></fill></color><color name="icon"><fill type="linear" rotation="90"><colors><color rgb="0x336AA3" alpha="100" stop="0" /></colors></fill></color><color name="border"><fill type="linear" rotation="90"><colors><color rgb="0xC9DFF1" alpha="100" stop="0" /><color rgb="0x75A5D0" alpha="100" stop="255" /></colors></fill></color><color name="bg"><fill type="linear" rotation="90"><colors><color rgb="0xFFFFFF" alpha="100" stop="0" /></colors></fill></color></group_colors></color_group><color_group name="scrollarea"><group_colors><color name="detailb"><fill type="linear" rotation="90"><colors><color rgb="0xD1E3F2" alpha="100" stop="0" /></colors></fill></color><color name="detaila"><fill type="linear" rotation="90"><colors><color rgb="0x5A8BB9" alpha="100" stop="0" /></colors></fill></color><color name="shadow"><fill type="linear" rotation="90"><colors><color rgb="0x6CA1CE" alpha="100" stop="0" /></colors></fill></color><color name="icons"><fill type="linear" rotation="90"><colors><color rgb="0xFFFFFF" alpha="100" stop="0" /></colors></fill></color><color name="button_border"><fill type="linear" rotation="90"><colors><color rgb="0x6CA1CE" alpha="100" stop="0" /></colors></fill></color><color name="button_inner"><fill type="linear" rotation="90"><colors><color rgb="0xB2D1E9" alpha="100" stop="0" /><color rgb="0x9AC3E3" alpha="100" stop="255" /></colors></fill></color><color name="button_bg"><fill type="linear" rotation="90"><colors><color rgb="0xA8CAE7" alpha="100" stop="0" /><color rgb="0x91BEE0" alpha="100" stop="255" /></colors></fill></color><color name="border"><fill type="linear" rotation="90"><colors><color rgb="0xE1EEF8" alpha="100" stop="0" /><color rgb="0xE1EEF8" alpha="100" stop="255" /></colors></fill></color><color name="bg"><fill type="linear" rotation="0"><colors><color rgb="0xB1D0E9" alpha="100" stop="0" /><color rgb="0xB8D4EB" alpha="100" stop="128" /></colors></fill></color></group_colors></color_group><color_group name="menu"><group_colors><color name="shadow"><fill type="linear" rotation="90"><colors><color rgb="0x95C2E7" alpha="100" stop="0" /></colors></fill></color><color name="bg"><fill type="linear" rotation="90"><colors><color rgb="0xCFE3F4" alpha="100" stop="0" /></colors></fill></color></group_colors></color_group><color_group name="logo"><group_colors><color name="shadow"><fill type="linear" rotation="90"><colors><color rgb="0x6DA1CE" alpha="100" stop="0" /></colors></fill></color><color name="bg"><fill type="linear" rotation="90"><colors><color rgb="0xFFFFFF" alpha="100" stop="0" /></colors></fill></color></group_colors></color_group><color_group name="checkbox"><group_colors><color name="hover"><fill type="linear" rotation="90"><colors><color rgb="0xB1D1EA" alpha="100" stop="0" /></colors></fill></color><color name="text"><fill type="linear" rotation="90"><colors><color rgb="0xFFFFFF" alpha="100" stop="0" /></colors></fill></color><color name="check"><fill type="linear" rotation="90"><colors><color rgb="0x2BC400" alpha="100" stop="0" /></colors></fill></color><color name="bg"><fill type="linear" rotation="90"><colors><color rgb="0xFFFFFF" alpha="100" stop="0" /></colors></fill></color><color name="border"><fill type="linear" rotation="90"><colors><color rgb="0x6CA1CE" alpha="100" stop="0" /></colors></fill></color></group_colors></color_group><color_group name="button"><group_colors><color name="btn_icon_color"><fill type="linear" rotation="90"><colors><color rgb="0x336AA3" alpha="100" stop="0" /></colors></fill></color><color name="btn_text_shadow"><fill type="linear" rotation="90"><colors><color rgb="0xFFFFFF" alpha="100" stop="0" /></colors></fill></color><color name="btn_text"><fill type="linear" rotation="90"><colors><color rgb="0x336AA3" alpha="100" stop="0" /></colors></fill></color><color name="btn_border"><fill type="linear" rotation="90"><colors><color rgb="0x6DA1CE" alpha="100" stop="0" /></colors></fill></color><color name="btn_hover"><fill type="linear" rotation="90"><colors><color rgb="0xE2EEF8" alpha="100" stop="0" /><color rgb="0xABCCE7" alpha="100" stop="255" /></colors></fill></color><color name="btn_down"><fill type="linear" rotation="90"><colors><color rgb="0xB5D2EA" alpha="100" stop="0" /><color rgb="0xD8E8F5" alpha="100" stop="255" /></colors></fill></color><color name="btn_bg"><fill type="linear" rotation="90"><colors><color rgb="0xD8E8F5" alpha="100" stop="0" /><color rgb="0xB4D2EA" alpha="100" stop="255" /></colors></fill></color><color name="btn_glow"><fill type="linear" rotation="90"><colors><color rgb="0xA5C9E7" alpha="10" stop="0" /></colors></fill></color></group_colors></color_group><color_group name="base"><group_colors><color name="text"><fill type="linear" rotation="90"><colors><color rgb="0x0B5295" alpha="100" stop="0" /></colors></fill></color><color name="diva"><fill type="linear" rotation="90"><colors><color rgb="0x79A9D2" alpha="100" stop="0" /></colors></fill></color><color name="divb"><fill type="linear" rotation="90"><colors><color rgb="0xFFFFFF" alpha="100" stop="0" /></colors></fill></color><color name="menu_shade"><fill type="linear" rotation="90"><colors><color rgb="0xA7CCEB" alpha="100" stop="0" /><color rgb="0x8CBCE5" alpha="100" stop="255" /></colors></fill></color><color name="border"><fill type="linear" rotation="90"><colors><color rgb="0xD6E9F8" alpha="100" stop="0" /><color rgb="0xD6E9F8" alpha="100" stop="255" /></colors></fill></color><color name="bg"><fill type="linear" rotation="90"><colors><color rgb="0xD1E3F2" alpha="100" stop="0" /><color rgb="0x9BC3E3" alpha="100" stop="255" /></colors></fill></color><color name="slide_bg"><fill type="linear" rotation="90"><colors><color rgb="0xD1E3F2" alpha="100" stop="0" /><color rgb="0x9BC3E3" alpha="100" stop="255" /></colors></fill></color></group_colors></color_group><color_group name="volume"><group_colors><color name="thumb_border"><fill type="linear" rotation="90"><colors><color rgb="0x6CA1CE" alpha="100" stop="0" /></colors></fill></color><color name="thumb_inner"><fill type="linear" rotation="90"><colors><color rgb="0xB0D0E9" alpha="100" stop="0" /></colors></fill></color><color name="thumb_bg"><fill type="linear" rotation="90"><colors><color rgb="0xA3C8E6" alpha="100" stop="0" /></colors></fill></color><color name="slider_border"><fill type="linear" rotation="90"><colors><color rgb="0xDEEBF7" alpha="100" stop="0" /></colors></fill></color><color name="slider_bg"><fill type="linear" rotation="90"><colors><color rgb="0x9EC6E5" alpha="100" stop="0" /><color rgb="0xA8CAE7" alpha="100" stop="128" /><color rgb="0x9EC6E5" alpha="100" stop="255" /></colors></fill></color></group_colors></color_group></colorscheme></colorschemes><string_tables><string_table name="pxnsnfns1111000111"><string id="prev">TRƯỚC</string><string id="next">TIẾP THEO</string><string id="submit">GỬI</string><string id="outline">Trình đơn</string><string id="resources">Tài nguyên</string><string id="glossary">Chú giải thuật ngữ</string><string id="transcript">Ghi chú</string><string id="clear">Xóa và quay lại Trình đơn</string><string id="search_results">Kết quả Tìm kiếm</string><string id="filter">Bộ lọc</string><string id="slide_text_chk">Văn bản Bản chiếu</string><string id="transcript_chk">Ghi chú</string><string id="search_in">Tìm kiếm trong:</string><string id="check_include">Chọn để bao gồm</string><string id="search">Đang tìm kiếm…</string><string id="terms">Cụm từ</string><string id="definition">Định nghĩa</string><string id="acc_definition">định nghĩa</string><string id="acc_resources">tài nguyên</string><string id="acc_search_input">tìm kiếm</string><string id="acc_pause">tạm dừng</string><string id="acc_play">phát</string><string id="acc_replay">phát lại</string><string id="acc_submit">gửi</string><string id="acc_next">tiếp theo</string><string id="acc_previous">trước</string><string id="acc_volume">âm lượng</string><string id="acc_skipnavigation">Bỏ qua Điều hướng. Nhấn vào enter để quay lại trang trình chiếu.</string><string id="finish">HOÀN TẤT</string><string id="acc_finish">hoàn tất</string><string id="submitall">GỬI TẤT CẢ</string><string id="acc_submitall">gửi tất cả</string><string id="question_list">Danh sách Câu hỏi</string><string id="more_info">Thông tin thêm</string><string id="send_an_email">Gửi email</string><string id="close">Đóng</string><string id="bio">Sinh học</string><string id="exit">Thoát</string></string_table></string_tables><sounds enabled="false" /><nav_data><outline><links><slidelink slideid="_player.6WmNmGkj9Im" displaytext="BÀI 5 KẾ TOÁN ĐẦU TƯ TÀI CHÍNH VÀ HOẠT ĐỘNG KHÁC" expand="true" type="slide"><links><slidelink slideid="_player.6WmNmGkj9Im.5s5KV7rF73i" displaytext="MỤC TIÊU BÀI HỌC" expand="true" type="slide" /><slidelink slideid="_player.6WmNmGkj9Im.6Oc3nrGMOnA" displaytext="ĐIỀU KIỆN CẦN THIẾT" expand="true" type="slide" /><slidelink slideid="_player.6WmNmGkj9Im.6YAMdl7QEJs" displaytext="TÀI LIỆU HỌC TẬP" expand="true" type="slide" /><slidelink slideid="_player.6WmNmGkj9Im.62K9kKktVEh" displaytext="TÀI LIỆU THAM KHẢO" expand="true" type="slide" /><slidelink slideid="_player.6WmNmGkj9Im.5t3NIdguoCS" displaytext="NỘI DUNG BÀI HỌC" expand="true" type="slide" /><slidelink slideid="_player.6WmNmGkj9Im.5zdIhSLumUs" displaytext="TỔNG QUAN VỀ HOẠT ĐỘNG ĐẦU TƯ TÀI CHÍNH " expand="true" type="slide"><links><slidelink slideid="_player.6WmNmGkj9Im.6Foeu65lxLO" displaytext="Nguyên tắc: Giá trị ghi sổ các khoản đầu tư tài chính" expand="true" type="slide" /><slidelink slideid="_player.6WmNmGkj9Im.5gVPP4xM9mA" displaytext="Thời điểm ghi nhận và kết toán chi tiết các khoản đầu tư" expand="true" type="slide" /><slidelink slideid="_player.6WmNmGkj9Im.6l0Um0bMETR" displaytext="Nguyên tắc: Ghi nhận cổ tức, lợi nhuận được hưởng " expand="true" type="slide" /><slidelink slideid="_player.6WmNmGkj9Im.5cA3H9FCWxJ" displaytext="Hoạt động khác" expand="true" type="slide" /></links></slidelink><slidelink slideid="_player.6WmNmGkj9Im.5x1kvL7QYel" displaytext="KẾ TOÁN HOẠT ĐỘNG ĐẦU TƯ TÀI CHÍNH" expand="true" type="slide"><links><slidelink slideid="_player.6WmNmGkj9Im.6ez46ezK47w" displaytext="Kế toán đầu tư chứng khoán kinh doanh" expand="true" type="slide" /><slidelink slideid="_player.6WmNmGkj9Im.6bKHBUpjGy8" displaytext="Kế toán các giao dịch chủ yếu" expand="true" type="slide" /><slidelink slideid="_player.6WmNmGkj9Im.620rZUlGvr8" displaytext="Ghi nhận giá gốc chứng khoán kinh doanh đầu tư tăng thêm" expand="true" type="slide" /><slidelink slideid="_player.6WmNmGkj9Im.5kPQMlBBSpr" displaytext="Ghi nhận số lãi về đầu tư chứng khoán kinh doanh được hưởng theo định kỳ" expand="true" type="slide" /><slidelink slideid="_player.6WmNmGkj9Im.5j7Az87JT71" displaytext="Kế toán đầu tư chứng khoán kinh doanh" expand="true" type="slide" /><slidelink slideid="_player.6WmNmGkj9Im.6BlinMyNWbM" displaytext="Phản ánh kết quả hoán đổi cổ phiếu" expand="true" type="slide" /><slidelink slideid="_player.6WmNmGkj9Im.6NrfcqqQGWH" displaytext="Kế toán các khoản đầu tư nắm giữ đến ngày đáo hạn" expand="true" type="slide" /><slidelink slideid="_player.6WmNmGkj9Im.5wq5k2oIXjN" displaytext="Ghi nhận giá trị các khoản đầu tư nắm giữ đến ngày đáo hạn tăng thêm" expand="true" type="slide" /><slidelink slideid="_player.6WmNmGkj9Im.6Ph24qMF021" displaytext="Ghi nhận số lãi được hưởng trong thời gian nắm giữ các khoản đầu tư đến ngày đáo hạn" expand="true" type="slide" /><slidelink slideid="_player.6WmNmGkj9Im.6QTzUpAVIng" displaytext="Kế toán đầu tư vào công ty con " expand="true" type="slide" /><slidelink slideid="_player.6WmNmGkj9Im.5yIjMeETDH9" displaytext="Kế toán đầu tư vào công ty liên doanh, liên kết" expand="true" type="slide" /><slidelink slideid="_player.6WmNmGkj9Im.6EG9YLL8NKB" displaytext="Kế toán giao dịch hợp đồng hợp tác kinh doanh" expand="true" type="slide" /><slidelink slideid="_player.6WmNmGkj9Im.6dpSdsxjH2N" displaytext="Kế toán các khoản đầu tư khác" expand="true" type="slide" /><slidelink slideid="_player.6WmNmGkj9Im.66KBYRWkB0Q" displaytext="Kế toán dự phòng giảm giá chứng khoán kinh doanh" expand="true" type="slide" /><slidelink slideid="_player.6WmNmGkj9Im.5y3pR390Jl3" displaytext="Kế toán dự phòng tổn thất đầu tư vào các đơn vị khác" expand="true" type="slide" /><slidelink slideid="_player.6WmNmGkj9Im.6PPidarTMlr" displaytext="Kế toán chi phí hoạt động tài chính" expand="true" type="slide" /><slidelink slideid="_player.6WmNmGkj9Im.5jUh2ytZIjA" displaytext="Kế toán doanh thu hoạt động tài chính" expand="true" type="slide" /></links></slidelink><slidelink slideid="_player.6WmNmGkj9Im.67fpDSpRDgN" displaytext="KẾ TOÁN HOẠT ĐỘNG KHÁC" expand="true" type="slide"><links><slidelink slideid="_player.6WmNmGkj9Im.67zBmNMIm7H" displaytext="Kế toán thu nhập khác" expand="true" type="slide" /><slidelink slideid="_player.6WmNmGkj9Im.5uEZ4wxW1Gf" displaytext="Kế toán kết quả hoạt động khác" expand="true" type="slide" /></links></slidelink><slidelink slideid="_player.6WmNmGkj9Im.5hedJGMAsZi" displaytext="TÓM LƯỢC" expand="true" type="slide" /><slidelink slideid="_player.6WmNmGkj9Im.6foQxOYZqIb" displaytext="HƯỚNG DẪN LÀM BÀI TẬP TRẮC NGHIỆM" expand="true" type="slide" /><slidelink slideid="_player.6WmNmGkj9Im.6Bd26D6sNxU" displaytext="KẾT THÚC BÀI GIẢNG" expand="true" type="slide" /></links></slidelink></links></outline><search><slidetext slideid="6WmNmGkj9Im.6VMa7ZE6qAC" slidebank="false" type="slide">bài 5 kế toán đầu tư tài chính và hoạt động khác giảng viên: ts. trần thị thu phong 1 </slidetext><slidetext slideid="6WmNmGkj9Im.5s5KV7rF73i" slidebank="false" type="slide">nhận diện về nội dung hoạt động đầu tư tài chính, hoạt động khác phân biệt các hình thức đầu tư tài chính xác định giá trị ghi sổ của các khoản đầu tư tài chính hiểu biết về thời điểm ghi nhận các khoản đầu tư tài chính nhận diện được chi phí, thu nhập và kết quả các hoạt động đầu tư tài chính nhận diện được chi phí, thu nhập và kết quả hoạt động khác nhận diện được đối tượng, thời điểm và cách thức trích lập dự phòng giảm giá chứng khoán kinh doanh và dự phòng tổn thất đầu tư vào đơn vị khác 2 mục tiêu bài học </slidetext><slidetext slideid="6WmNmGkj9Im.6Oc3nrGMOnA" slidebank="false" type="slide">điều kiện cần thiết 3 nắm vững nguyên lý kế toán hiểu biết nhất định về tài chính doanh nghiệp </slidetext><slidetext slideid="6WmNmGkj9Im.6YAMdl7QEJs" slidebank="false" type="slide">tài liệu bắt buộc:    chương 6 - kế toán hoạt động đầu tư tài chính, hoạt động khác và các khoản dự phòng - giáo trình kế toán tài chính 2, viện đại học mở hà nội (2010), nxb lao động  - xã hội tài liệu học tập 4 </slidetext><slidetext slideid="6WmNmGkj9Im.62K9kKktVEh" slidebank="false" type="slide">tài liệu tham khảo: bộ tài chính (2014), thông tư số 200/2014/tt - btc ngày 22 tháng 12 năm 2014 về chế độ kế toán dn:  - điều 15. tài khoản 121 - chứng khoán kinh doanh  - điều 16. tài khoản 128 - đầu tư nắm giữ đến ngày đáo hạn  - điều 40. nguyên tắc kế toán các khoản đầu tư vốn vào đơn vị khác  - điều 41. tài khoản 221 – đầu tư vào công ty con  - điều 42. tài khoản 222 - đầu tư vào công ty liên doanh, liên kết  - điều 43. tài khoản 228 - đầu tư khác  - điều 44. kế toán giao dịch hợp đồng hợp tác kinh doanh  - điều 45. tài khoản 229 - dự phòng tổn thất tài sản 5 tài liệu học tập </slidetext><slidetext slideid="6WmNmGkj9Im.5t3NIdguoCS" slidebank="false" type="slide">6 </slidetext><slidetext slideid="6WmNmGkj9Im.5zdIhSLumUs" slidebank="false" type="slide">tổng quan về hoạt động đầu tư tài chính và hoạt động khác 7 </slidetext><slidetext slideid="6WmNmGkj9Im.6Foeu65lxLO" slidebank="false" type="slide">nguyên tắc 8 </slidetext><slidetext slideid="6WmNmGkj9Im.5gVPP4xM9mA" slidebank="false" type="slide">9 </slidetext><slidetext slideid="6WmNmGkj9Im.6l0Um0bMETR" slidebank="false" type="slide">10 </slidetext><slidetext slideid="6WmNmGkj9Im.5cA3H9FCWxJ" slidebank="false" type="slide">hoạt động khác 11 </slidetext><slidetext slideid="6WmNmGkj9Im.5x1kvL7QYel" slidebank="false" type="slide">kế toán hoạt động đầu tư tài chính 12 </slidetext><slidetext slideid="6WmNmGkj9Im.6ez46ezK47w" slidebank="false" type="slide">kế toán đầu tư chứng khoán kinh doanh  13 </slidetext><slidetext slideid="6WmNmGkj9Im.6bKHBUpjGy8" slidebank="false" type="slide">kế toán đầu tư chứng khoán kinh doanh  14 </slidetext><slidetext slideid="6WmNmGkj9Im.620rZUlGvr8" slidebank="false" type="slide">kế toán đầu tư chứng khoán kinh doanh  15 </slidetext><slidetext slideid="6WmNmGkj9Im.5kPQMlBBSpr" slidebank="false" type="slide">kế toán đầu tư chứng khoán kinh doanh  16 </slidetext><slidetext slideid="6WmNmGkj9Im.5j7Az87JT71" slidebank="false" type="slide">kế toán đầu tư chứng khoán kinh doanh  17 </slidetext><slidetext slideid="6WmNmGkj9Im.6BlinMyNWbM" slidebank="false" type="slide">kế toán đầu tư chứng khoán kinh doanh  18 </slidetext><slidetext slideid="6WmNmGkj9Im.6pimbFrDZdc" slidebank="false" type="slide">kế toán đầu tư chứng khoán kinh doanh  19 </slidetext><slidetext slideid="6WmNmGkj9Im.6NrfcqqQGWH" slidebank="false" type="slide">kế toán các khoản đầu tư nắm giữ đến ngày đáo hạn 20 </slidetext><slidetext slideid="6WmNmGkj9Im.61iU8klNcgd" slidebank="false" type="slide">kế toán các khoản đầu tư nắm giữ đến ngày đáo hạn nội dung gồm: 21 </slidetext><slidetext slideid="6WmNmGkj9Im.5wq5k2oIXjN" slidebank="false" type="slide">kế toán các khoản đầu tư nắm giữ đến ngày đáo hạn 22 </slidetext><slidetext slideid="6WmNmGkj9Im.6Ph24qMF021" slidebank="false" type="slide">kế toán các khoản đầu tư nắm giữ đến ngày đáo hạn 23 </slidetext><slidetext slideid="6WmNmGkj9Im.6YULX24Q4Pl" slidebank="false" type="slide">kế toán các khoản đầu tư nắm giữ đến ngày đáo hạn 24 </slidetext><slidetext slideid="6WmNmGkj9Im.5uJWnSVZ4aw" slidebank="false" type="slide">kế toán các khoản đầu tư nắm giữ đến ngày đáo hạn 25 </slidetext><slidetext slideid="6WmNmGkj9Im.5gI4QDcjwHl" slidebank="false" type="slide">kế toán các khoản đầu tư nắm giữ đến ngày đáo hạn 26 </slidetext><slidetext slideid="6WmNmGkj9Im.6YZObTmXEWL" slidebank="false" type="slide">kế toán các khoản đầu tư nắm giữ đến ngày đáo hạn 27 </slidetext><slidetext slideid="6WmNmGkj9Im.5m1vmglKWul" slidebank="false" type="slide">kế toán các khoản đầu tư nắm giữ đến ngày đáo hạn 28 </slidetext><slidetext slideid="6WmNmGkj9Im.6QTzUpAVIng" slidebank="false" type="slide">29 kế toán đầu tư vào công ty con </slidetext><slidetext slideid="6WmNmGkj9Im.5zp44Wzfz0Z" slidebank="false" type="slide">nội dung 30 kế toán đầu tư vào công ty con </slidetext><slidetext slideid="6WmNmGkj9Im.6p1OksAsruo" slidebank="false" type="slide">31 kế toán đầu tư vào công ty con </slidetext><slidetext slideid="6WmNmGkj9Im.6O45hv71p32" slidebank="false" type="slide">kế toán đầu tư vào công ty con 32 </slidetext><slidetext slideid="6WmNmGkj9Im.6iviNbjftho" slidebank="false" type="slide">33 kế toán đầu tư vào công ty con </slidetext><slidetext slideid="6WmNmGkj9Im.6bVUMflQgMW" slidebank="false" type="slide">34 kế toán đầu tư vào công ty con </slidetext><slidetext slideid="6WmNmGkj9Im.6axk0yWiUIg" slidebank="false" type="slide">35 kế toán đầu tư vào công ty con </slidetext><slidetext slideid="6WmNmGkj9Im.5ViLUQCNlc3" slidebank="false" type="slide">36 kế toán đầu tư vào công ty con </slidetext><slidetext slideid="6WmNmGkj9Im.6RCLB8fVSqH" slidebank="false" type="slide">37 kế toán đầu tư vào công ty con </slidetext><slidetext slideid="6WmNmGkj9Im.6qbheSveZa1" slidebank="false" type="slide">38 kế toán đầu tư vào công ty con </slidetext><slidetext slideid="6WmNmGkj9Im.6LOjylaYkym" slidebank="false" type="slide">39 kế toán đầu tư vào công ty con </slidetext><slidetext slideid="6WmNmGkj9Im.64WN8AlugGi" slidebank="false" type="slide">40 kế toán đầu tư vào công ty con </slidetext><slidetext slideid="6WmNmGkj9Im.5yIjMeETDH9" slidebank="false" type="slide">41 kế toán đầu tư vào công ty liên doanh, liên kết </slidetext><slidetext slideid="6WmNmGkj9Im.6PvpHyVi8vb" slidebank="false" type="slide">kế toán đầu tư vào công ty liên doanh, liên kết 42 </slidetext><slidetext slideid="6WmNmGkj9Im.6EG9YLL8NKB" slidebank="false" type="slide">kế toán giao dịch hợp đồng hợp tác kinh doanh 43 </slidetext><slidetext slideid="6WmNmGkj9Im.63JlSXIqw7M" slidebank="false" type="slide">kế toán giao dịch hợp đồng hợp tác kinh doanh hình thức 44 </slidetext><slidetext slideid="6WmNmGkj9Im.6UvDoKxdyIE" slidebank="false" type="slide">45 kế toán giao dịch hợp đồng hợp tác kinh doanh </slidetext><slidetext slideid="6WmNmGkj9Im.5sCnvwgXSxX" slidebank="false" type="slide">kế toán giao dịch hợp đồng hợp tác kinh doanh 46 </slidetext><slidetext slideid="6WmNmGkj9Im.6Dfq4vj8Vef" slidebank="false" type="slide">kế toán giao dịch hợp đồng hợp tác kinh doanh 47 </slidetext><slidetext slideid="6WmNmGkj9Im.6dpSdsxjH2N" slidebank="false" type="slide">kế toán các khoản đầu tư khác 48 </slidetext><slidetext slideid="6WmNmGkj9Im.6fs9OaT1pi7" slidebank="false" type="slide">49 kế toán các khoản đầu tư khác </slidetext><slidetext slideid="6WmNmGkj9Im.66KBYRWkB0Q" slidebank="false" type="slide">kế toán dự phòng giảm giá chứng khoán kinh doanh 50 </slidetext><slidetext slideid="6WmNmGkj9Im.5l4E01hr4CR" slidebank="false" type="slide">kế toán dự phòng giảm giá chứng khoán kinh doanh 51 </slidetext><slidetext slideid="6WmNmGkj9Im.6fUiuqBnmzW" slidebank="false" type="slide">kế toán dự phòng giảm giá chứng khoán kinh doanh 52 </slidetext><slidetext slideid="6WmNmGkj9Im.5V2eSUySdxB" slidebank="false" type="slide">kế toán dự phòng giảm giá chứng khoán kinh doanh 53 </slidetext><slidetext slideid="6WmNmGkj9Im.5y3pR390Jl3" slidebank="false" type="slide">kế toán dự phòng tổn thất đầu tư vào đơn vị khác dự phòng tổn thất đầu tư vào đơn vị khác: khoản dự phòng tổn thất do bên nhận đầu tư (công ty con, liên doanh, liên kết) bị lỗ dẫn đến nhà đầu tư có khả năng mất vốn hoặc khoản dự phòng do suy giảm giá trị các khoản đầu tư vào công ty con, công ty liên doanh, liên kết 54 </slidetext><slidetext slideid="6WmNmGkj9Im.5vERCe0Ener" slidebank="false" type="slide">kế toán dự phòng tổn thất đầu tư vào đơn vị khác 55 </slidetext><slidetext slideid="6WmNmGkj9Im.6PPidarTMlr" slidebank="false" type="slide">kế toán chi phí hoạt động tài chính tk 2291, 2292, 34313 tk 635 tk 111, 112, 121, 128, 221, 222, 228, 242, 229, 341, ... tập hợp các khoản chi phí tài chính thực tế phát sinh (chi phí và các khoản lỗ liên quan đến các hoạt động đầu tư tài chính; chi phí cho vay và đi vay vốn; dự phòng giảm giá chứng khoán kinh doanh; dự phòng tổn thất đầu tư vào đơn vị khác; ...)    tk 911 (hđtc)  kết chuyển chi phí hoạt động tài chính vào cuối kỳ để xác định kết quả  hoàn nhập dự phòng  phân bổ phụ trội trái phiếu  56 </slidetext><slidetext slideid="6WmNmGkj9Im.5jUh2ytZIjA" slidebank="false" type="slide">kế toán doanh thu hoạt động tài chính tk 333, 111, 112, 131,...  tk 515 tk 911 (hđtc)  các khoản giảm trừ doanh thu hoạt động tài chính (thuế gián thu, chiết khấu thương mại, hàng bán bị trả lại,...)   kết chuyển doanh thu thuần  vào cuối kỳ để xác định kết quả  tk 111, 112, 121, 128, 131, 1388, 331, 341, ... doanh thu hoạt động tài chính thực tế phát sinh trong kỳ (lãi cho vay; lãi tiền gửi ngân hàng; lãi về bán hàng trả chậm, trả góp; lãi về đầu tư trái phiếu, tín phiếu; cổ tức, lợi nhuận được chia cho giai đoạn sau ngày đầu tư;...) 57 </slidetext><slidetext slideid="6WmNmGkj9Im.67fpDSpRDgN" slidebank="false" type="slide">kế toán hoạt động khác 58 </slidetext><slidetext slideid="6WmNmGkj9Im.67zBmNMIm7H" slidebank="false" type="slide">kế toán thu nhập khác 59 </slidetext><slidetext slideid="6WmNmGkj9Im.5uEZ4wxW1Gf" slidebank="false" type="slide">kế toán kết quả hoạt động khác kết quả hoạt động khác = tổng thu nhập thuần khác - tổng chi phí khác để theo dõi tình hình xác định kết quả kinh doanh trong kỳ (trong đó có kết quả hoạt động khác), kế toán sử dụng tài khoản 911 “xác định kết quả kinh doanh”(chi tiết ”hoạt động khác”)       số lãi (hoặc lỗ) thuần từ hoạt động khác (kết quả hoạt động khác) sẽ được tổng hợp với số lãi (hoặc lỗ) từ hoạt động sản xuất - kinh doanh và hoạt động tài chính sau khi trừ phần chi phí thuế thu nhập doanh nghiệp sẽ được kết chuyển vào tài khoản 421 “lợi nhuận sau thuế chưa phân phối” </slidetext><slidetext slideid="6WmNmGkj9Im.5hedJGMAsZi" slidebank="false" type="slide">tóm lược 61 </slidetext><slidetext slideid="6WmNmGkj9Im.6foQxOYZqIb" slidebank="false" type="slide">hướng dẫn làm bài tập trắc nghiệm bộ câu hỏi trắc nghiệm cuối bài gồm 5 câu, mỗi câu có nhiều phương lựa án chọn, hãy kích chuột vào phương án mà bạn cho là đúng. chọn gửi sẽ hiển thị kết quả của câu.  chọn làm lại nếu không đạt yêu cầu chọn xem lại câu hỏi sau khi đã làm xong.  để đạt được yêu cầu của bài học, anh/ chị cần phải trả lời đúng 3/5 câu.     						                  chúc anh/ chị làm bài tốt! </slidetext><slidetext slideid="6WmNmGkj9Im.6CWUfZHe5dX" slidebank="false" type="slide">câu 1: xác định câu đúng nhất? hoạt động đầu tư tài chính là hoạt động kinh doanh chính của                     doanh nghiệp  hoạt động đầu tư tài chính là hoạt động kinh doanh chính của                     doanh nghiệp  hoạt động đầu tư tài chính là hoạt động kinh doanh chính của                     doanh nghiệp  hoạt động đầu tư tài chính là hoạt động kinh doanh chính của                     doanh nghiệp  hoạt động đầu tư tài chính là hoạt động kinh doanh chính của                     doanh nghiệp  hoạt động đầu tư tài chính là hoạt động kinh doanh chính của                     doanh nghiệp  hoạt động đầu tư tài chính là một bộ phận thuộc hoạt động kinh doanh của doanh nghiệp hoạt động đầu tư tài chính là một bộ phận thuộc hoạt động kinh doanh của doanh nghiệp hoạt động đầu tư tài chính là một bộ phận thuộc hoạt động kinh doanh của doanh nghiệp hoạt động đầu tư tài chính là một bộ phận thuộc hoạt động kinh doanh của doanh nghiệp hoạt động đầu tư tài chính là một bộ phận thuộc hoạt động kinh doanh của doanh nghiệp hoạt động đầu tư tài chính là một bộ phận thuộc hoạt động kinh doanh của doanh nghiệp hoạt động đầu tư tài chính là một bộ phận thuộc hoạt động tài chính của doanh nghiệp hoạt động đầu tư tài chính là một bộ phận thuộc hoạt động tài chính của doanh nghiệp hoạt động đầu tư tài chính là một bộ phận thuộc hoạt động tài chính của doanh nghiệp hoạt động đầu tư tài chính là một bộ phận thuộc hoạt động tài chính của doanh nghiệp hoạt động đầu tư tài chính là một bộ phận thuộc hoạt động tài chính của doanh nghiệp hoạt động đầu tư tài chính là một bộ phận thuộc hoạt động tài chính của doanh nghiệp hoạt động đầu tư tài chính là một bộ phận thuộc hoạt động đầu tư tài chính của doanh nghiệp hoạt động đầu tư tài chính là một bộ phận thuộc hoạt động đầu tư tài chính của doanh nghiệp hoạt động đầu tư tài chính là một bộ phận thuộc hoạt động đầu tư tài chính của doanh nghiệp hoạt động đầu tư tài chính là một bộ phận thuộc hoạt động đầu tư tài chính của doanh nghiệp hoạt động đầu tư tài chính là một bộ phận thuộc hoạt động đầu tư tài chính của doanh nghiệp hoạt động đầu tư tài chính là một bộ phận thuộc hoạt động đầu tư tài chính của doanh nghiệp  đúng đáp án đúng!  bạn đã chọn đáp án đúng. tiếp tục tiếp tục tiếp tục tiếp tục tiếp tục tiếp tục  sai bạn đã không chọn đáp án đúng. tiếp tục tiếp tục tiếp tục tiếp tục tiếp tục tiếp tục </slidetext><slidetext slideid="6WmNmGkj9Im.5eweZyHJtk3" slidebank="false" type="slide">câu 2: xác định câu đúng nhất? các khoản đầu tư tài chính được phản ánh theo giá thanh toán  các khoản đầu tư tài chính được phản ánh theo giá thanh toán  các khoản đầu tư tài chính được phản ánh theo giá thanh toán  các khoản đầu tư tài chính được phản ánh theo giá thanh toán  các khoản đầu tư tài chính được phản ánh theo giá thanh toán  các khoản đầu tư tài chính được phản ánh theo giá thanh toán  các khoản đầu tư tài chính được phương pháp theo giá mua thực tế của khoản đầu tư  các khoản đầu tư tài chính được phương pháp theo giá mua thực tế của khoản đầu tư  các khoản đầu tư tài chính được phương pháp theo giá mua thực tế của khoản đầu tư  các khoản đầu tư tài chính được phương pháp theo giá mua thực tế của khoản đầu tư  các khoản đầu tư tài chính được phương pháp theo giá mua thực tế của khoản đầu tư  các khoản đầu tư tài chính được phương pháp theo giá mua thực tế của khoản đầu tư  các khoản đầu tư tài chính được phản ánh theo giá gốc  các khoản đầu tư tài chính được phản ánh theo giá gốc  các khoản đầu tư tài chính được phản ánh theo giá gốc  các khoản đầu tư tài chính được phản ánh theo giá gốc  các khoản đầu tư tài chính được phản ánh theo giá gốc  các khoản đầu tư tài chính được phản ánh theo giá gốc  các khoản đầu tư tài chính được phản ánh theo giá trị hợp lý của các khoản đầu tư các khoản đầu tư tài chính được phản ánh theo giá trị hợp lý của các khoản đầu tư các khoản đầu tư tài chính được phản ánh theo giá trị hợp lý của các khoản đầu tư các khoản đầu tư tài chính được phản ánh theo giá trị hợp lý của các khoản đầu tư các khoản đầu tư tài chính được phản ánh theo giá trị hợp lý của các khoản đầu tư các khoản đầu tư tài chính được phản ánh theo giá trị hợp lý của các khoản đầu tư  đúng đáp án đúng!  bạn đã chọn đáp án đúng. tiếp tục tiếp tục tiếp tục tiếp tục tiếp tục tiếp tục  sai bạn đã không chọn đáp án đúng. tiếp tục tiếp tục tiếp tục tiếp tục tiếp tục tiếp tục </slidetext><slidetext slideid="6WmNmGkj9Im.5Xs8D7QmbQe" slidebank="false" type="slide">câu 3: xác định câu đúng nhất? giá gốc của các khoản đầu tư tài chính được xác định theo giá thanh toán tại thời điểm giao dịch phát sinh giá gốc của các khoản đầu tư tài chính được xác định theo giá thanh toán tại thời điểm giao dịch phát sinh giá gốc của các khoản đầu tư tài chính được xác định theo giá thanh toán tại thời điểm giao dịch phát sinh giá gốc của các khoản đầu tư tài chính được xác định theo giá thanh toán tại thời điểm giao dịch phát sinh giá gốc của các khoản đầu tư tài chính được xác định theo giá thanh toán tại thời điểm giao dịch phát sinh giá gốc của các khoản đầu tư tài chính được xác định theo giá thanh toán tại thời điểm giao dịch phát sinh giá gốc của các khoản đầu tư tài chính được xác định theo giá trị hợp lý của các khoản thanh toán tại thời điểm cuối kỳ giá gốc của các khoản đầu tư tài chính được xác định theo giá trị hợp lý của các khoản thanh toán tại thời điểm cuối kỳ giá gốc của các khoản đầu tư tài chính được xác định theo giá trị hợp lý của các khoản thanh toán tại thời điểm cuối kỳ giá gốc của các khoản đầu tư tài chính được xác định theo giá trị hợp lý của các khoản thanh toán tại thời điểm cuối kỳ giá gốc của các khoản đầu tư tài chính được xác định theo giá trị hợp lý của các khoản thanh toán tại thời điểm cuối kỳ giá gốc của các khoản đầu tư tài chính được xác định theo giá trị hợp lý của các khoản thanh toán tại thời điểm cuối kỳ giá gốc của các khoản đầu tư tài chính được xác định theo giá trị hợp lý của các khoản thanh toán tại thời điểm giao dịch phát sinh giá gốc của các khoản đầu tư tài chính được xác định theo giá trị hợp lý của các khoản thanh toán tại thời điểm giao dịch phát sinh giá gốc của các khoản đầu tư tài chính được xác định theo giá trị hợp lý của các khoản thanh toán tại thời điểm giao dịch phát sinh giá gốc của các khoản đầu tư tài chính được xác định theo giá trị hợp lý của các khoản thanh toán tại thời điểm giao dịch phát sinh giá gốc của các khoản đầu tư tài chính được xác định theo giá trị hợp lý của các khoản thanh toán tại thời điểm giao dịch phát sinh giá gốc của các khoản đầu tư tài chính được xác định theo giá trị hợp lý của các khoản thanh toán tại thời điểm giao dịch phát sinh giá gốc của các khoản đầu tư tài chính được xác định theo giá trị hợp lý của các khoản thanh toán giá gốc của các khoản đầu tư tài chính được xác định theo giá trị hợp lý của các khoản thanh toán giá gốc của các khoản đầu tư tài chính được xác định theo giá trị hợp lý của các khoản thanh toán giá gốc của các khoản đầu tư tài chính được xác định theo giá trị hợp lý của các khoản thanh toán giá gốc của các khoản đầu tư tài chính được xác định theo giá trị hợp lý của các khoản thanh toán giá gốc của các khoản đầu tư tài chính được xác định theo giá trị hợp lý của các khoản thanh toán  đúng đáp án đúng!  bạn đã chọn đáp án đúng. tiếp tục tiếp tục tiếp tục tiếp tục tiếp tục tiếp tục  sai bạn đã không chọn đáp án đúng. tiếp tục tiếp tục tiếp tục tiếp tục tiếp tục tiếp tục </slidetext><slidetext slideid="6WmNmGkj9Im.5a6HMhbLOAh" slidebank="false" type="slide">câu 4: xác định câu đúng nhất? giá gốc của các khoản đầu tư tài chính bao gồm: giá mua của khoản đầu tư trừ (-) số lãi dồn tích được hưởng trước giai đoạn đầu tư giá gốc của các khoản đầu tư tài chính bao gồm: giá mua của khoản đầu tư trừ (-) số lãi dồn tích được hưởng trước giai đoạn đầu tư giá gốc của các khoản đầu tư tài chính bao gồm: giá mua của khoản đầu tư trừ (-) số lãi dồn tích được hưởng trước giai đoạn đầu tư giá gốc của các khoản đầu tư tài chính bao gồm: giá mua của khoản đầu tư trừ (-) số lãi dồn tích được hưởng trước giai đoạn đầu tư giá gốc của các khoản đầu tư tài chính bao gồm: giá mua của khoản đầu tư trừ (-) số lãi dồn tích được hưởng trước giai đoạn đầu tư giá gốc của các khoản đầu tư tài chính bao gồm: giá mua của khoản đầu tư trừ (-) số lãi dồn tích được hưởng trước giai đoạn đầu tư giá gốc của các khoản đầu tư tài chính bao gồm: giá gốc của các khoản đầu tư tài chính bao gồm: giá mua trừ (-) số lãi dồn tích của giai đoạn trước đầu tư được hưởng cộng (+) các chi phí mua (nếu có) giá gốc của các khoản đầu tư tài chính bao gồm: giá gốc của các khoản đầu tư tài chính bao gồm: giá mua trừ (-) số lãi dồn tích của giai đoạn trước đầu tư được hưởng cộng (+) các chi phí mua (nếu có) giá gốc của các khoản đầu tư tài chính bao gồm: giá gốc của các khoản đầu tư tài chính bao gồm: giá mua trừ (-) số lãi dồn tích của giai đoạn trước đầu tư được hưởng cộng (+) các chi phí mua (nếu có) giá gốc của các khoản đầu tư tài chính bao gồm: giá gốc của các khoản đầu tư tài chính bao gồm: giá mua trừ (-) số lãi dồn tích của giai đoạn trước đầu tư được hưởng cộng (+) các chi phí mua (nếu có) giá gốc của các khoản đầu tư tài chính bao gồm: giá gốc của các khoản đầu tư tài chính bao gồm: giá mua trừ (-) số lãi dồn tích của giai đoạn trước đầu tư được hưởng cộng (+) các chi phí mua (nếu có) giá gốc của các khoản đầu tư tài chính bao gồm: giá gốc của các khoản đầu tư tài chính bao gồm: giá mua trừ (-) số lãi dồn tích của giai đoạn trước đầu tư được hưởng cộng (+) các chi phí mua (nếu có) giá gốc của các khoản đầu tư tài chính bao gồm giá mua của khoản đầu tư trừ (-) các khoản chiết khấu, giảm giá được hưởng  giá gốc của các khoản đầu tư tài chính bao gồm giá mua của khoản đầu tư trừ (-) các khoản chiết khấu, giảm giá được hưởng  giá gốc của các khoản đầu tư tài chính bao gồm giá mua của khoản đầu tư trừ (-) các khoản chiết khấu, giảm giá được hưởng  giá gốc của các khoản đầu tư tài chính bao gồm giá mua của khoản đầu tư trừ (-) các khoản chiết khấu, giảm giá được hưởng  giá gốc của các khoản đầu tư tài chính bao gồm giá mua của khoản đầu tư trừ (-) các khoản chiết khấu, giảm giá được hưởng  giá gốc của các khoản đầu tư tài chính bao gồm giá mua của khoản đầu tư trừ (-) các khoản chiết khấu, giảm giá được hưởng  giá gốc của các khoản đầu tư tài chính bao gồm giá mua của khoản đầu tư thực tế phải trả cho bên bán (bên nhận đầu tư)  giá gốc của các khoản đầu tư tài chính bao gồm giá mua của khoản đầu tư thực tế phải trả cho bên bán (bên nhận đầu tư)  giá gốc của các khoản đầu tư tài chính bao gồm giá mua của khoản đầu tư thực tế phải trả cho bên bán (bên nhận đầu tư)  giá gốc của các khoản đầu tư tài chính bao gồm giá mua của khoản đầu tư thực tế phải trả cho bên bán (bên nhận đầu tư)  giá gốc của các khoản đầu tư tài chính bao gồm giá mua của khoản đầu tư thực tế phải trả cho bên bán (bên nhận đầu tư)  giá gốc của các khoản đầu tư tài chính bao gồm giá mua của khoản đầu tư thực tế phải trả cho bên bán (bên nhận đầu tư)   đúng đáp án đúng!  bạn đã chọn đáp án đúng. tiếp tục tiếp tục tiếp tục tiếp tục tiếp tục tiếp tục  sai bạn đã không chọn đáp án đúng. tiếp tục tiếp tục tiếp tục tiếp tục tiếp tục tiếp tục </slidetext><slidetext slideid="6WmNmGkj9Im.5vgjmsWvo9K" slidebank="false" type="slide">câu 5: xác định câu đúng nhất? kế toán phải ghi nhận các khoản đầu tư tài chính ngay tại thời điểm doanh nghiệp (nhà đầu tư) nắm quyền sở hữu kế toán phải ghi nhận các khoản đầu tư tài chính ngay tại thời điểm doanh nghiệp (nhà đầu tư) nắm quyền sở hữu kế toán phải ghi nhận các khoản đầu tư tài chính ngay tại thời điểm doanh nghiệp (nhà đầu tư) nắm quyền sở hữu kế toán phải ghi nhận các khoản đầu tư tài chính ngay tại thời điểm doanh nghiệp (nhà đầu tư) nắm quyền sở hữu kế toán phải ghi nhận các khoản đầu tư tài chính ngay tại thời điểm doanh nghiệp (nhà đầu tư) nắm quyền sở hữu kế toán phải ghi nhận các khoản đầu tư tài chính ngay tại thời điểm doanh nghiệp (nhà đầu tư) nắm quyền sở hữu kế toán phải ghi nhận các khoản đầu tư tài chính ngay tại thời điểm                      đầu tư  kế toán phải ghi nhận các khoản đầu tư tài chính ngay tại thời điểm                      đầu tư  kế toán phải ghi nhận các khoản đầu tư tài chính ngay tại thời điểm                      đầu tư  kế toán phải ghi nhận các khoản đầu tư tài chính ngay tại thời điểm                      đầu tư  kế toán phải ghi nhận các khoản đầu tư tài chính ngay tại thời điểm                      đầu tư  kế toán phải ghi nhận các khoản đầu tư tài chính ngay tại thời điểm                      đầu tư  kế toán phải ghi nhận các khoản đầu tư tài chính ngay khi diễn ra hoạt động đầu tư  kế toán phải ghi nhận các khoản đầu tư tài chính ngay khi diễn ra hoạt động đầu tư  kế toán phải ghi nhận các khoản đầu tư tài chính ngay khi diễn ra hoạt động đầu tư  kế toán phải ghi nhận các khoản đầu tư tài chính ngay khi diễn ra hoạt động đầu tư  kế toán phải ghi nhận các khoản đầu tư tài chính ngay khi diễn ra hoạt động đầu tư  kế toán phải ghi nhận các khoản đầu tư tài chính ngay khi diễn ra hoạt động đầu tư  kế toán phải ghi nhận các khoản đầu tư tài chính ngay tại thời điểm doanh nghiệp (nhà đầu tư) itến hành đầu tư kế toán phải ghi nhận các khoản đầu tư tài chính ngay tại thời điểm doanh nghiệp (nhà đầu tư) itến hành đầu tư kế toán phải ghi nhận các khoản đầu tư tài chính ngay tại thời điểm doanh nghiệp (nhà đầu tư) itến hành đầu tư kế toán phải ghi nhận các khoản đầu tư tài chính ngay tại thời điểm doanh nghiệp (nhà đầu tư) itến hành đầu tư kế toán phải ghi nhận các khoản đầu tư tài chính ngay tại thời điểm doanh nghiệp (nhà đầu tư) itến hành đầu tư kế toán phải ghi nhận các khoản đầu tư tài chính ngay tại thời điểm doanh nghiệp (nhà đầu tư) itến hành đầu tư  đúng đáp án đúng!  bạn đã chọn đáp án đúng. tiếp tục tiếp tục tiếp tục tiếp tục tiếp tục tiếp tục  sai bạn đã không chọn đáp án đúng. tiếp tục tiếp tục tiếp tục tiếp tục tiếp tục tiếp tục </slidetext><slidetext slideid="6WmNmGkj9Im.6WkusdJ8sPr" slidebank="false" type="slide">%results.scorepercent%% (%results.scorepoints%đ) kết quả: %results.passpercent%% (%results.passpoints%đ) yêu cầu: xem lại câu hỏi xem lại câu hỏi xem lại câu hỏi xem lại câu hỏi xem lại câu hỏi làm lại bài làm lại bài làm lại bài làm lại bài làm lại bài  tổng kết chúc mừng anh/chị đã vượt qua bài kiểm tra này. kết quả:  rất tiếc anh/chị chưa vượt qua bài kiểm tra này. kết quả: tổng kết kết quả: yêu cầu: </slidetext><slidetext slideid="6WmNmGkj9Im.6Bd26D6sNxU" slidebank="false" type="slide">kết thúc bài giảng chúc anh chị học tốt! </slidetext></search></nav_data><resource_data description="" /><transcript_data><slidetranscripts><slidetranscript slideid="6WmNmGkj9Im.6VMa7ZE6qAC" slidebank="false" type="slide" noteswf="" /><slidetranscript slideid="6WmNmGkj9Im.6YAMdl7QEJs" slidebank="false" type="slide" noteswf="" /><slidetranscript slideid="6WmNmGkj9Im.5jUh2ytZIjA" slidebank="false" type="slide" noteswf="" /><slidetranscript slideid="6WmNmGkj9Im.6CWUfZHe5dX" slidebank="false" type="slide" noteswf="" /></slidetranscripts></transcript_data><glossary_data /></bwFrame>