<?xml version="1.0" standalone="no"?>
<manifest identifier="_6Sn3swwErbZ_course_id" version="1.3" xmlns="http://www.imsglobal.org/xsd/imscp_v1p1" xmlns:adlcp="http://www.adlnet.org/xsd/adlcp_v1p3" xmlns:adlseq="http://www.adlnet.org/xsd/adlseq_v1p3" xmlns:adlnav="http://www.adlnet.org/xsd/adlnav_v1p3" xmlns:imsss="http://www.imsglobal.org/xsd/imsss" xmlns:xsi="http://www.w3.org/2001/XMLSchema-instance" xsi:schemaLocation="http://www.imsglobal.org/xsd/imscp_v1p1 imscp_v1p1.xsd
                        http://www.adlnet.org/xsd/adlcp_v1p3 adlcp_v1p3.xsd
                        http://www.adlnet.org/xsd/adlseq_v1p3 adlseq_v1p3.xsd
                        http://www.adlnet.org/xsd/adlnav_v1p3 adlnav_v1p3.xsd
                        http://www.imsglobal.org/xsd/imsss imsss_v1p0.xsd">
  <metadata>
    <schema>ADL SCORM</schema>
    <schemaversion>CAM 1.3</schemaversion>
    <adlcp:location>metadata.xml</adlcp:location>
  </metadata>
  <organizations default="B?I_5_K?_TO?N_??U_T?_T?I_CH?NH_V?_HO?T_??NG_KH?C_ORG">
    <organization identifier="B?I_5_K?_TO?N_??U_T?_T?I_CH?NH_V?_HO?T_??NG_KH?C_ORG" adlseq:objectivesGlobalToSystem="false">
      <title>B?I 5 K? TO?N ??U T? T?I CH?NH V? HO?T ??NG KH?C</title>
      <item identifier="B?I_5_K?_TO?N_??U_T?_T?I_CH?NH_V?_HO?T_??NG_KH?C_SCO" identifierref="__6Sn3swwErbZ_course_id_RES" isvisible="true">
        <title>B?I 5 K? TO?N ??U T? T?I CH?NH V? HO?T ??NG KH?C</title>
        <imsss:sequencing>
          <imsss:controlMode choice="true" flow="true" />
          <imsss:deliveryControls tracked="true" completionSetByContent="true" objectiveSetByContent="true" />
        </imsss:sequencing>
      </item>
      <metadata>
        <adlcp:location>metadata.xml</adlcp:location>
      </metadata>
      <imsss:sequencing>
        <imsss:controlMode choice="true" flow="true" />
        <imsss:deliveryControls tracked="true" completionSetByContent="false" objectiveSetByContent="false" />
      </imsss:sequencing>
    </organization>
  </organizations>
  <resources>
    <resource identifier="__6Sn3swwErbZ_course_id_RES" type="webcontent" adlcp:scormType="sco" href="index_lms.html">
      <file href="story_content/thumbnail.jpg" />
      <file href="story_content/5bwCgEBOqvx_22050_48.mp3" />
      <file href="story_content/6AVpEus1EGx_22050_48.mp3" />
      <file href="story_content/5yEE5MjToc3_80_DX536_DY536.swf" />
      <file href="mobile/5yEE5MjToc3_80_DX536_DY536_CX194_CY268.png" />
      <file href="mobile/5yEE5MjToc3_80_DX536_DY536_CX194_CY268.swf" />
      <file href="story_content/6UMzQ3Petgl_80_DX536_DY536.swf" />
      <file href="mobile/6UMzQ3Petgl_80_DX536_DY536_CX197_CY268.png" />
      <file href="mobile/6UMzQ3Petgl_80_DX536_DY536_CX197_CY268.swf" />
      <file href="story_content/6anwxYueCSP_22050_48.mp3" />
      <file href="story_content/Shape6hhdzeuaLKM.swf" />
      <file href="story_content/6rhycQrMRzI_22050_48.mp3" />
      <file href="story_content/6Ow5czJYFLn_22050_48.mp3" />
      <file href="story_content/6nNH82lNPs2_80_DX1372_DY1372.swf" />
      <file href="mobile/6nNH82lNPs2_80_DX1372_DY1372_CX686_CY107.png" />
      <file href="mobile/6nNH82lNPs2_80_DX1372_DY1372_CX686_CY107.swf" />
      <file href="story_content/5yTwKWtRrtU_80_DX1302_DY1302.swf" />
      <file href="mobile/5yTwKWtRrtU_80_DX1302_DY1302_CX651_CY75.png" />
      <file href="mobile/5yTwKWtRrtU_80_DX1302_DY1302_CX651_CY75.swf" />
      <file href="story_content/5k1BAzbTvf2_80_DX1150_DY1150.swf" />
      <file href="mobile/5k1BAzbTvf2_80_DX1150_DY1150_CX575_CY64.png" />
      <file href="mobile/5k1BAzbTvf2_80_DX1150_DY1150_CX575_CY64.swf" />
      <file href="story_content/6RovUQW0EYY_80_DX708_DY708.swf" />
      <file href="mobile/6RovUQW0EYY_80_DX708_DY708_CX354_CY57.png" />
      <file href="mobile/6RovUQW0EYY_80_DX708_DY708_CX354_CY57.swf" />
      <file href="story_content/6HrzxjoHJzD_22050_48.mp3" />
      <file href="story_content/5oMR6vdSFuA_80_DX1304_DY1304.swf" />
      <file href="mobile/5oMR6vdSFuA_80_DX1304_DY1304_CX652_CY168.png" />
      <file href="mobile/5oMR6vdSFuA_80_DX1304_DY1304_CX652_CY168.swf" />
      <file href="story_content/6LMrfEyBpHX_80_DX1304_DY1304.swf" />
      <file href="mobile/6LMrfEyBpHX_80_DX1304_DY1304_CX652_CY134.png" />
      <file href="mobile/6LMrfEyBpHX_80_DX1304_DY1304_CX652_CY134.swf" />
      <file href="story_content/6dgpeefGFWs_22050_48.mp3" />
      <file href="story_content/5enHIkh1RJ3_80_DX312_DY312.swf" />
      <file href="mobile/5enHIkh1RJ3_80_DX312_DY312_CX108_CY156.png" />
      <file href="mobile/5enHIkh1RJ3_80_DX312_DY312_CX108_CY156.swf" />
      <file href="story_content/5inVvcfj1E0_80_DX372_DY372.swf" />
      <file href="mobile/5inVvcfj1E0_80_DX372_DY372_CX186_CY4.png" />
      <file href="mobile/5inVvcfj1E0_80_DX372_DY372_CX186_CY4.swf" />
      <file href="story_content/6PNLbdJUuYJ_80_DX832_DY832.swf" />
      <file href="mobile/6PNLbdJUuYJ_80_DX832_DY832_CX416_CY97.png" />
      <file href="mobile/6PNLbdJUuYJ_80_DX832_DY832_CX416_CY97.swf" />
      <file href="story_content/5YqxQM7Pthu_80_DX216_DY216.swf" />
      <file href="mobile/5YqxQM7Pthu_80_DX216_DY216_CX108_CY4.png" />
      <file href="mobile/5YqxQM7Pthu_80_DX216_DY216_CX108_CY4.swf" />
      <file href="story_content/6ZLJdWdaHjk_80_DX836_DY836.swf" />
      <file href="mobile/6ZLJdWdaHjk_80_DX836_DY836_CX418_CY121.png" />
      <file href="mobile/6ZLJdWdaHjk_80_DX836_DY836_CX418_CY121.swf" />
      <file href="story_content/6OMItEoARFW_80_DX344_DY344.swf" />
      <file href="mobile/6OMItEoARFW_80_DX344_DY344_CX172_CY4.png" />
      <file href="mobile/6OMItEoARFW_80_DX344_DY344_CX172_CY4.swf" />
      <file href="story_content/5uCURY0PQns_80_DX836_DY836.swf" />
      <file href="mobile/5uCURY0PQns_80_DX836_DY836_CX418_CY150.png" />
      <file href="mobile/5uCURY0PQns_80_DX836_DY836_CX418_CY150.swf" />
      <file href="story_content/6AzrttNU17d_22050_48.mp3" />
      <file href="story_content/5z41g4v3X8E_80_DX664_DY664.swf" />
      <file href="mobile/5z41g4v3X8E_80_DX664_DY664_CX112_CY332.png" />
      <file href="mobile/5z41g4v3X8E_80_DX664_DY664_CX112_CY332.swf" />
      <file href="story_content/69BJEaHKxkk_80_DX332_DY332.swf" />
      <file href="mobile/69BJEaHKxkk_80_DX332_DY332_CX166_CY4.png" />
      <file href="mobile/69BJEaHKxkk_80_DX332_DY332_CX166_CY4.swf" />
      <file href="story_content/5mdqywLrDZ3_80_DX494_DY494.swf" />
      <file href="mobile/5mdqywLrDZ3_80_DX494_DY494_CX247_CY87.png" />
      <file href="mobile/5mdqywLrDZ3_80_DX494_DY494_CX247_CY87.swf" />
      <file href="story_content/5VyN7yQUxay_80_DX250_DY250.swf" />
      <file href="mobile/5VyN7yQUxay_80_DX250_DY250_CX125_CY4.png" />
      <file href="mobile/5VyN7yQUxay_80_DX250_DY250_CX125_CY4.swf" />
      <file href="story_content/6EAY7v4lo9R_80_DX324_DY324.swf" />
      <file href="mobile/6EAY7v4lo9R_80_DX324_DY324_CX135_CY162.png" />
      <file href="mobile/6EAY7v4lo9R_80_DX324_DY324_CX135_CY162.swf" />
      <file href="story_content/6mpyIwYFT5n_80_DX272_DY272.swf" />
      <file href="mobile/6mpyIwYFT5n_80_DX272_DY272_CX136_CY4.png" />
      <file href="mobile/6mpyIwYFT5n_80_DX272_DY272_CX136_CY4.swf" />
      <file href="story_content/6bAlmhABGVl_80_DX494_DY494.swf" />
      <file href="mobile/6bAlmhABGVl_80_DX494_DY494_CX247_CY83.png" />
      <file href="mobile/6bAlmhABGVl_80_DX494_DY494_CX247_CY83.swf" />
      <file href="story_content/5cUZp2xH1wt_80_DX222_DY222.swf" />
      <file href="mobile/5cUZp2xH1wt_80_DX222_DY222_CX111_CY4.png" />
      <file href="mobile/5cUZp2xH1wt_80_DX222_DY222_CX111_CY4.swf" />
      <file href="story_content/6KjyEF0SuWh_80_DX494_DY494.swf" />
      <file href="mobile/6KjyEF0SuWh_80_DX494_DY494_CX247_CY170.png" />
      <file href="mobile/6KjyEF0SuWh_80_DX494_DY494_CX247_CY170.swf" />
      <file href="story_content/6LPHQdTvCGV_22050_48.mp3" />
      <file href="story_content/6nxYkhthsb3_80_DX1292_DY1292.swf" />
      <file href="mobile/6nxYkhthsb3_80_DX1292_DY1292_CX646_CY55.png" />
      <file href="mobile/6nxYkhthsb3_80_DX1292_DY1292_CX646_CY55.swf" />
      <file href="story_content/6ffjEtW7Mkn_80_DX1126_DY1126.swf" />
      <file href="mobile/6ffjEtW7Mkn_80_DX1126_DY1126_CX563_CY62.png" />
      <file href="mobile/6ffjEtW7Mkn_80_DX1126_DY1126_CX563_CY62.swf" />
      <file href="story_content/6nJKSSrUikF_80_DX1124_DY1124.swf" />
      <file href="mobile/6nJKSSrUikF_80_DX1124_DY1124_CX562_CY56.png" />
      <file href="mobile/6nJKSSrUikF_80_DX1124_DY1124_CX562_CY56.swf" />
      <file href="story_content/5VJUoIFDaNe_80_DX1124_DY1124.swf" />
      <file href="mobile/5VJUoIFDaNe_80_DX1124_DY1124_CX562_CY64.png" />
      <file href="mobile/5VJUoIFDaNe_80_DX1124_DY1124_CX562_CY64.swf" />
      <file href="story_content/6g3k4LaatNA_80_DX1124_DY1124.swf" />
      <file href="mobile/6g3k4LaatNA_80_DX1124_DY1124_CX562_CY105.png" />
      <file href="mobile/6g3k4LaatNA_80_DX1124_DY1124_CX562_CY105.swf" />
      <file href="story_content/6VGS6xWe4nU_22050_48.mp3" />
      <file href="story_content/6OrrSQryn0I_80_DX246_DY246.swf" />
      <file href="mobile/6OrrSQryn0I_80_DX246_DY246_CX123_CY117.png" />
      <file href="mobile/6OrrSQryn0I_80_DX246_DY246_CX123_CY117.swf" />
      <file href="story_content/5f7fXi4qZ3d_80_DX1196_DY1196.swf" />
      <file href="mobile/5f7fXi4qZ3d_80_DX1196_DY1196_CX598_CY99.png" />
      <file href="mobile/5f7fXi4qZ3d_80_DX1196_DY1196_CX598_CY99.swf" />
      <file href="story_content/63P1cMhuNl9_80_DX528_DY528.swf" />
      <file href="mobile/63P1cMhuNl9_80_DX528_DY528_CX264_CY111.png" />
      <file href="mobile/63P1cMhuNl9_80_DX528_DY528_CX264_CY111.swf" />
      <file href="story_content/6ndqsQzv1k1_80_DX862_DY862.swf" />
      <file href="mobile/6ndqsQzv1k1_80_DX862_DY862_CX431_CY82.png" />
      <file href="mobile/6ndqsQzv1k1_80_DX862_DY862_CX431_CY82.swf" />
      <file href="story_content/6g4rifUH1Y6_80_DX528_DY528.swf" />
      <file href="mobile/6g4rifUH1Y6_80_DX528_DY528_CX264_CY107.png" />
      <file href="mobile/6g4rifUH1Y6_80_DX528_DY528_CX264_CY107.swf" />
      <file href="story_content/6rlQYFXMxwC_22050_48.mp3" />
      <file href="story_content/6Wh5KjF2Kut_80_DX346_DY346.swf" />
      <file href="mobile/6Wh5KjF2Kut_80_DX346_DY346_CX173_CY93.png" />
      <file href="mobile/6Wh5KjF2Kut_80_DX346_DY346_CX173_CY93.swf" />
      <file href="story_content/66U09AgF5yI_80_DX346_DY346.swf" />
      <file href="mobile/66U09AgF5yI_80_DX346_DY346_CX173_CY104.png" />
      <file href="mobile/66U09AgF5yI_80_DX346_DY346_CX173_CY104.swf" />
      <file href="story_content/5h9NLEnUk5Q_80_DX346_DY346.swf" />
      <file href="mobile/5h9NLEnUk5Q_80_DX346_DY346_CX173_CY104.png" />
      <file href="mobile/5h9NLEnUk5Q_80_DX346_DY346_CX173_CY104.swf" />
      <file href="story_content/5v04Q93bL7j_80_DX346_DY346.swf" />
      <file href="mobile/5v04Q93bL7j_80_DX346_DY346_CX173_CY104.png" />
      <file href="mobile/5v04Q93bL7j_80_DX346_DY346_CX173_CY104.swf" />
      <file href="story_content/5ly4wBF3uVc_80_DX346_DY346.swf" />
      <file href="mobile/5ly4wBF3uVc_80_DX346_DY346_CX173_CY104.png" />
      <file href="mobile/5ly4wBF3uVc_80_DX346_DY346_CX173_CY104.swf" />
      <file href="story_content/6OG5VAEaNOh_80_DX346_DY346.swf" />
      <file href="mobile/6OG5VAEaNOh_80_DX346_DY346_CX173_CY93.png" />
      <file href="mobile/6OG5VAEaNOh_80_DX346_DY346_CX173_CY93.swf" />
      <file href="story_content/6eR38fa8GCC_80_DX346_DY346.swf" />
      <file href="mobile/6eR38fa8GCC_80_DX346_DY346_CX173_CY93.png" />
      <file href="mobile/6eR38fa8GCC_80_DX346_DY346_CX173_CY93.swf" />
      <file href="story_content/5sz45lUhqLj_80_DX346_DY346.swf" />
      <file href="mobile/5sz45lUhqLj_80_DX346_DY346_CX173_CY104.png" />
      <file href="mobile/5sz45lUhqLj_80_DX346_DY346_CX173_CY104.swf" />
      <file href="story_content/6rM9pLpZ8KC_22050_48.mp3" />
      <file href="story_content/5x09HzZ1Ezi_80_DX598_DY598.swf" />
      <file href="mobile/5x09HzZ1Ezi_80_DX598_DY598_CX299_CY59.png" />
      <file href="mobile/5x09HzZ1Ezi_80_DX598_DY598_CX299_CY59.swf" />
      <file href="story_content/6OQ6n5l7SAJ_80_DX588_DY588.swf" />
      <file href="mobile/6OQ6n5l7SAJ_80_DX588_DY588_CX294_CY292.png" />
      <file href="mobile/6OQ6n5l7SAJ_80_DX588_DY588_CX294_CY292.swf" />
      <file href="story_content/6W5WHpAi9yN_80_DX598_DY598.swf" />
      <file href="mobile/6W5WHpAi9yN_80_DX598_DY598_CX299_CY73.png" />
      <file href="mobile/6W5WHpAi9yN_80_DX598_DY598_CX299_CY73.swf" />
      <file href="story_content/5X1Dm4v3q5T_80_DX598_DY598.swf" />
      <file href="mobile/5X1Dm4v3q5T_80_DX598_DY598_CX299_CY268.png" />
      <file href="mobile/5X1Dm4v3q5T_80_DX598_DY598_CX299_CY268.swf" />
      <file href="story_content/69eEaCua7CW_22050_48.mp3" />
      <file href="story_content/6ovFgwy0rHo_80_DX658_DY658.swf" />
      <file href="mobile/6ovFgwy0rHo_80_DX658_DY658_CX95_CY329.png" />
      <file href="mobile/6ovFgwy0rHo_80_DX658_DY658_CX95_CY329.swf" />
      <file href="story_content/6UKKF9RFBMo_80_DX726_DY726.swf" />
      <file href="mobile/6UKKF9RFBMo_80_DX726_DY726_CX38_CY363.png" />
      <file href="mobile/6UKKF9RFBMo_80_DX726_DY726_CX38_CY363.swf" />
      <file href="story_content/6aQiWz4Hqd1_80_DX1086_DY1086.swf" />
      <file href="mobile/6aQiWz4Hqd1_80_DX1086_DY1086_CX543_CY361.png" />
      <file href="mobile/6aQiWz4Hqd1_80_DX1086_DY1086_CX543_CY361.swf" />
      <file href="story_content/5douqZRxSih_22050_48.mp3" />
      <file href="story_content/5fOGfGvXQoT_80_DX1440_DY1440.swf" />
      <file href="mobile/5fOGfGvXQoT_80_DX1440_DY1440_CX720_CY57.png" />
      <file href="mobile/5fOGfGvXQoT_80_DX1440_DY1440_CX720_CY57.swf" />
      <file href="story_content/5gnSapyxEmo_80_DX1340_DY1340.swf" />
      <file href="mobile/5gnSapyxEmo_80_DX1340_DY1340_CX670_CY323.png" />
      <file href="mobile/5gnSapyxEmo_80_DX1340_DY1340_CX670_CY323.swf" />
      <file href="story_content/67KdF8MTNpv_22050_48.mp3" />
      <file href="story_content/5bvRcV7A4fY_80_DX1224_DY1224.swf" />
      <file href="mobile/5bvRcV7A4fY_80_DX1224_DY1224_CX612_CY73.png" />
      <file href="mobile/5bvRcV7A4fY_80_DX1224_DY1224_CX612_CY73.swf" />
      <file href="story_content/6iha2vl2cy8_22050_48.mp3" />
      <file href="story_content/5eGptsvpjKU_80_DX1224_DY1224.swf" />
      <file href="mobile/5eGptsvpjKU_80_DX1224_DY1224_CX612_CY330.png" />
      <file href="mobile/5eGptsvpjKU_80_DX1224_DY1224_CX612_CY330.swf" />
      <file href="story_content/6btO3FMGzdk_80_DX658_DY658.swf" />
      <file href="mobile/6btO3FMGzdk_80_DX658_DY658_CX329_CY72.png" />
      <file href="mobile/6btO3FMGzdk_80_DX658_DY658_CX329_CY72.swf" />
      <file href="story_content/63HE0tnFukW_80_DX600_DY600.swf" />
      <file href="mobile/63HE0tnFukW_80_DX600_DY600_CX300_CY72.png" />
      <file href="mobile/63HE0tnFukW_80_DX600_DY600_CX300_CY72.swf" />
      <file href="story_content/5fiFv62UHJn_22050_48.mp3" />
      <file href="story_content/5m7VcwE0cfR_80_DX716_DY716.swf" />
      <file href="mobile/5m7VcwE0cfR_80_DX716_DY716_CX358_CY294.png" />
      <file href="mobile/5m7VcwE0cfR_80_DX716_DY716_CX358_CY294.swf" />
      <file href="story_content/5w0gBhoMV1L_80_DX648_DY648.swf" />
      <file href="mobile/5w0gBhoMV1L_80_DX648_DY648_CX324_CY294.png" />
      <file href="mobile/5w0gBhoMV1L_80_DX648_DY648_CX324_CY294.swf" />
      <file href="story_content/5eASolplXUm_80_DX1316_DY1316.swf" />
      <file href="mobile/5eASolplXUm_80_DX1316_DY1316_CX658_CY52.png" />
      <file href="mobile/5eASolplXUm_80_DX1316_DY1316_CX658_CY52.swf" />
      <file href="story_content/6fXsZZjbllW_22050_48.mp3" />
      <file href="story_content/5stKSXYNBvU_80_DX1322_DY1322.swf" />
      <file href="mobile/5stKSXYNBvU_80_DX1322_DY1322_CX661_CY370.png" />
      <file href="mobile/5stKSXYNBvU_80_DX1322_DY1322_CX661_CY370.swf" />
      <file href="story_content/6LwzFHFxaEp_22050_48.mp3" />
      <file href="story_content/6h3KamnvDzj_80_DX620_DY620.swf" />
      <file href="mobile/6h3KamnvDzj_80_DX620_DY620_CX304_CY310.png" />
      <file href="mobile/6h3KamnvDzj_80_DX620_DY620_CX304_CY310.swf" />
      <file href="story_content/6qxEd6wmAH7_80_DX600_DY600.jpg" />
      <file href="mobile/6qxEd6wmAH7_80_DX600_DY600_CX300_CY100.jpg" />
      <file href="story_content/5mtTu8VFXW0_80_DX600_DY600.swf" />
      <file href="mobile/5mtTu8VFXW0_80_DX600_DY600_CX300_CY107.png" />
      <file href="mobile/5mtTu8VFXW0_80_DX600_DY600_CX300_CY107.swf" />
      <file href="story_content/5l0mOGk2Krf_80_DX630_DY630.swf" />
      <file href="mobile/5l0mOGk2Krf_80_DX630_DY630_CX296_CY315.png" />
      <file href="mobile/5l0mOGk2Krf_80_DX630_DY630_CX296_CY315.swf" />
      <file href="story_content/5u1dMbCVAea_80_DX406_DY406.swf" />
      <file href="mobile/5u1dMbCVAea_80_DX406_DY406_CX203_CY35.png" />
      <file href="mobile/5u1dMbCVAea_80_DX406_DY406_CX203_CY35.swf" />
      <file href="story_content/5qoIox7Mwd0_80_DX546_DY546.swf" />
      <file href="mobile/5qoIox7Mwd0_80_DX546_DY546_CX273_CY47.png" />
      <file href="mobile/5qoIox7Mwd0_80_DX546_DY546_CX273_CY47.swf" />
      <file href="story_content/5WFjhMkkv1m_22050_48.mp3" />
      <file href="story_content/6nidDdm69Jr_80_DX674_DY674.swf" />
      <file href="mobile/6nidDdm69Jr_80_DX674_DY674_CX273_CY337.png" />
      <file href="mobile/6nidDdm69Jr_80_DX674_DY674_CX273_CY337.swf" />
      <file href="story_content/62lUZaAZzOE_80_DX678_DY678.swf" />
      <file href="mobile/62lUZaAZzOE_80_DX678_DY678_CX339_CY337.png" />
      <file href="mobile/62lUZaAZzOE_80_DX678_DY678_CX339_CY337.swf" />
      <file href="story_content/6OE7Z9GYjSn_80_DX116_DY116.swf" />
      <file href="mobile/6OE7Z9GYjSn_80_DX116_DY116_CX58_CY58.png" />
      <file href="mobile/6OE7Z9GYjSn_80_DX116_DY116_CX58_CY58.swf" />
      <file href="story_content/6N8SCx9kfCs_80_DX358_DY358.swf" />
      <file href="mobile/6N8SCx9kfCs_80_DX358_DY358_CX179_CY105.png" />
      <file href="mobile/6N8SCx9kfCs_80_DX358_DY358_CX179_CY105.swf" />
      <file href="story_content/6PyykL5fJot_80_DX360_DY360.swf" />
      <file href="mobile/6PyykL5fJot_80_DX360_DY360_CX180_CY113.png" />
      <file href="mobile/6PyykL5fJot_80_DX360_DY360_CX180_CY113.swf" />
      <file href="story_content/5nX5daeNiph_80_DX360_DY360.swf" />
      <file href="mobile/5nX5daeNiph_80_DX360_DY360_CX180_CY113.png" />
      <file href="mobile/5nX5daeNiph_80_DX360_DY360_CX180_CY113.swf" />
      <file href="story_content/5meRTgzjQkV_80_DX360_DY360.swf" />
      <file href="mobile/5meRTgzjQkV_80_DX360_DY360_CX180_CY113.png" />
      <file href="mobile/5meRTgzjQkV_80_DX360_DY360_CX180_CY113.swf" />
      <file href="story_content/6i78KfRAd7f_80_DX360_DY360.swf" />
      <file href="mobile/6i78KfRAd7f_80_DX360_DY360_CX180_CY113.png" />
      <file href="mobile/6i78KfRAd7f_80_DX360_DY360_CX180_CY113.swf" />
      <file href="story_content/69M4rGIsOBY_80_DX360_DY360.swf" />
      <file href="mobile/69M4rGIsOBY_80_DX360_DY360_CX180_CY105.png" />
      <file href="mobile/69M4rGIsOBY_80_DX360_DY360_CX180_CY105.swf" />
      <file href="story_content/6h17PSMgUjw_22050_48.mp3" />
      <file href="story_content/6q28Q4hm9vV_80_DX1326_DY1326.swf" />
      <file href="mobile/6q28Q4hm9vV_80_DX1326_DY1326_CX663_CY61.png" />
      <file href="mobile/6q28Q4hm9vV_80_DX1326_DY1326_CX663_CY61.swf" />
      <file href="story_content/5Vxhk4i8Vw5_22050_48.mp3" />
      <file href="story_content/5ZcnPeq26MS_80_P_0_0_626_654_DX800_DY800.swf" />
      <file href="mobile/5ZcnPeq26MS_80_P_0_0_626_654_DX800_DY800_CX327_CY343.png" />
      <file href="mobile/5ZcnPeq26MS_80_P_0_0_626_654_DX800_DY800_CX327_CY343.swf" />
      <file href="story_content/6b8z98CVRE5_80_P_0_0_707_652_DX800_DY800.swf" />
      <file href="mobile/6b8z98CVRE5_80_P_0_0_707_652_DX800_DY800_CX370_CY341.png" />
      <file href="mobile/6b8z98CVRE5_80_P_0_0_707_652_DX800_DY800_CX370_CY341.swf" />
      <file href="story_content/6FBSSQ04gnc_80_DX820_DY820.swf" />
      <file href="mobile/6FBSSQ04gnc_80_DX820_DY820_CX410_CY120.png" />
      <file href="mobile/6FBSSQ04gnc_80_DX820_DY820_CX410_CY120.swf" />
      <file href="story_content/6TcarR3FtLp_22050_48.mp3" />
      <file href="story_content/6rmfYpugEgc_80_DX1312_DY1312.swf" />
      <file href="mobile/6rmfYpugEgc_80_DX1312_DY1312_CX656_CY289.png" />
      <file href="mobile/6rmfYpugEgc_80_DX1312_DY1312_CX656_CY289.swf" />
      <file href="story_content/5lhylghTY9G_80_DX600_DY600.swf" />
      <file href="mobile/5lhylghTY9G_80_DX600_DY600_CX300_CY61.png" />
      <file href="mobile/5lhylghTY9G_80_DX600_DY600_CX300_CY61.swf" />
      <file href="story_content/6KY7eTNz5sm_80_DX626_DY626.swf" />
      <file href="mobile/6KY7eTNz5sm_80_DX626_DY626_CX313_CY264.png" />
      <file href="mobile/6KY7eTNz5sm_80_DX626_DY626_CX313_CY264.swf" />
      <file href="story_content/6bYiHaFNQ5K_80_DX600_DY600.swf" />
      <file href="mobile/6bYiHaFNQ5K_80_DX600_DY600_CX300_CY61.png" />
      <file href="mobile/6bYiHaFNQ5K_80_DX600_DY600_CX300_CY61.swf" />
      <file href="story_content/6UpPNRH033w_80_DX600_DY600.swf" />
      <file href="mobile/6UpPNRH033w_80_DX600_DY600_CX300_CY264.png" />
      <file href="mobile/6UpPNRH033w_80_DX600_DY600_CX300_CY264.swf" />
      <file href="story_content/6dwnyV0cg8r_22050_48.mp3" />
      <file href="story_content/6DoRKzJqcc9_80_DX574_DY574.swf" />
      <file href="mobile/6DoRKzJqcc9_80_DX574_DY574_CX287_CY73.png" />
      <file href="mobile/6DoRKzJqcc9_80_DX574_DY574_CX287_CY73.swf" />
      <file href="story_content/62DixCJUeYd_80_DX574_DY574.swf" />
      <file href="mobile/62DixCJUeYd_80_DX574_DY574_CX287_CY268.png" />
      <file href="mobile/62DixCJUeYd_80_DX574_DY574_CX287_CY268.swf" />
      <file href="story_content/6d809y5w8ly_80_DX590_DY590.swf" />
      <file href="mobile/6d809y5w8ly_80_DX590_DY590_CX295_CY73.png" />
      <file href="mobile/6d809y5w8ly_80_DX590_DY590_CX295_CY73.swf" />
      <file href="story_content/6KqmHNMpjGv_80_DX590_DY590.swf" />
      <file href="mobile/6KqmHNMpjGv_80_DX590_DY590_CX295_CY268.png" />
      <file href="mobile/6KqmHNMpjGv_80_DX590_DY590_CX295_CY268.swf" />
      <file href="story_content/5fikRdaj7Jx_22050_48.mp3" />
      <file href="story_content/6OiPzcypxxK_80_DX638_DY638.swf" />
      <file href="mobile/6OiPzcypxxK_80_DX638_DY638_CX149_CY319.png" />
      <file href="mobile/6OiPzcypxxK_80_DX638_DY638_CX149_CY319.swf" />
      <file href="story_content/6150xJN5E0C_80_DX792_DY792.swf" />
      <file href="mobile/6150xJN5E0C_80_DX792_DY792_CX396_CY80.png" />
      <file href="mobile/6150xJN5E0C_80_DX792_DY792_CX396_CY80.swf" />
      <file href="story_content/5fKBVmwskYv_80_DX792_DY792.swf" />
      <file href="mobile/5fKBVmwskYv_80_DX792_DY792_CX396_CY223.png" />
      <file href="mobile/5fKBVmwskYv_80_DX792_DY792_CX396_CY223.swf" />
      <file href="story_content/6jsmKCCRX9l_22050_48.mp3" />
      <file href="story_content/62s7UA4gF9P_80_DX570_DY570.swf" />
      <file href="mobile/62s7UA4gF9P_80_DX570_DY570_CX285_CY144.png" />
      <file href="mobile/62s7UA4gF9P_80_DX570_DY570_CX285_CY144.swf" />
      <file href="story_content/5ZXOE2pFELc_80_DX570_DY570.swf" />
      <file href="mobile/5ZXOE2pFELc_80_DX570_DY570_CX285_CY183.png" />
      <file href="mobile/5ZXOE2pFELc_80_DX570_DY570_CX285_CY183.swf" />
      <file href="story_content/6mlW1keWfUx_80_DX596_DY596.swf" />
      <file href="mobile/6mlW1keWfUx_80_DX596_DY596_CX298_CY206.png" />
      <file href="mobile/6mlW1keWfUx_80_DX596_DY596_CX298_CY206.swf" />
      <file href="story_content/6rh7yPFmf9q_80_DX568_DY568.swf" />
      <file href="mobile/6rh7yPFmf9q_80_DX568_DY568_CX284_CY126.png" />
      <file href="mobile/6rh7yPFmf9q_80_DX568_DY568_CX284_CY126.swf" />
      <file href="story_content/6ESDS7pLU7l_22050_48.mp3" />
      <file href="story_content/6BOgxYEjKHT_80_DX610_DY610.swf" />
      <file href="mobile/6BOgxYEjKHT_80_DX610_DY610_CX305_CY72.png" />
      <file href="mobile/6BOgxYEjKHT_80_DX610_DY610_CX305_CY72.swf" />
      <file href="story_content/6H1QvdDp447_80_DX610_DY610.swf" />
      <file href="mobile/6H1QvdDp447_80_DX610_DY610_CX305_CY292.png" />
      <file href="mobile/6H1QvdDp447_80_DX610_DY610_CX305_CY292.swf" />
      <file href="story_content/6fOT1Dsiy8P_80_DX600_DY600.swf" />
      <file href="mobile/6fOT1Dsiy8P_80_DX600_DY600_CX300_CY72.png" />
      <file href="mobile/6fOT1Dsiy8P_80_DX600_DY600_CX300_CY72.swf" />
      <file href="story_content/6PrH53gMtfi_80_DX600_DY600.swf" />
      <file href="mobile/6PrH53gMtfi_80_DX600_DY600_CX300_CY292.png" />
      <file href="mobile/6PrH53gMtfi_80_DX600_DY600_CX300_CY292.swf" />
      <file href="story_content/5yfXZ78vvqQ_22050_48.mp3" />
      <file href="story_content/5xt4bHyl5vo_80_DX774_DY774.swf" />
      <file href="mobile/5xt4bHyl5vo_80_DX774_DY774_CX387_CY73.png" />
      <file href="mobile/5xt4bHyl5vo_80_DX774_DY774_CX387_CY73.swf" />
      <file href="story_content/60iE4M5elLJ_80_DX774_DY774.swf" />
      <file href="mobile/60iE4M5elLJ_80_DX774_DY774_CX387_CY72.png" />
      <file href="mobile/60iE4M5elLJ_80_DX774_DY774_CX387_CY72.swf" />
      <file href="story_content/60WRO8VoLlZ_80_DX988_DY988.swf" />
      <file href="mobile/60WRO8VoLlZ_80_DX988_DY988_CX494_CY75.png" />
      <file href="mobile/60WRO8VoLlZ_80_DX988_DY988_CX494_CY75.swf" />
      <file href="story_content/6UGNjtmereA_22050_48.mp3" />
      <file href="story_content/6BYxfl7CIob_80_DX1118_DY1118.swf" />
      <file href="mobile/6BYxfl7CIob_80_DX1118_DY1118_CX559_CY68.png" />
      <file href="mobile/6BYxfl7CIob_80_DX1118_DY1118_CX559_CY68.swf" />
      <file href="story_content/6Qrxm3ubNSh_80_DX1124_DY1124.swf" />
      <file href="mobile/6Qrxm3ubNSh_80_DX1124_DY1124_CX562_CY70.png" />
      <file href="mobile/6Qrxm3ubNSh_80_DX1124_DY1124_CX562_CY70.swf" />
      <file href="story_content/5iqBth8AACA_80_DX1118_DY1118.swf" />
      <file href="mobile/5iqBth8AACA_80_DX1118_DY1118_CX559_CY68.png" />
      <file href="mobile/5iqBth8AACA_80_DX1118_DY1118_CX559_CY68.swf" />
      <file href="story_content/6NAMflUmrQd_80_DX400_DY400.swf" />
      <file href="mobile/6NAMflUmrQd_80_DX400_DY400_CX200_CY120.png" />
      <file href="mobile/6NAMflUmrQd_80_DX400_DY400_CX200_CY120.swf" />
      <file href="story_content/6H8za57hUh8_80_DX100_DY100.swf" />
      <file href="mobile/6H8za57hUh8_80_DX100_DY100_CX42_CY50.png" />
      <file href="mobile/6H8za57hUh8_80_DX100_DY100_CX42_CY50.swf" />
      <file href="story_content/6Oxv1K6FxGu_80_DX400_DY400.swf" />
      <file href="mobile/6Oxv1K6FxGu_80_DX400_DY400_CX200_CY120.png" />
      <file href="mobile/6Oxv1K6FxGu_80_DX400_DY400_CX200_CY120.swf" />
      <file href="story_content/5cZD69qSL3j_80_DX100_DY100.swf" />
      <file href="mobile/5cZD69qSL3j_80_DX100_DY100_CX50_CY42.png" />
      <file href="mobile/5cZD69qSL3j_80_DX100_DY100_CX50_CY42.swf" />
      <file href="story_content/5owKqQCjFnv_80_DX400_DY400.swf" />
      <file href="mobile/5owKqQCjFnv_80_DX400_DY400_CX200_CY120.png" />
      <file href="mobile/5owKqQCjFnv_80_DX400_DY400_CX200_CY120.swf" />
      <file href="story_content/6k7trlym6Mt_80_DX100_DY100.swf" />
      <file href="mobile/6k7trlym6Mt_80_DX100_DY100_CX42_CY50.png" />
      <file href="mobile/6k7trlym6Mt_80_DX100_DY100_CX42_CY50.swf" />
      <file href="story_content/5V3paSpbUKf_80_DX400_DY400.swf" />
      <file href="mobile/5V3paSpbUKf_80_DX400_DY400_CX200_CY120.png" />
      <file href="mobile/5V3paSpbUKf_80_DX400_DY400_CX200_CY120.swf" />
      <file href="story_content/6EF6Y1z0Ll3_22050_48.mp3" />
      <file href="story_content/5tLAonK60IA_80_DX612_DY612.swf" />
      <file href="mobile/5tLAonK60IA_80_DX612_DY612_CX306_CY119.png" />
      <file href="mobile/5tLAonK60IA_80_DX612_DY612_CX306_CY119.swf" />
      <file href="story_content/6BWp5ujfpnO_80_DX596_DY596.swf" />
      <file href="mobile/6BWp5ujfpnO_80_DX596_DY596_CX298_CY119.png" />
      <file href="mobile/6BWp5ujfpnO_80_DX596_DY596_CX298_CY119.swf" />
      <file href="story_content/5omW6wx8WOA_22050_48.mp3" />
      <file href="story_content/6edSxlmOSeB_80_DX612_DY612.swf" />
      <file href="mobile/6edSxlmOSeB_80_DX612_DY612_CX306_CY266.png" />
      <file href="mobile/6edSxlmOSeB_80_DX612_DY612_CX306_CY266.swf" />
      <file href="story_content/5mgCEGIzRK7_80_P_0_0_674_546_DX652_DY652.swf" />
      <file href="mobile/5mgCEGIzRK7_80_P_0_0_674_546_DX652_DY652_CX309_CY266.png" />
      <file href="mobile/5mgCEGIzRK7_80_P_0_0_674_546_DX652_DY652_CX309_CY266.swf" />
      <file href="story_content/5uJBfyVTFTe_80_DX576_DY576.swf" />
      <file href="mobile/5uJBfyVTFTe_80_DX576_DY576_CX288_CY58.png" />
      <file href="mobile/5uJBfyVTFTe_80_DX576_DY576_CX288_CY58.swf" />
      <file href="story_content/6O0t1NFlqhH_80_DX628_DY628.swf" />
      <file href="mobile/6O0t1NFlqhH_80_DX628_DY628_CX288_CY314.png" />
      <file href="mobile/6O0t1NFlqhH_80_DX628_DY628_CX288_CY314.swf" />
      <file href="story_content/5jddT68U2pW_80_DX582_DY582.swf" />
      <file href="mobile/5jddT68U2pW_80_DX582_DY582_CX291_CY58.png" />
      <file href="mobile/5jddT68U2pW_80_DX582_DY582_CX291_CY58.swf" />
      <file href="story_content/63mgSlUbICa_80_DX628_DY628.swf" />
      <file href="mobile/63mgSlUbICa_80_DX628_DY628_CX291_CY314.png" />
      <file href="mobile/63mgSlUbICa_80_DX628_DY628_CX291_CY314.swf" />
      <file href="story_content/6JhjtzQ62B0_22050_48.mp3" />
      <file href="story_content/6Zm6Vkycb7F_80_DX1326_DY1326.swf" />
      <file href="mobile/6Zm6Vkycb7F_80_DX1326_DY1326_CX663_CY110.png" />
      <file href="mobile/6Zm6Vkycb7F_80_DX1326_DY1326_CX663_CY110.swf" />
      <file href="story_content/6TiKSk5DzrO_80_DX928_DY928.swf" />
      <file href="mobile/6TiKSk5DzrO_80_DX928_DY928_CX464_CY40.png" />
      <file href="mobile/6TiKSk5DzrO_80_DX928_DY928_CX464_CY40.swf" />
      <file href="story_content/5yt4ZjMTovr_80_DX1326_DY1326.swf" />
      <file href="mobile/5yt4ZjMTovr_80_DX1326_DY1326_CX663_CY143.png" />
      <file href="mobile/5yt4ZjMTovr_80_DX1326_DY1326_CX663_CY143.swf" />
      <file href="story_content/6gYjGIoSgez_80_DX928_DY928.swf" />
      <file href="mobile/6gYjGIoSgez_80_DX928_DY928_CX464_CY40.png" />
      <file href="mobile/6gYjGIoSgez_80_DX928_DY928_CX464_CY40.swf" />
      <file href="story_content/6aTUuZobBjV_80_DX1326_DY1326.swf" />
      <file href="mobile/6aTUuZobBjV_80_DX1326_DY1326_CX663_CY74.png" />
      <file href="mobile/6aTUuZobBjV_80_DX1326_DY1326_CX663_CY74.swf" />
      <file href="story_content/5ubIcUJtDqj_80_DX964_DY964.swf" />
      <file href="mobile/5ubIcUJtDqj_80_DX964_DY964_CX482_CY40.png" />
      <file href="mobile/5ubIcUJtDqj_80_DX964_DY964_CX482_CY40.swf" />
      <file href="story_content/6GEulCGXEmR_22050_48.mp3" />
      <file href="story_content/6XlyTQHpiEb_80_DX1284_DY1284.swf" />
      <file href="mobile/6XlyTQHpiEb_80_DX1284_DY1284_CX642_CY64.png" />
      <file href="mobile/6XlyTQHpiEb_80_DX1284_DY1284_CX642_CY64.swf" />
      <file href="story_content/5soQDmdmY7G_22050_48.mp3" />
      <file href="story_content/6n01okmhO7e_80_DX1224_DY1224.swf" />
      <file href="mobile/6n01okmhO7e_80_DX1224_DY1224_CX612_CY370.png" />
      <file href="mobile/6n01okmhO7e_80_DX1224_DY1224_CX612_CY370.swf" />
      <file href="story_content/68fEvkHPPCa_80_DX1316_DY1316.swf" />
      <file href="mobile/68fEvkHPPCa_80_DX1316_DY1316_CX658_CY55.png" />
      <file href="mobile/68fEvkHPPCa_80_DX1316_DY1316_CX658_CY55.swf" />
      <file href="story_content/5aOMaPqWfoQ_80_DX1316_DY1316.swf" />
      <file href="mobile/5aOMaPqWfoQ_80_DX1316_DY1316_CX658_CY55.png" />
      <file href="mobile/5aOMaPqWfoQ_80_DX1316_DY1316_CX658_CY55.swf" />
      <file href="story_content/6PE8LWFRvyq_80_DX1316_DY1316.swf" />
      <file href="mobile/6PE8LWFRvyq_80_DX1316_DY1316_CX658_CY36.png" />
      <file href="mobile/6PE8LWFRvyq_80_DX1316_DY1316_CX658_CY36.swf" />
      <file href="story_content/6Pa8grwgGd2_80_DX1316_DY1316.swf" />
      <file href="mobile/6Pa8grwgGd2_80_DX1316_DY1316_CX658_CY55.png" />
      <file href="mobile/6Pa8grwgGd2_80_DX1316_DY1316_CX658_CY55.swf" />
      <file href="story_content/6YXpTQyLCYU_80_DX1316_DY1316.swf" />
      <file href="mobile/6YXpTQyLCYU_80_DX1316_DY1316_CX658_CY54.png" />
      <file href="mobile/6YXpTQyLCYU_80_DX1316_DY1316_CX658_CY54.swf" />
      <file href="story_content/6aIyHcWDyY8_80_DX1316_DY1316.swf" />
      <file href="mobile/6aIyHcWDyY8_80_DX1316_DY1316_CX658_CY55.png" />
      <file href="mobile/6aIyHcWDyY8_80_DX1316_DY1316_CX658_CY55.swf" />
      <file href="story_content/6A6no0FKBH3_80_DX1316_DY1316.swf" />
      <file href="mobile/6A6no0FKBH3_80_DX1316_DY1316_CX658_CY54.png" />
      <file href="mobile/6A6no0FKBH3_80_DX1316_DY1316_CX658_CY54.swf" />
      <file href="story_content/5hEpAAnOwGW_22050_48.mp3" />
      <file href="story_content/6T6mDlN6hQE_80_DX1202_DY1202.swf" />
      <file href="mobile/6T6mDlN6hQE_80_DX1202_DY1202_CX601_CY99.png" />
      <file href="mobile/6T6mDlN6hQE_80_DX1202_DY1202_CX601_CY99.swf" />
      <file href="story_content/6428cfbqCj2_80_DX1156_DY1156.swf" />
      <file href="mobile/6428cfbqCj2_80_DX1156_DY1156_CX578_CY204.png" />
      <file href="mobile/6428cfbqCj2_80_DX1156_DY1156_CX578_CY204.swf" />
      <file href="story_content/5pHRM7m8gee_22050_48.mp3" />
      <file href="story_content/6UTCXATPiuu_80_DX1304_DY1304.swf" />
      <file href="mobile/6UTCXATPiuu_80_DX1304_DY1304_CX652_CY83.png" />
      <file href="mobile/6UTCXATPiuu_80_DX1304_DY1304_CX652_CY83.swf" />
      <file href="story_content/5wgggz2yOoU_80_DX1304_DY1304.swf" />
      <file href="mobile/5wgggz2yOoU_80_DX1304_DY1304_CX652_CY170.png" />
      <file href="mobile/5wgggz2yOoU_80_DX1304_DY1304_CX652_CY170.swf" />
      <file href="story_content/6PZuV8HpOdm_80_DX1304_DY1304.swf" />
      <file href="mobile/6PZuV8HpOdm_80_DX1304_DY1304_CX652_CY83.png" />
      <file href="mobile/6PZuV8HpOdm_80_DX1304_DY1304_CX652_CY83.swf" />
      <file href="story_content/6BMe3dG2vlq_80_DX1304_DY1304.swf" />
      <file href="mobile/6BMe3dG2vlq_80_DX1304_DY1304_CX652_CY71.png" />
      <file href="mobile/6BMe3dG2vlq_80_DX1304_DY1304_CX652_CY71.swf" />
      <file href="story_content/5ttvVUr8CFW_22050_48.mp3" />
      <file href="story_content/6p3RxzCh3AU_80_P_0_0_1315_416_DX1270_DY1270.swf" />
      <file href="mobile/6p3RxzCh3AU_80_P_0_0_1315_416_DX1270_DY1270_CX635_CY215.png" />
      <file href="mobile/6p3RxzCh3AU_80_P_0_0_1315_416_DX1270_DY1270_CX635_CY215.swf" />
      <file href="story_content/5v6ZSy0A53n_80_DX1262_DY1262.swf" />
      <file href="mobile/5v6ZSy0A53n_80_DX1262_DY1262_CX631_CY73.png" />
      <file href="mobile/5v6ZSy0A53n_80_DX1262_DY1262_CX631_CY73.swf" />
      <file href="story_content/63BiRz7LgyY_22050_48.mp3" />
      <file href="story_content/6p3RxzCh3AU_80_P_0_412_1315_219_DX1270_DY1270.swf" />
      <file href="mobile/6p3RxzCh3AU_80_P_0_412_1315_219_DX1270_DY1270_CX635_CY113.png" />
      <file href="mobile/6p3RxzCh3AU_80_P_0_412_1315_219_DX1270_DY1270_CX635_CY113.swf" />
      <file href="story_content/5mt8ol4BYW1_80_DX1284_DY1284.swf" />
      <file href="mobile/5mt8ol4BYW1_80_DX1284_DY1284_CX642_CY82.png" />
      <file href="mobile/5mt8ol4BYW1_80_DX1284_DY1284_CX642_CY82.swf" />
      <file href="story_content/6iW3b7YZ9dV_22050_48.mp3" />
      <file href="story_content/6F2briyv77Q_80_P_0_0_1338_268_DX1274_DY1274.swf" />
      <file href="mobile/6F2briyv77Q_80_P_0_0_1338_268_DX1274_DY1274_CX637_CY128.png" />
      <file href="mobile/6F2briyv77Q_80_P_0_0_1338_268_DX1274_DY1274_CX637_CY128.swf" />
      <file href="story_content/6F2briyv77Q_80_P_0_266_1338_389_DX1274_DY1274.swf" />
      <file href="mobile/6F2briyv77Q_80_P_0_266_1338_389_DX1274_DY1274_CX637_CY186.png" />
      <file href="mobile/6F2briyv77Q_80_P_0_266_1338_389_DX1274_DY1274_CX637_CY186.swf" />
      <file href="story_content/5uKr2Rsqn3M_80_DX1128_DY1128.swf" />
      <file href="mobile/5uKr2Rsqn3M_80_DX1128_DY1128_CX564_CY85.png" />
      <file href="mobile/5uKr2Rsqn3M_80_DX1128_DY1128_CX564_CY85.swf" />
      <file href="story_content/6LXs1wwqcyB_80_DX1186_DY1186.swf" />
      <file href="mobile/6LXs1wwqcyB_80_DX1186_DY1186_CX593_CY120.png" />
      <file href="mobile/6LXs1wwqcyB_80_DX1186_DY1186_CX593_CY120.swf" />
      <file href="story_content/5rjUkhUjEeq_22050_48.mp3" />
      <file href="story_content/685Ng6J9SSP_80_DX1396_DY1396.swf" />
      <file href="mobile/685Ng6J9SSP_80_DX1396_DY1396_CX698_CY414.png" />
      <file href="mobile/685Ng6J9SSP_80_DX1396_DY1396_CX698_CY414.swf" />
      <file href="story_content/6Jno2GMnawS_22050_48.mp3" />
      <file href="story_content/6nnOemyKANV_80_DX1274_DY1274.swf" />
      <file href="mobile/6nnOemyKANV_80_DX1274_DY1274_CX637_CY73.png" />
      <file href="mobile/6nnOemyKANV_80_DX1274_DY1274_CX637_CY73.swf" />
      <file href="story_content/6aNIVlTfdve_80_DX1274_DY1274.swf" />
      <file href="mobile/6aNIVlTfdve_80_DX1274_DY1274_CX637_CY137.png" />
      <file href="mobile/6aNIVlTfdve_80_DX1274_DY1274_CX637_CY137.swf" />
      <file href="story_content/6GEmz63KrUy_80_DX1274_DY1274.swf" />
      <file href="mobile/6GEmz63KrUy_80_DX1274_DY1274_CX637_CY73.png" />
      <file href="mobile/6GEmz63KrUy_80_DX1274_DY1274_CX637_CY73.swf" />
      <file href="story_content/6dD9nv0Jruf_80_DX1248_DY1248.swf" />
      <file href="mobile/6dD9nv0Jruf_80_DX1248_DY1248_CX624_CY84.png" />
      <file href="mobile/6dD9nv0Jruf_80_DX1248_DY1248_CX624_CY84.swf" />
      <file href="story_content/5jmcnIz8BuK_22050_48.mp3" />
      <file href="story_content/6WZ8h3AuBPK_80_DX960_DY960.swf" />
      <file href="mobile/6WZ8h3AuBPK_80_DX960_DY960_CX480_CY65.png" />
      <file href="mobile/6WZ8h3AuBPK_80_DX960_DY960_CX480_CY65.swf" />
      <file href="story_content/6ApAhUyrNrV_80_DX1344_DY1344.swf" />
      <file href="mobile/6ApAhUyrNrV_80_DX1344_DY1344_CX672_CY314.png" />
      <file href="mobile/6ApAhUyrNrV_80_DX1344_DY1344_CX672_CY314.swf" />
      <file href="story_content/5icBKidxAPq_22050_48.mp3" />
      <file href="story_content/6H2u6vXhuyu_80_DX358_DY358.swf" />
      <file href="mobile/6H2u6vXhuyu_80_DX358_DY358_CX179_CY179.png" />
      <file href="mobile/6H2u6vXhuyu_80_DX358_DY358_CX179_CY179.swf" />
      <file href="story_content/6qglDAesDOI_80_DX388_DY388.swf" />
      <file href="mobile/6qglDAesDOI_80_DX388_DY388_CX194_CY194.png" />
      <file href="mobile/6qglDAesDOI_80_DX388_DY388_CX194_CY194.swf" />
      <file href="story_content/5Y3ErIY9oAB_80_DX358_DY358.swf" />
      <file href="mobile/5Y3ErIY9oAB_80_DX358_DY358_CX179_CY179.png" />
      <file href="mobile/5Y3ErIY9oAB_80_DX358_DY358_CX179_CY179.swf" />
      <file href="story_content/6gcrw5HPqZi_80_DX388_DY388.swf" />
      <file href="mobile/6gcrw5HPqZi_80_DX388_DY388_CX194_CY194.png" />
      <file href="mobile/6gcrw5HPqZi_80_DX388_DY388_CX194_CY194.swf" />
      <file href="story_content/6C2FNlfyaeb_80_DX358_DY358.swf" />
      <file href="mobile/6C2FNlfyaeb_80_DX358_DY358_CX179_CY179.png" />
      <file href="mobile/6C2FNlfyaeb_80_DX358_DY358_CX179_CY179.swf" />
      <file href="story_content/6QIBeOKapyl_22050_48.mp3" />
      <file href="story_content/6g77mPrF5Ns_80_DX1326_DY1326.swf" />
      <file href="mobile/6g77mPrF5Ns_80_DX1326_DY1326_CX663_CY31.png" />
      <file href="mobile/6g77mPrF5Ns_80_DX1326_DY1326_CX663_CY31.swf" />
      <file href="story_content/5d6YYESKaYk_80_DX1348_DY1348.swf" />
      <file href="mobile/5d6YYESKaYk_80_DX1348_DY1348_CX674_CY233.png" />
      <file href="mobile/5d6YYESKaYk_80_DX1348_DY1348_CX674_CY233.swf" />
      <file href="story_content/5jpdTfA8ep5_80_DX1326_DY1326.swf" />
      <file href="mobile/5jpdTfA8ep5_80_DX1326_DY1326_CX663_CY31.png" />
      <file href="mobile/5jpdTfA8ep5_80_DX1326_DY1326_CX663_CY31.swf" />
      <file href="story_content/6JYsANwBWYx_80_DX1326_DY1326.swf" />
      <file href="mobile/6JYsANwBWYx_80_DX1326_DY1326_CX663_CY82.png" />
      <file href="mobile/6JYsANwBWYx_80_DX1326_DY1326_CX663_CY82.swf" />
      <file href="story_content/6RRiqv1sula_22050_48.mp3" />
      <file href="story_content/5Zu9JwTcKJQ_80_DX1316_DY1316.swf" />
      <file href="mobile/5Zu9JwTcKJQ_80_DX1316_DY1316_CX658_CY37.png" />
      <file href="mobile/5Zu9JwTcKJQ_80_DX1316_DY1316_CX658_CY37.swf" />
      <file href="story_content/6oY0m6a6JHg_80_DX1342_DY1342.swf" />
      <file href="mobile/6oY0m6a6JHg_80_DX1342_DY1342_CX671_CY259.png" />
      <file href="mobile/6oY0m6a6JHg_80_DX1342_DY1342_CX671_CY259.swf" />
      <file href="story_content/6p1PcRrl7ag_80_DX1316_DY1316.swf" />
      <file href="mobile/6p1PcRrl7ag_80_DX1316_DY1316_CX658_CY44.png" />
      <file href="mobile/6p1PcRrl7ag_80_DX1316_DY1316_CX658_CY44.swf" />
      <file href="story_content/6Vr8rI1nyDd_80_DX1316_DY1316.swf" />
      <file href="mobile/6Vr8rI1nyDd_80_DX1316_DY1316_CX658_CY81.png" />
      <file href="mobile/6Vr8rI1nyDd_80_DX1316_DY1316_CX658_CY81.swf" />
      <file href="story_content/5y1uTrkRFhU_22050_48.mp3" />
      <file href="story_content/6YvObvCsb7v_80_DX1274_DY1274.swf" />
      <file href="mobile/6YvObvCsb7v_80_DX1274_DY1274_CX637_CY62.png" />
      <file href="mobile/6YvObvCsb7v_80_DX1274_DY1274_CX637_CY62.swf" />
      <file href="story_content/5sjIAjB6VcC_80_DX1274_DY1274.swf" />
      <file href="mobile/5sjIAjB6VcC_80_DX1274_DY1274_CX637_CY41.png" />
      <file href="mobile/5sjIAjB6VcC_80_DX1274_DY1274_CX637_CY41.swf" />
      <file href="story_content/6CRIiAIeHzF_80_DX1274_DY1274.swf" />
      <file href="mobile/6CRIiAIeHzF_80_DX1274_DY1274_CX637_CY62.png" />
      <file href="mobile/6CRIiAIeHzF_80_DX1274_DY1274_CX637_CY62.swf" />
      <file href="story_content/5mc5YA0H5Qm_80_DX1298_DY1298.swf" />
      <file href="mobile/5mc5YA0H5Qm_80_DX1298_DY1298_CX649_CY94.png" />
      <file href="mobile/5mc5YA0H5Qm_80_DX1298_DY1298_CX649_CY94.swf" />
      <file href="story_content/5sUEIHmNzOE_80_DX1274_DY1274.swf" />
      <file href="mobile/5sUEIHmNzOE_80_DX1274_DY1274_CX637_CY62.png" />
      <file href="mobile/5sUEIHmNzOE_80_DX1274_DY1274_CX637_CY62.swf" />
      <file href="story_content/5rUUTDR4IGZ_80_DX1274_DY1274.swf" />
      <file href="mobile/5rUUTDR4IGZ_80_DX1274_DY1274_CX637_CY65.png" />
      <file href="mobile/5rUUTDR4IGZ_80_DX1274_DY1274_CX637_CY65.swf" />
      <file href="story_content/5VLjzyaxa7m_22050_48.mp3" />
      <file href="story_content/6aS31MMFHl7_80_DX1274_DY1274.swf" />
      <file href="mobile/6aS31MMFHl7_80_DX1274_DY1274_CX637_CY108.png" />
      <file href="mobile/6aS31MMFHl7_80_DX1274_DY1274_CX637_CY108.swf" />
      <file href="story_content/67jBiH0Nr05_80_DX1274_DY1274.swf" />
      <file href="mobile/67jBiH0Nr05_80_DX1274_DY1274_CX637_CY59.png" />
      <file href="mobile/67jBiH0Nr05_80_DX1274_DY1274_CX637_CY59.swf" />
      <file href="story_content/5qPJf5FNJuW_80_DX1274_DY1274.swf" />
      <file href="mobile/5qPJf5FNJuW_80_DX1274_DY1274_CX637_CY103.png" />
      <file href="mobile/5qPJf5FNJuW_80_DX1274_DY1274_CX637_CY103.swf" />
      <file href="story_content/6CfOX2XbeD3_80_DX1274_DY1274.swf" />
      <file href="mobile/6CfOX2XbeD3_80_DX1274_DY1274_CX637_CY76.png" />
      <file href="mobile/6CfOX2XbeD3_80_DX1274_DY1274_CX637_CY76.swf" />
      <file href="story_content/6WA4me0aP6C_22050_48.mp3" />
      <file href="story_content/5umM9pBD2ld_80_DX1284_DY1284.swf" />
      <file href="mobile/5umM9pBD2ld_80_DX1284_DY1284_CX642_CY161.png" />
      <file href="mobile/5umM9pBD2ld_80_DX1284_DY1284_CX642_CY161.swf" />
      <file href="story_content/5mPsYtAK7NF_80_DX1134_DY1134.swf" />
      <file href="mobile/5mPsYtAK7NF_80_DX1134_DY1134_CX567_CY71.png" />
      <file href="mobile/5mPsYtAK7NF_80_DX1134_DY1134_CX567_CY71.swf" />
      <file href="story_content/6GFlzKNSSjQ_80_DX1284_DY1284.swf" />
      <file href="mobile/6GFlzKNSSjQ_80_DX1284_DY1284_CX642_CY138.png" />
      <file href="mobile/6GFlzKNSSjQ_80_DX1284_DY1284_CX642_CY138.swf" />
      <file href="story_content/5kuaJs7nmxv_80_DX1134_DY1134.swf" />
      <file href="mobile/5kuaJs7nmxv_80_DX1134_DY1134_CX567_CY60.png" />
      <file href="mobile/5kuaJs7nmxv_80_DX1134_DY1134_CX567_CY60.swf" />
      <file href="story_content/67OskBeAyQP_22050_48.mp3" />
      <file href="story_content/5i636LqPwvR_80_DX1262_DY1262.swf" />
      <file href="mobile/5i636LqPwvR_80_DX1262_DY1262_CX631_CY120.png" />
      <file href="mobile/5i636LqPwvR_80_DX1262_DY1262_CX631_CY120.swf" />
      <file href="story_content/6gwbwYMpUyh_80_DX1214_DY1214.swf" />
      <file href="mobile/6gwbwYMpUyh_80_DX1214_DY1214_CX607_CY192.png" />
      <file href="mobile/6gwbwYMpUyh_80_DX1214_DY1214_CX607_CY192.swf" />
      <file href="story_content/5cQgWPa0gNO_22050_48.mp3" />
      <file href="story_content/60jkeYHNnEy_80_DX1200_DY1200.swf" />
      <file href="mobile/60jkeYHNnEy_80_DX1200_DY1200_CX600_CY88.png" />
      <file href="mobile/60jkeYHNnEy_80_DX1200_DY1200_CX600_CY88.swf" />
      <file href="story_content/6ZKoGKqkZkp_80_DX1296_DY1296.swf" />
      <file href="mobile/6ZKoGKqkZkp_80_DX1296_DY1296_CX648_CY148.png" />
      <file href="mobile/6ZKoGKqkZkp_80_DX1296_DY1296_CX648_CY148.swf" />
      <file href="story_content/5eLIpQE3VaI_80_DX1196_DY1196.swf" />
      <file href="mobile/5eLIpQE3VaI_80_DX1196_DY1196_CX598_CY88.png" />
      <file href="mobile/5eLIpQE3VaI_80_DX1196_DY1196_CX598_CY88.swf" />
      <file href="story_content/5n5KwwjlJkA_22050_48.mp3" />
      <file href="story_content/69x15SSkQq2_80_DX1316_DY1316.swf" />
      <file href="mobile/69x15SSkQq2_80_DX1316_DY1316_CX658_CY95.png" />
      <file href="mobile/69x15SSkQq2_80_DX1316_DY1316_CX658_CY95.swf" />
      <file href="story_content/6KIcPBUuo8H_80_DX1316_DY1316.swf" />
      <file href="mobile/6KIcPBUuo8H_80_DX1316_DY1316_CX658_CY51.png" />
      <file href="mobile/6KIcPBUuo8H_80_DX1316_DY1316_CX658_CY51.swf" />
      <file href="story_content/6ZeBgt16ZvI_80_DX1316_DY1316.swf" />
      <file href="mobile/6ZeBgt16ZvI_80_DX1316_DY1316_CX658_CY95.png" />
      <file href="mobile/6ZeBgt16ZvI_80_DX1316_DY1316_CX658_CY95.swf" />
      <file href="story_content/5fB91KhNfWT_80_DX1316_DY1316.swf" />
      <file href="mobile/5fB91KhNfWT_80_DX1316_DY1316_CX658_CY51.png" />
      <file href="mobile/5fB91KhNfWT_80_DX1316_DY1316_CX658_CY51.swf" />
      <file href="story_content/5qMd11GJ7dI_80_DX1316_DY1316.swf" />
      <file href="mobile/5qMd11GJ7dI_80_DX1316_DY1316_CX658_CY38.png" />
      <file href="mobile/5qMd11GJ7dI_80_DX1316_DY1316_CX658_CY38.swf" />
      <file href="story_content/6Y0bSkyahq4_80_DX1316_DY1316.swf" />
      <file href="mobile/6Y0bSkyahq4_80_DX1316_DY1316_CX658_CY51.png" />
      <file href="mobile/6Y0bSkyahq4_80_DX1316_DY1316_CX658_CY51.swf" />
      <file href="story_content/6rif8VsO0nc_22050_48.mp3" />
      <file href="story_content/5vlKos5gH55_80_DX1274_DY1274.swf" />
      <file href="mobile/5vlKos5gH55_80_DX1274_DY1274_CX637_CY96.png" />
      <file href="mobile/5vlKos5gH55_80_DX1274_DY1274_CX637_CY96.swf" />
      <file href="story_content/5tQnUbj5OmN_80_DX1298_DY1298.swf" />
      <file href="mobile/5tQnUbj5OmN_80_DX1298_DY1298_CX649_CY174.png" />
      <file href="mobile/5tQnUbj5OmN_80_DX1298_DY1298_CX649_CY174.swf" />
      <file href="story_content/6J3XfC0He2A_80_DX1274_DY1274.swf" />
      <file href="mobile/6J3XfC0He2A_80_DX1274_DY1274_CX637_CY96.png" />
      <file href="mobile/6J3XfC0He2A_80_DX1274_DY1274_CX637_CY96.swf" />
      <file href="story_content/6kOCKz69DsS_22050_48.mp3" />
      <file href="story_content/63GveelkJ4F_80_DX1274_DY1274.swf" />
      <file href="mobile/63GveelkJ4F_80_DX1274_DY1274_CX637_CY281.png" />
      <file href="mobile/63GveelkJ4F_80_DX1274_DY1274_CX637_CY281.swf" />
      <file href="story_content/5vpNurKZqLQ_22050_48.mp3" />
      <file href="story_content/6athsdotDCx_80_DX1260_DY1260.swf" />
      <file href="mobile/6athsdotDCx_80_DX1260_DY1260_CX630_CY90.png" />
      <file href="mobile/6athsdotDCx_80_DX1260_DY1260_CX630_CY90.swf" />
      <file href="story_content/5aIUYnlwafu_80_DX1304_DY1304.swf" />
      <file href="mobile/5aIUYnlwafu_80_DX1304_DY1304_CX652_CY173.png" />
      <file href="mobile/5aIUYnlwafu_80_DX1304_DY1304_CX652_CY173.swf" />
      <file href="story_content/5lc04ZYGdZj_80_DX1260_DY1260.swf" />
      <file href="mobile/5lc04ZYGdZj_80_DX1260_DY1260_CX630_CY90.png" />
      <file href="mobile/5lc04ZYGdZj_80_DX1260_DY1260_CX630_CY90.swf" />
      <file href="story_content/5XtI0qcjiF6_22050_48.mp3" />
      <file href="story_content/txt__default_6oU1VFCmSJ9.swf" />
      <file href="story_content/txt__default_6ftzX7bwK3v.swf" />
      <file href="story_content/txt__default_6qPVAg99qwe.swf" />
      <file href="story_content/6A747IGRk6X_22050_48.mp3" />
      <file href="story_content/txt__default_6nMI61Q69bC.swf" />
      <file href="story_content/txt__default_6qQN7UNQAaK.swf" />
      <file href="story_content/txt__default_6VKMK8D7sHK.swf" />
      <file href="story_content/6iatJSukkuy_22050_48.mp3" />
      <file href="story_content/6TpJ8XNIoZg_80_DX1246_DY1246.swf" />
      <file href="mobile/6TpJ8XNIoZg_80_DX1246_DY1246_CX623_CY33.png" />
      <file href="mobile/6TpJ8XNIoZg_80_DX1246_DY1246_CX623_CY33.swf" />
      <file href="story_content/6UHfeL2bTYj_80_DX1246_DY1246.swf" />
      <file href="mobile/6UHfeL2bTYj_80_DX1246_DY1246_CX623_CY133.png" />
      <file href="mobile/6UHfeL2bTYj_80_DX1246_DY1246_CX623_CY133.swf" />
      <file href="story_content/6Z3XovGNNSf_80_DX1246_DY1246.swf" />
      <file href="mobile/6Z3XovGNNSf_80_DX1246_DY1246_CX623_CY33.png" />
      <file href="mobile/6Z3XovGNNSf_80_DX1246_DY1246_CX623_CY33.swf" />
      <file href="story_content/6kGvO32S303_80_DX1246_DY1246.swf" />
      <file href="mobile/6kGvO32S303_80_DX1246_DY1246_CX623_CY188.png" />
      <file href="mobile/6kGvO32S303_80_DX1246_DY1246_CX623_CY188.swf" />
      <file href="story_content/6fKER8bhkd4_22050_48.mp3" />
      <file href="story_content/608TC4saTsl_80_DX1284_DY1284.swf" />
      <file href="mobile/608TC4saTsl_80_DX1284_DY1284_CX642_CY41.png" />
      <file href="mobile/608TC4saTsl_80_DX1284_DY1284_CX642_CY41.swf" />
      <file href="story_content/6X1ZtgJ2m5Y_80_DX1284_DY1284.swf" />
      <file href="mobile/6X1ZtgJ2m5Y_80_DX1284_DY1284_CX642_CY127.png" />
      <file href="mobile/6X1ZtgJ2m5Y_80_DX1284_DY1284_CX642_CY127.swf" />
      <file href="story_content/6TnXXBnlbyn_80_DX1284_DY1284.swf" />
      <file href="mobile/6TnXXBnlbyn_80_DX1284_DY1284_CX642_CY41.png" />
      <file href="mobile/6TnXXBnlbyn_80_DX1284_DY1284_CX642_CY41.swf" />
      <file href="story_content/6ULUkJouYWX_80_DX1284_DY1284.swf" />
      <file href="mobile/6ULUkJouYWX_80_DX1284_DY1284_CX642_CY192.png" />
      <file href="mobile/6ULUkJouYWX_80_DX1284_DY1284_CX642_CY192.swf" />
      <file href="story_content/6hmSWJsviQF_22050_48.mp3" />
      <file href="story_content/5j25UklbFXR_22050_48.mp3" />
      <file href="story_content/5rRYDSuqmAE_80_DX1258_DY1258.swf" />
      <file href="mobile/5rRYDSuqmAE_80_DX1258_DY1258_CX629_CY48.png" />
      <file href="mobile/5rRYDSuqmAE_80_DX1258_DY1258_CX629_CY48.swf" />
      <file href="story_content/6quKAMKjmY8_80_DX1258_DY1258.swf" />
      <file href="mobile/6quKAMKjmY8_80_DX1258_DY1258_CX629_CY73.png" />
      <file href="mobile/6quKAMKjmY8_80_DX1258_DY1258_CX629_CY73.swf" />
      <file href="story_content/5uPzgd89SRQ_80_DX1258_DY1258.swf" />
      <file href="mobile/5uPzgd89SRQ_80_DX1258_DY1258_CX629_CY54.png" />
      <file href="mobile/5uPzgd89SRQ_80_DX1258_DY1258_CX629_CY54.swf" />
      <file href="story_content/6U8tdxPYMo0_80_DX1258_DY1258.swf" />
      <file href="mobile/6U8tdxPYMo0_80_DX1258_DY1258_CX629_CY73.png" />
      <file href="mobile/6U8tdxPYMo0_80_DX1258_DY1258_CX629_CY73.swf" />
      <file href="story_content/6mb5fTSLMmu_80_DX1258_DY1258.swf" />
      <file href="mobile/6mb5fTSLMmu_80_DX1258_DY1258_CX629_CY60.png" />
      <file href="mobile/6mb5fTSLMmu_80_DX1258_DY1258_CX629_CY60.swf" />
      <file href="story_content/5fuKxTx0clr_22050_48.mp3" />
      <file href="story_content/66zy6Dx8Ip5_80_P_0_0_1000_787_DX416_DY416.swf" />
      <file href="mobile/66zy6Dx8Ip5_80_P_0_0_1000_787_DX416_DY416_CX208_CY164.png" />
      <file href="mobile/66zy6Dx8Ip5_80_P_0_0_1000_787_DX416_DY416_CX208_CY164.swf" />
      <file href="story_content/6leYraaTasg_80_P_754_327_745_797_DX1040_DY1040.swf" />
      <file href="mobile/6leYraaTasg_80_P_754_327_745_797_DX1040_DY1040_CX148_CY158.png" />
      <file href="mobile/6leYraaTasg_80_P_754_327_745_797_DX1040_DY1040_CX148_CY158.swf" />
      <file href="story_content/6leYraaTasg_80_DX1040_DY1040.swf" />
      <file href="mobile/6leYraaTasg_80_DX1040_DY1040_CX520_CY390.png" />
      <file href="mobile/6leYraaTasg_80_DX1040_DY1040_CX520_CY390.swf" />
      <file href="meta.xml" />
      <file href="mobile/6MQ15lhzxjf.jpg" />
      <file href="story_content/logo.swf" />
      <file href="story_content/frame.xml" />
      <file href="story_content/frame.js" />
      <file href="story_content/user.js" />
      <file href="mobile/app_store.png" />
      <file href="mobile/mobile_icon.png" />
      <file href="mobile/linen_background.jpg" />
      <file href="story_unsupported.html" />
      <file href="mobile/Shape6hhdzeuaLKM.png" />
      <file href="mobile/txt__default_6oU1VFCmSJ9.png" />
      <file href="mobile/txt__default_6ftzX7bwK3v.png" />
      <file href="mobile/txt__default_6qPVAg99qwe.png" />
      <file href="mobile/txt__default_6nMI61Q69bC.png" />
      <file href="mobile/txt__default_6qQN7UNQAaK.png" />
      <file href="mobile/txt__default_6VKMK8D7sHK.png" />
      <file href="mobile/player.css" />
      <file href="mobile/player_compiled.js" />
      <file href="story_content/FontFactory.swf" />
      <file href="story_content/fonts.swf" />
      <file href="story_content/fonts.xml" />
      <file href="mobile/fonts.js" />
      <file href="story.swf" />
      <file href="story_content/frame.swf" />
      <file href="story_content/slides/5V2eSUySdxB.swf" />
      <file href="story_content/slides/5y3pR390Jl3.swf" />
      <file href="story_content/slides/6Foeu65lxLO.swf" />
      <file href="story_content/slides/62K9kKktVEh.swf" />
      <file href="mobile/slides/5V2eSUySdxB.gz" />
      <file href="mobile/slides/62K9kKktVEh.gz" />
      <file href="mobile/slides/5y3pR390Jl3.gz" />
      <file href="mobile/slides/6Foeu65lxLO.gz" />
      <file href="story_content/slides/61iU8klNcgd.swf" />
      <file href="story_content/slides/6VMa7ZE6qAC.swf" />
      <file href="mobile/slides/6VMa7ZE6qAC.gz" />
      <file href="story_content/slides/5zdIhSLumUs.swf" />
      <file href="mobile/slides/61iU8klNcgd.gz" />
      <file href="mobile/slides/5zdIhSLumUs.gz" />
      <file href="story_content/slides/5s5KV7rF73i.swf" />
      <file href="mobile/slides/5s5KV7rF73i.gz" />
      <file href="story_content/slides/6pimbFrDZdc.swf" />
      <file href="mobile/slides/6pimbFrDZdc.gz" />
      <file href="story_content/slides/6BlinMyNWbM.swf" />
      <file href="mobile/slides/6BlinMyNWbM.gz" />
      <file href="story_content/slides/6Bd26D6sNxU.swf" />
      <file href="mobile/slides/6Bd26D6sNxU.gz" />
      <file href="story_content/slides/6Oc3nrGMOnA.swf" />
      <file href="mobile/slides/6Oc3nrGMOnA.gz" />
      <file href="story_content/slides/6qbheSveZa1.swf" />
      <file href="story_content/slides/5vERCe0Ener.swf" />
      <file href="story_content/slides/5t3NIdguoCS.swf" />
      <file href="mobile/slides/5vERCe0Ener.gz" />
      <file href="mobile/slides/6qbheSveZa1.gz" />
      <file href="mobile/slides/5t3NIdguoCS.gz" />
      <file href="story_content/slides/6fUiuqBnmzW.swf" />
      <file href="story_content/slides/5ViLUQCNlc3.swf" />
      <file href="mobile/slides/5ViLUQCNlc3.gz" />
      <file href="story_content/slides/6NrfcqqQGWH.swf" />
      <file href="story_content/slides/6axk0yWiUIg.swf" />
      <file href="story_content/slides/6RCLB8fVSqH.swf" />
      <file href="story_content/slides/6YAMdl7QEJs.swf" />
      <file href="mobile/slides/6NrfcqqQGWH.gz" />
      <file href="mobile/slides/6fUiuqBnmzW.gz" />
      <file href="mobile/slides/6axk0yWiUIg.gz" />
      <file href="mobile/slides/6RCLB8fVSqH.gz" />
      <file href="mobile/slides/6YAMdl7QEJs.gz" />
      <file href="story_content/slides/5wq5k2oIXjN.swf" />
      <file href="mobile/slides/5wq5k2oIXjN.gz" />
      <file href="mobile/slides/6YAMdl7QEJs.js" />
      <file href="mobile/slides/5t3NIdguoCS.js" />
      <file href="mobile/slides/6Bd26D6sNxU.js" />
      <file href="mobile/slides/6pimbFrDZdc.js" />
      <file href="mobile/slides/61iU8klNcgd.js" />
      <file href="story_content/slides/6LOjylaYkym.swf" />
      <file href="mobile/slides/5s5KV7rF73i.js" />
      <file href="story_content/slides/5cA3H9FCWxJ.swf" />
      <file href="mobile/slides/5cA3H9FCWxJ.gz" />
      <file href="mobile/slides/6LOjylaYkym.gz" />
      <file href="story_content/slides/5gVPP4xM9mA.swf" />
      <file href="mobile/slides/5gVPP4xM9mA.gz" />
      <file href="mobile/slides/5zdIhSLumUs.js" />
      <file href="mobile/slides/5vERCe0Ener.js" />
      <file href="mobile/slides/6VMa7ZE6qAC.js" />
      <file href="mobile/slides/5ViLUQCNlc3.js" />
      <file href="story_content/slides/6Ph24qMF021.swf" />
      <file href="mobile/slides/6Ph24qMF021.gz" />
      <file href="mobile/slides/5y3pR390Jl3.js" />
      <file href="mobile/slides/6fUiuqBnmzW.js" />
      <file href="story_content/slides/620rZUlGvr8.swf" />
      <file href="mobile/slides/620rZUlGvr8.gz" />
      <file href="story_content/slides/6ez46ezK47w.swf" />
      <file href="story_content/slides/5uJWnSVZ4aw.swf" />
      <file href="mobile/slides/6NrfcqqQGWH.js" />
      <file href="mobile/slides/6RCLB8fVSqH.js" />
      <file href="mobile/slides/6ez46ezK47w.gz" />
      <file href="mobile/slides/5uJWnSVZ4aw.gz" />
      <file href="mobile/slides/6Foeu65lxLO.js" />
      <file href="mobile/slides/6Oc3nrGMOnA.js" />
      <file href="mobile/slides/5V2eSUySdxB.js" />
      <file href="story_content/slides/5j7Az87JT71.swf" />
      <file href="mobile/slides/5wq5k2oIXjN.js" />
      <file href="mobile/slides/5j7Az87JT71.gz" />
      <file href="story_content/slides/64WN8AlugGi.swf" />
      <file href="story_content/slides/67fpDSpRDgN.swf" />
      <file href="mobile/slides/64WN8AlugGi.gz" />
      <file href="mobile/slides/67fpDSpRDgN.gz" />
      <file href="story_content/slides/6PPidarTMlr.swf" />
      <file href="mobile/slides/62K9kKktVEh.js" />
      <file href="mobile/slides/6axk0yWiUIg.js" />
      <file href="mobile/slides/6PPidarTMlr.gz" />
      <file href="story_content/slides/6PvpHyVi8vb.swf" />
      <file href="mobile/slides/6PvpHyVi8vb.gz" />
      <file href="story_content/slides/5uEZ4wxW1Gf.swf" />
      <file href="mobile/slides/5uEZ4wxW1Gf.gz" />
      <file href="mobile/slides/6qbheSveZa1.js" />
      <file href="story_content/slides/6YZObTmXEWL.swf" />
      <file href="mobile/slides/6BlinMyNWbM.js" />
      <file href="mobile/slides/6YZObTmXEWL.gz" />
      <file href="story_content/slides/6p1OksAsruo.swf" />
      <file href="mobile/slides/6p1OksAsruo.gz" />
      <file href="story_content/slides/6foQxOYZqIb.swf" />
      <file href="mobile/slides/6foQxOYZqIb.gz" />
      <file href="story_content/slides/6iviNbjftho.swf" />
      <file href="story_content/slides/6QTzUpAVIng.swf" />
      <file href="mobile/slides/6iviNbjftho.gz" />
      <file href="mobile/slides/6QTzUpAVIng.gz" />
      <file href="story_content/slides/5sCnvwgXSxX.swf" />
      <file href="mobile/slides/5sCnvwgXSxX.gz" />
      <file href="story_content/slides/6dpSdsxjH2N.swf" />
      <file href="mobile/slides/6dpSdsxjH2N.gz" />
      <file href="story_content/slides/66KBYRWkB0Q.swf" />
      <file href="mobile/slides/66KBYRWkB0Q.gz" />
      <file href="story_content/slides/63JlSXIqw7M.swf" />
      <file href="mobile/slides/63JlSXIqw7M.gz" />
      <file href="mobile/slides/6LOjylaYkym.js" />
      <file href="mobile/slides/620rZUlGvr8.js" />
      <file href="mobile/slides/6Ph24qMF021.js" />
      <file href="mobile/slides/5gVPP4xM9mA.js" />
      <file href="mobile/slides/6foQxOYZqIb.js" />
      <file href="mobile/slides/5uEZ4wxW1Gf.js" />
      <file href="mobile/slides/6ez46ezK47w.js" />
      <file href="story_content/slides/5kPQMlBBSpr.swf" />
      <file href="mobile/slides/5kPQMlBBSpr.gz" />
      <file href="story_content/slides/6YULX24Q4Pl.swf" />
      <file href="story_content/slides/6l0Um0bMETR.swf" />
      <file href="mobile/slides/6PPidarTMlr.js" />
      <file href="mobile/slides/6l0Um0bMETR.gz" />
      <file href="mobile/slides/6YULX24Q4Pl.gz" />
      <file href="mobile/slides/5cA3H9FCWxJ.js" />
      <file href="mobile/slides/64WN8AlugGi.js" />
      <file href="mobile/slides/5uJWnSVZ4aw.js" />
      <file href="mobile/slides/5j7Az87JT71.js" />
      <file href="mobile/slides/67fpDSpRDgN.js" />
      <file href="mobile/slides/6p1OksAsruo.js" />
      <file href="mobile/slides/66KBYRWkB0Q.js" />
      <file href="story_content/slides/6bKHBUpjGy8.swf" />
      <file href="mobile/slides/6bKHBUpjGy8.gz" />
      <file href="mobile/slides/63JlSXIqw7M.js" />
      <file href="mobile/slides/5sCnvwgXSxX.js" />
      <file href="mobile/slides/6PvpHyVi8vb.js" />
      <file href="story_content/slides/5eweZyHJtk3.swf" />
      <file href="story_content/slides/6CWUfZHe5dX.swf" />
      <file href="story_content/slides/5gI4QDcjwHl.swf" />
      <file href="mobile/slides/6QTzUpAVIng.js" />
      <file href="mobile/slides/5gI4QDcjwHl.gz" />
      <file href="story_content/slides/5hedJGMAsZi.swf" />
      <file href="story_content/slides/5x1kvL7QYel.swf" />
      <file href="story_content/slides/5jUh2ytZIjA.swf" />
      <file href="mobile/slides/5x1kvL7QYel.gz" />
      <file href="mobile/slides/6CWUfZHe5dX.gz" />
      <file href="story_content/slides/6UvDoKxdyIE.swf" />
      <file href="mobile/slides/6UvDoKxdyIE.gz" />
      <file href="mobile/slides/5jUh2ytZIjA.gz" />
      <file href="mobile/slides/5eweZyHJtk3.gz" />
      <file href="mobile/slides/5hedJGMAsZi.gz" />
      <file href="story_content/slides/5yIjMeETDH9.swf" />
      <file href="mobile/slides/5yIjMeETDH9.gz" />
      <file href="mobile/slides/6iviNbjftho.js" />
      <file href="story_content/slides/6O45hv71p32.swf" />
      <file href="mobile/slides/6O45hv71p32.gz" />
      <file href="mobile/slides/6dpSdsxjH2N.js" />
      <file href="mobile/slides/6YZObTmXEWL.js" />
      <file href="story_content/slides/5a6HMhbLOAh.swf" />
      <file href="mobile/slides/5a6HMhbLOAh.gz" />
      <file href="story_content/slides/67zBmNMIm7H.swf" />
      <file href="mobile/slides/67zBmNMIm7H.gz" />
      <file href="story_content/slides/6Dfq4vj8Vef.swf" />
      <file href="mobile/slides/6Dfq4vj8Vef.gz" />
      <file href="story_content/slides/6EG9YLL8NKB.swf" />
      <file href="story_content/slides/5zp44Wzfz0Z.swf" />
      <file href="mobile/slides/6EG9YLL8NKB.gz" />
      <file href="mobile/slides/5zp44Wzfz0Z.gz" />
      <file href="story_content/slides/6bVUMflQgMW.swf" />
      <file href="mobile/slides/6bVUMflQgMW.gz" />
      <file href="story_content/slides/5l4E01hr4CR.swf" />
      <file href="mobile/slides/5l4E01hr4CR.gz" />
      <file href="story_content/slides/5m1vmglKWul.swf" />
      <file href="mobile/slides/5m1vmglKWul.gz" />
      <file href="story_content/slides/6fs9OaT1pi7.swf" />
      <file href="mobile/slides/6fs9OaT1pi7.gz" />
      <file href="mobile/slides/6YULX24Q4Pl.js" />
      <file href="mobile/slides/5kPQMlBBSpr.js" />
      <file href="mobile/slides/6bKHBUpjGy8.js" />
      <file href="mobile/slides/5jUh2ytZIjA.js" />
      <file href="mobile/slides/5x1kvL7QYel.js" />
      <file href="mobile/slides/5hedJGMAsZi.js" />
      <file href="mobile/slides/6O45hv71p32.js" />
      <file href="mobile/slides/5yIjMeETDH9.js" />
      <file href="mobile/slides/6UvDoKxdyIE.js" />
      <file href="mobile/slides/6Dfq4vj8Vef.js" />
      <file href="mobile/slides/67zBmNMIm7H.js" />
      <file href="mobile/slides/6l0Um0bMETR.js" />
      <file href="mobile/slides/6CWUfZHe5dX.js" />
      <file href="mobile/slides/6bVUMflQgMW.js" />
      <file href="mobile/slides/5gI4QDcjwHl.js" />
      <file href="mobile/slides/5m1vmglKWul.js" />
      <file href="mobile/slides/5a6HMhbLOAh.js" />
      <file href="mobile/slides/6EG9YLL8NKB.js" />
      <file href="mobile/slides/5zp44Wzfz0Z.js" />
      <file href="mobile/slides/6fs9OaT1pi7.js" />
      <file href="mobile/slides/5l4E01hr4CR.js" />
      <file href="mobile/slides/5eweZyHJtk3.js" />
      <file href="story_content/slides/5Xs8D7QmbQe.swf" />
      <file href="story_content/slides/5vgjmsWvo9K.swf" />
      <file href="mobile/slides/5Xs8D7QmbQe.gz" />
      <file href="mobile/slides/5vgjmsWvo9K.gz" />
      <file href="mobile/slides/5Xs8D7QmbQe.js" />
      <file href="mobile/slides/5vgjmsWvo9K.js" />
      <file href="story_content/slides/6WkusdJ8sPr.swf" />
      <file href="mobile/slides/6WkusdJ8sPr.gz" />
      <file href="mobile/slides/6WkusdJ8sPr.js" />
      <file href="story_content/data.swf" />
      <file href="mobile/data.gz" />
      <file href="mobile/data.js" />
      <file href="mobile/masks.js" />
      <file href="story.html" />
      <file href="story_html5.html" />
      <file href="index_lms_html5.html" />
      <file href="story_content/blank.html" />
      <file href="story_content/story.js" />
      <file href="amplaunch.html" />
      <file href="mobile/mobileinstall.html" />
      <file href="index_lms.html" />
      <file href="lms/AICCComm.html" />
      <file href="lms/AICCFunctions.js" />
      <file href="lms/API.js" />
      <file href="lms/APIConstants.js" />
      <file href="lms/blank.html" />
      <file href="lms/browsersniff.js" />
      <file href="lms/Configuration.js" />
      <file href="lms/goodbye.html" />
      <file href="lms/lms.js" />
      <file href="lms/LMSAPI.js" />
      <file href="lms/NONEFunctions.js" />
      <file href="lms/SCORM2004Functions.js" />
      <file href="lms/SCORMFunctions.js" />
      <file href="lms/UtilityFunctions.js" />
    </resource>
  </resources>
</manifest>