<?xml version="1.0" standalone="no"?>
<manifest identifier="_5ngK8ZqOWLa_course_id" version="1.3" xmlns="http://www.imsglobal.org/xsd/imscp_v1p1" xmlns:adlcp="http://www.adlnet.org/xsd/adlcp_v1p3" xmlns:adlseq="http://www.adlnet.org/xsd/adlseq_v1p3" xmlns:adlnav="http://www.adlnet.org/xsd/adlnav_v1p3" xmlns:imsss="http://www.imsglobal.org/xsd/imsss" xmlns:xsi="http://www.w3.org/2001/XMLSchema-instance" xsi:schemaLocation="http://www.imsglobal.org/xsd/imscp_v1p1 imscp_v1p1.xsd
                        http://www.adlnet.org/xsd/adlcp_v1p3 adlcp_v1p3.xsd
                        http://www.adlnet.org/xsd/adlseq_v1p3 adlseq_v1p3.xsd
                        http://www.adlnet.org/xsd/adlnav_v1p3 adlnav_v1p3.xsd
                        http://www.imsglobal.org/xsd/imsss imsss_v1p0.xsd">
  <metadata>
    <schema>ADL SCORM</schema>
    <schemaversion>CAM 1.3</schemaversion>
    <adlcp:location>metadata.xml</adlcp:location>
  </metadata>
  <organizations default="B?I_6_K?_TO?N_K?T_QU?_KINH_DOANH_V?_PH?N_PH?I_L?I_NHU?N_SAU_THU?_TNDN_ORG">
    <organization identifier="B?I_6_K?_TO?N_K?T_QU?_KINH_DOANH_V?_PH?N_PH?I_L?I_NHU?N_SAU_THU?_TNDN_ORG" adlseq:objectivesGlobalToSystem="false">
      <title>B?I 6 K? TO?N K?T QU? KINH DOANH V? PH?N PH?I L?I NHU?N SAU THU? TNDN</title>
      <item identifier="B?I_6_K?_TO?N_K?T_QU?_KINH_DOANH_V?_PH?N_PH?I_L?I_NHU?N_SAU_THU?_TNDN_SCO" identifierref="__5ngK8ZqOWLa_course_id_RES" isvisible="true">
        <title>B?I 6 K? TO?N K?T QU? KINH DOANH V? PH?N PH?I L?I NHU?N SAU THU? TNDN</title>
        <imsss:sequencing>
          <imsss:controlMode choice="true" flow="true" />
          <imsss:deliveryControls tracked="true" completionSetByContent="true" objectiveSetByContent="true" />
        </imsss:sequencing>
      </item>
      <metadata>
        <adlcp:location>metadata.xml</adlcp:location>
      </metadata>
      <imsss:sequencing>
        <imsss:controlMode choice="true" flow="true" />
        <imsss:deliveryControls tracked="true" completionSetByContent="false" objectiveSetByContent="false" />
      </imsss:sequencing>
    </organization>
  </organizations>
  <resources>
    <resource identifier="__5ngK8ZqOWLa_course_id_RES" type="webcontent" adlcp:scormType="sco" href="index_lms.html">
      <file href="story_content/thumbnail.jpg" />
      <file href="story_content/62GGZ1grA1B_80_DX600_DY600.swf" />
      <file href="mobile/62GGZ1grA1B_80_DX600_DY600_CX300_CY225.png" />
      <file href="mobile/62GGZ1grA1B_80_DX600_DY600_CX300_CY225.swf" />
      <file href="story_content/6BHaKbXvsg7_22050_48.mp3" />
      <file href="story_content/6dOUJdU38Vg_80_DX342_DY342.swf" />
      <file href="mobile/6dOUJdU38Vg_80_DX342_DY342_CX115_CY171.png" />
      <file href="mobile/6dOUJdU38Vg_80_DX342_DY342_CX115_CY171.swf" />
      <file href="story_content/6UBEPOatzGP_80_DX440_DY440.swf" />
      <file href="mobile/6UBEPOatzGP_80_DX440_DY440_CX220_CY3.png" />
      <file href="mobile/6UBEPOatzGP_80_DX440_DY440_CX220_CY3.swf" />
      <file href="story_content/6I3IvmPT856_80_DX790_DY790.swf" />
      <file href="mobile/6I3IvmPT856_80_DX790_DY790_CX395_CY91.png" />
      <file href="mobile/6I3IvmPT856_80_DX790_DY790_CX395_CY91.swf" />
      <file href="story_content/6YQukFZqleV_80_DX330_DY330.swf" />
      <file href="mobile/6YQukFZqleV_80_DX330_DY330_CX165_CY3.png" />
      <file href="mobile/6YQukFZqleV_80_DX330_DY330_CX165_CY3.swf" />
      <file href="story_content/66MUokz6glc_80_DX806_DY806.swf" />
      <file href="mobile/66MUokz6glc_80_DX806_DY806_CX403_CY91.png" />
      <file href="mobile/66MUokz6glc_80_DX806_DY806_CX403_CY91.swf" />
      <file href="story_content/6VVkJaaf2pp_80_DX340_DY340.swf" />
      <file href="mobile/6VVkJaaf2pp_80_DX340_DY340_CX170_CY3.png" />
      <file href="mobile/6VVkJaaf2pp_80_DX340_DY340_CX170_CY3.swf" />
      <file href="story_content/5rBT0Xq6UBa_80_DX808_DY808.swf" />
      <file href="mobile/5rBT0Xq6UBa_80_DX808_DY808_CX404_CY87.png" />
      <file href="mobile/5rBT0Xq6UBa_80_DX808_DY808_CX404_CY87.swf" />
      <file href="story_content/5XXTGZYaidL_80_DX466_DY466.swf" />
      <file href="mobile/5XXTGZYaidL_80_DX466_DY466_CX233_CY3.png" />
      <file href="mobile/5XXTGZYaidL_80_DX466_DY466_CX233_CY3.swf" />
      <file href="story_content/5yKNg1zeMzI_80_DX790_DY790.swf" />
      <file href="mobile/5yKNg1zeMzI_80_DX790_DY790_CX395_CY91.png" />
      <file href="mobile/5yKNg1zeMzI_80_DX790_DY790_CX395_CY91.swf" />
      <file href="story_content/6ajNBCZkIvK_80_DX288_DY288.swf" />
      <file href="mobile/6ajNBCZkIvK_80_DX288_DY288_CX140_CY144.png" />
      <file href="mobile/6ajNBCZkIvK_80_DX288_DY288_CX140_CY144.swf" />
      <file href="story_content/60U4cMOUiYF_22050_48.mp3" />
      <file href="story_content/5dhKR7QKjOQ_80_DX1316_DY1316.swf" />
      <file href="mobile/5dhKR7QKjOQ_80_DX1316_DY1316_CX658_CY363.png" />
      <file href="mobile/5dhKR7QKjOQ_80_DX1316_DY1316_CX658_CY363.swf" />
      <file href="story_content/6RAxrxKOP2s_22050_48.mp3" />
      <file href="story_content/5cPu8h6xru0_80_DX516_DY516.swf" />
      <file href="mobile/5cPu8h6xru0_80_DX516_DY516_CX258_CY187.png" />
      <file href="mobile/5cPu8h6xru0_80_DX516_DY516_CX258_CY187.swf" />
      <file href="story_content/6NwwXIiTDOD_22050_48.mp3" />
      <file href="story_content/6km7fWqODZV_80_DX392_DY392.swf" />
      <file href="mobile/6km7fWqODZV_80_DX392_DY392_CX196_CY131.png" />
      <file href="mobile/6km7fWqODZV_80_DX392_DY392_CX196_CY131.swf" />
      <file href="story_content/6lyx5hKDI5U_22050_48.mp3" />
      <file href="story_content/6RRX8F8BUaH_80_DX156_DY156.swf" />
      <file href="mobile/6RRX8F8BUaH_80_DX156_DY156_CX78_CY71.png" />
      <file href="mobile/6RRX8F8BUaH_80_DX156_DY156_CX78_CY71.swf" />
      <file href="story_content/5bMLnNOmXE1_80_DX1148_DY1148.swf" />
      <file href="mobile/5bMLnNOmXE1_80_DX1148_DY1148_CX574_CY89.png" />
      <file href="mobile/5bMLnNOmXE1_80_DX1148_DY1148_CX574_CY89.swf" />
      <file href="story_content/6UicjPEMKDr_80_DX156_DY156.swf" />
      <file href="mobile/6UicjPEMKDr_80_DX156_DY156_CX78_CY71.png" />
      <file href="mobile/6UicjPEMKDr_80_DX156_DY156_CX78_CY71.swf" />
      <file href="story_content/6EbjB9brICz_80_DX1148_DY1148.swf" />
      <file href="mobile/6EbjB9brICz_80_DX1148_DY1148_CX574_CY89.png" />
      <file href="mobile/6EbjB9brICz_80_DX1148_DY1148_CX574_CY89.swf" />
      <file href="story_content/6Z016rNsJPP_80_DX170_DY170.swf" />
      <file href="mobile/6Z016rNsJPP_80_DX170_DY170_CX78_CY85.png" />
      <file href="mobile/6Z016rNsJPP_80_DX170_DY170_CX78_CY85.swf" />
      <file href="story_content/5usj6RDLzyk_80_DX1148_DY1148.swf" />
      <file href="mobile/5usj6RDLzyk_80_DX1148_DY1148_CX574_CY109.png" />
      <file href="mobile/5usj6RDLzyk_80_DX1148_DY1148_CX574_CY109.swf" />
      <file href="story_content/6JYDarFDzht_22050_48.mp3" />
      <file href="story_content/6QHg9IcF1N3_80_DX934_DY934.swf" />
      <file href="mobile/6QHg9IcF1N3_80_DX934_DY934_CX467_CY210.png" />
      <file href="mobile/6QHg9IcF1N3_80_DX934_DY934_CX467_CY210.swf" />
      <file href="story_content/6hxbArR6t3w_80_DX306_DY306.swf" />
      <file href="mobile/6hxbArR6t3w_80_DX306_DY306_CX153_CY91.png" />
      <file href="mobile/6hxbArR6t3w_80_DX306_DY306_CX153_CY91.swf" />
      <file href="story_content/6hYYUC8BbnG_80_DX362_DY362.swf" />
      <file href="mobile/6hYYUC8BbnG_80_DX362_DY362_CX181_CY91.png" />
      <file href="mobile/6hYYUC8BbnG_80_DX362_DY362_CX181_CY91.swf" />
      <file href="story_content/6kMi1XnW6c0_80_DX464_DY464.swf" />
      <file href="mobile/6kMi1XnW6c0_80_DX464_DY464_CX197_CY232.png" />
      <file href="mobile/6kMi1XnW6c0_80_DX464_DY464_CX197_CY232.swf" />
      <file href="story_content/5kxS4fGcRWn_22050_48.mp3" />
      <file href="story_content/6COiu0XPPNV_80_DX350_DY350.swf" />
      <file href="mobile/6COiu0XPPNV_80_DX350_DY350_CX175_CY175.png" />
      <file href="mobile/6COiu0XPPNV_80_DX350_DY350_CX175_CY175.swf" />
      <file href="story_content/5grmPCxVVTs_80_DX254_DY254.swf" />
      <file href="mobile/5grmPCxVVTs_80_DX254_DY254_CX127_CY127.png" />
      <file href="mobile/5grmPCxVVTs_80_DX254_DY254_CX127_CY127.swf" />
      <file href="story_content/61XXAICp5PD_80_DX304_DY304.swf" />
      <file href="mobile/61XXAICp5PD_80_DX304_DY304_CX152_CY152.png" />
      <file href="mobile/61XXAICp5PD_80_DX304_DY304_CX152_CY152.swf" />
      <file href="story_content/6YewAVyLaDm_80_DX422_DY422.swf" />
      <file href="mobile/6YewAVyLaDm_80_DX422_DY422_CX211_CY193.png" />
      <file href="mobile/6YewAVyLaDm_80_DX422_DY422_CX211_CY193.swf" />
      <file href="story_content/5yVVcNYEdMv_22050_48.mp3" />
      <file href="story_content/6nLCWGVj8d0_80_DX1296_DY1296.swf" />
      <file href="mobile/6nLCWGVj8d0_80_DX1296_DY1296_CX648_CY57.png" />
      <file href="mobile/6nLCWGVj8d0_80_DX1296_DY1296_CX648_CY57.swf" />
      <file href="story_content/6LnRTXeKBFR_80_DX1308_DY1308.swf" />
      <file href="mobile/6LnRTXeKBFR_80_DX1308_DY1308_CX654_CY57.png" />
      <file href="mobile/6LnRTXeKBFR_80_DX1308_DY1308_CX654_CY57.swf" />
      <file href="story_content/6VUCRpqPU6t_80_DX1316_DY1316.swf" />
      <file href="mobile/6VUCRpqPU6t_80_DX1316_DY1316_CX658_CY68.png" />
      <file href="mobile/6VUCRpqPU6t_80_DX1316_DY1316_CX658_CY68.swf" />
      <file href="story_content/6ITegVcBe7P_80_DX1316_DY1316.swf" />
      <file href="mobile/6ITegVcBe7P_80_DX1316_DY1316_CX658_CY62.png" />
      <file href="mobile/6ITegVcBe7P_80_DX1316_DY1316_CX658_CY62.swf" />
      <file href="story_content/6kZZlK7T9Wt_80_DX1326_DY1326.swf" />
      <file href="mobile/6kZZlK7T9Wt_80_DX1326_DY1326_CX663_CY62.png" />
      <file href="mobile/6kZZlK7T9Wt_80_DX1326_DY1326_CX663_CY62.swf" />
      <file href="story_content/6OG1Z3ISzrA_80_DX1326_DY1326.swf" />
      <file href="mobile/6OG1Z3ISzrA_80_DX1326_DY1326_CX663_CY79.png" />
      <file href="mobile/6OG1Z3ISzrA_80_DX1326_DY1326_CX663_CY79.swf" />
      <file href="story_content/66n9CsLH9ue_22050_48.mp3" />
      <file href="story_content/6nE29sydJsC_80_DX1364_DY1364.swf" />
      <file href="mobile/6nE29sydJsC_80_DX1364_DY1364_CX682_CY281.png" />
      <file href="mobile/6nE29sydJsC_80_DX1364_DY1364_CX682_CY281.swf" />
      <file href="story_content/6hCOWHVyecw_22050_48.mp3" />
      <file href="story_content/5fFJ1myAYYF_80_DX1236_DY1236.swf" />
      <file href="mobile/5fFJ1myAYYF_80_DX1236_DY1236_CX618_CY398.png" />
      <file href="mobile/5fFJ1myAYYF_80_DX1236_DY1236_CX618_CY398.swf" />
      <file href="story_content/6ghsbXAQHhs_22050_48.mp3" />
      <file href="story_content/60h8ZGQZBEv_80_DX1296_DY1296.swf" />
      <file href="mobile/60h8ZGQZBEv_80_DX1296_DY1296_CX648_CY306.png" />
      <file href="mobile/60h8ZGQZBEv_80_DX1296_DY1296_CX648_CY306.swf" />
      <file href="story_content/5c2haqOs95I_22050_48.mp3" />
      <file href="story_content/6eDg9wuPApU_80_DX1318_DY1318.swf" />
      <file href="mobile/6eDg9wuPApU_80_DX1318_DY1318_CX659_CY278.png" />
      <file href="mobile/6eDg9wuPApU_80_DX1318_DY1318_CX659_CY278.swf" />
      <file href="story_content/5uzUj2YAo9b_22050_48.mp3" />
      <file href="story_content/5hvCoAIIi6C_80_DX1134_DY1134.swf" />
      <file href="mobile/5hvCoAIIi6C_80_DX1134_DY1134_CX567_CY286.png" />
      <file href="mobile/5hvCoAIIi6C_80_DX1134_DY1134_CX567_CY286.swf" />
      <file href="story_content/65FtriHX8zF_22050_48.mp3" />
      <file href="story_content/5ld4rMI4Kk2_80_DX1284_DY1284.swf" />
      <file href="mobile/5ld4rMI4Kk2_80_DX1284_DY1284_CX642_CY203.png" />
      <file href="mobile/5ld4rMI4Kk2_80_DX1284_DY1284_CX642_CY203.swf" />
      <file href="story_content/6KVcLbX9bLN_22050_48.mp3" />
      <file href="story_content/5ZV32FktGMF_80_DX120_DY120.swf" />
      <file href="mobile/5ZV32FktGMF_80_DX120_DY120_CX60_CY54.png" />
      <file href="mobile/5ZV32FktGMF_80_DX120_DY120_CX60_CY54.swf" />
      <file href="story_content/663LFEWz9WL_80_DX118_DY118.swf" />
      <file href="mobile/663LFEWz9WL_80_DX118_DY118_CX54_CY59.png" />
      <file href="mobile/663LFEWz9WL_80_DX118_DY118_CX54_CY59.swf" />
      <file href="story_content/5gGlFngKIEd_22050_48.mp3" />
      <file href="story_content/6CX13VPUYUc_80_DX388_DY388.swf" />
      <file href="mobile/6CX13VPUYUc_80_DX388_DY388_CX194_CY145.png" />
      <file href="mobile/6CX13VPUYUc_80_DX388_DY388_CX194_CY145.swf" />
      <file href="story_content/5iqmjRxeS8J_80_DX388_DY388.swf" />
      <file href="mobile/5iqmjRxeS8J_80_DX388_DY388_CX194_CY145.png" />
      <file href="mobile/5iqmjRxeS8J_80_DX388_DY388_CX194_CY145.swf" />
      <file href="story_content/5mDsUpiIHKg_80_DX388_DY388.swf" />
      <file href="mobile/5mDsUpiIHKg_80_DX388_DY388_CX194_CY145.png" />
      <file href="mobile/5mDsUpiIHKg_80_DX388_DY388_CX194_CY145.swf" />
      <file href="story_content/6ezA4V5Co0Z_22050_48.mp3" />
      <file href="story_content/5fDomV7zMu5_80_DX852_DY852.swf" />
      <file href="mobile/5fDomV7zMu5_80_DX852_DY852_CX426_CY107.png" />
      <file href="mobile/5fDomV7zMu5_80_DX852_DY852_CX426_CY107.swf" />
      <file href="story_content/5plLYbJkojK_80_DX530_DY530.swf" />
      <file href="mobile/5plLYbJkojK_80_DX530_DY530_CX265_CY114.png" />
      <file href="mobile/5plLYbJkojK_80_DX530_DY530_CX265_CY114.swf" />
      <file href="story_content/5dgMcloTYhk_80_DX852_DY852.swf" />
      <file href="mobile/5dgMcloTYhk_80_DX852_DY852_CX426_CY147.png" />
      <file href="mobile/5dgMcloTYhk_80_DX852_DY852_CX426_CY147.swf" />
      <file href="story_content/60SSDfDXNW1_22050_48.mp3" />
      <file href="story_content/5ZhfGZinZFS_80_DX1326_DY1326.swf" />
      <file href="mobile/5ZhfGZinZFS_80_DX1326_DY1326_CX663_CY212.png" />
      <file href="mobile/5ZhfGZinZFS_80_DX1326_DY1326_CX663_CY212.swf" />
      <file href="story_content/67uxJKboyXR_22050_48.mp3" />
      <file href="story_content/61TZTSi50Pu_80_DX1304_DY1304.swf" />
      <file href="mobile/61TZTSi50Pu_80_DX1304_DY1304_CX652_CY220.png" />
      <file href="mobile/61TZTSi50Pu_80_DX1304_DY1304_CX652_CY220.swf" />
      <file href="story_content/6bdf6CIWbVW_22050_48.mp3" />
      <file href="story_content/6NNmGFJAGBj_22050_48.mp3" />
      <file href="story_content/6hul8TMgLGz_22050_48.mp3" />
      <file href="story_content/5yEsmFNDpge_80_DX1286_DY1286.swf" />
      <file href="mobile/5yEsmFNDpge_80_DX1286_DY1286_CX643_CY382.png" />
      <file href="mobile/5yEsmFNDpge_80_DX1286_DY1286_CX643_CY382.swf" />
      <file href="story_content/5en8e7mAwaC_80_DX766_DY766.swf" />
      <file href="mobile/5en8e7mAwaC_80_DX766_DY766_CX383_CY366.png" />
      <file href="mobile/5en8e7mAwaC_80_DX766_DY766_CX383_CY366.swf" />
      <file href="story_content/6NXLYFtpO4p_80_DX634_DY634.swf" />
      <file href="mobile/6NXLYFtpO4p_80_DX634_DY634_CX317_CY147.png" />
      <file href="mobile/6NXLYFtpO4p_80_DX634_DY634_CX317_CY147.swf" />
      <file href="story_content/67uqswjKvkb_22050_48.mp3" />
      <file href="story_content/5kb4YbRkI1S_80_DX1020_DY1020.swf" />
      <file href="mobile/5kb4YbRkI1S_80_DX1020_DY1020_CX510_CY272.png" />
      <file href="mobile/5kb4YbRkI1S_80_DX1020_DY1020_CX510_CY272.swf" />
      <file href="story_content/5fnPFoeqo8c_22050_48.mp3" />
      <file href="story_content/6dQiI8X0cAa_22050_48.mp3" />
      <file href="story_content/6TZCyn77ySs_80_DX1224_DY1224.swf" />
      <file href="mobile/6TZCyn77ySs_80_DX1224_DY1224_CX612_CY203.png" />
      <file href="mobile/6TZCyn77ySs_80_DX1224_DY1224_CX612_CY203.swf" />
      <file href="story_content/63n8Oio7Ezs_80_DX1330_DY1330.swf" />
      <file href="mobile/63n8Oio7Ezs_80_DX1330_DY1330_CX665_CY89.png" />
      <file href="mobile/63n8Oio7Ezs_80_DX1330_DY1330_CX665_CY89.swf" />
      <file href="story_content/6qAYqia78aE_22050_48.mp3" />
      <file href="story_content/65yNNvSRUvm_22050_48.mp3" />
      <file href="story_content/6qYvGUGtYWh_22050_48.mp3" />
      <file href="story_content/5bEAEli8wD0_80_DX1250_DY1250.swf" />
      <file href="mobile/5bEAEli8wD0_80_DX1250_DY1250_CX625_CY202.png" />
      <file href="mobile/5bEAEli8wD0_80_DX1250_DY1250_CX625_CY202.swf" />
      <file href="story_content/64L7csmJWoZ_22050_48.mp3" />
      <file href="story_content/6lTvzYnUeW6_80_DX1280_DY1280.swf" />
      <file href="mobile/6lTvzYnUeW6_80_DX1280_DY1280_CX640_CY160.png" />
      <file href="mobile/6lTvzYnUeW6_80_DX1280_DY1280_CX640_CY160.swf" />
      <file href="story_content/6MnN1HRJnjy_80_DX1296_DY1296.swf" />
      <file href="mobile/6MnN1HRJnjy_80_DX1296_DY1296_CX648_CY255.png" />
      <file href="mobile/6MnN1HRJnjy_80_DX1296_DY1296_CX648_CY255.swf" />
      <file href="story_content/5zsosEDYim3_22050_48.mp3" />
      <file href="story_content/67XyzpwkTvv_80_DX1238_DY1238.swf" />
      <file href="mobile/67XyzpwkTvv_80_DX1238_DY1238_CX619_CY444.png" />
      <file href="mobile/67XyzpwkTvv_80_DX1238_DY1238_CX619_CY444.swf" />
      <file href="story_content/6nrjLpHXFkL_22050_48.mp3" />
      <file href="story_content/5VUll7nCTn9_80_DX1296_DY1296.swf" />
      <file href="mobile/5VUll7nCTn9_80_DX1296_DY1296_CX648_CY416.png" />
      <file href="mobile/5VUll7nCTn9_80_DX1296_DY1296_CX648_CY416.swf" />
      <file href="story_content/6f8ZdA6jadP_22050_48.mp3" />
      <file href="story_content/6MiirkuG2nQ_80_DX1400_DY1400.swf" />
      <file href="mobile/6MiirkuG2nQ_80_DX1400_DY1400_CX700_CY307.png" />
      <file href="mobile/6MiirkuG2nQ_80_DX1400_DY1400_CX700_CY307.swf" />
      <file href="story_content/5h45RDiE4sk_22050_48.mp3" />
      <file href="story_content/6kul7TKQJyA_80_DX1270_DY1270.swf" />
      <file href="mobile/6kul7TKQJyA_80_DX1270_DY1270_CX635_CY322.png" />
      <file href="mobile/6kul7TKQJyA_80_DX1270_DY1270_CX635_CY322.swf" />
      <file href="story_content/5a0JB0pYTIk_22050_48.mp3" />
      <file href="story_content/5sheI2Il1dF_80_DX1296_DY1296.swf" />
      <file href="mobile/5sheI2Il1dF_80_DX1296_DY1296_CX648_CY390.png" />
      <file href="mobile/5sheI2Il1dF_80_DX1296_DY1296_CX648_CY390.swf" />
      <file href="story_content/69NfGpZjpcG_22050_48.mp3" />
      <file href="story_content/66zy6Dx8Ip5_80_P_0_0_1000_787_DX416_DY416.swf" />
      <file href="mobile/66zy6Dx8Ip5_80_P_0_0_1000_787_DX416_DY416_CX208_CY164.png" />
      <file href="mobile/66zy6Dx8Ip5_80_P_0_0_1000_787_DX416_DY416_CX208_CY164.swf" />
      <file href="story_content/6drxHvVGJEI_80_DX1040_DY1040.swf" />
      <file href="mobile/6drxHvVGJEI_80_DX1040_DY1040_CX520_CY390.png" />
      <file href="mobile/6drxHvVGJEI_80_DX1040_DY1040_CX520_CY390.swf" />
      <file href="meta.xml" />
      <file href="mobile/6hPS8fsqjRT.jpg" />
      <file href="story_content/logo.swf" />
      <file href="story_content/notes/Note6U9a4r8CJx6.6f4TKs4O947.swf" />
      <file href="story_content/notes/Note6U9a4r8CJx6.6Pbulj3MiOD.swf" />
      <file href="story_content/notes/Note6U9a4r8CJx6.665r63gjuwg.swf" />
      <file href="story_content/notes/Note6U9a4r8CJx6.6lXHwEoSyqA.swf" />
      <file href="story_content/frame.xml" />
      <file href="story_content/frame.js" />
      <file href="story_content/user.js" />
      <file href="mobile/app_store.png" />
      <file href="mobile/mobile_icon.png" />
      <file href="mobile/linen_background.jpg" />
      <file href="story_unsupported.html" />
      <file href="mobile/player.css" />
      <file href="mobile/player_compiled.js" />
      <file href="story_content/FontFactory.swf" />
      <file href="story_content/fonts.swf" />
      <file href="story_content/fonts.xml" />
      <file href="mobile/fonts.js" />
      <file href="story.swf" />
      <file href="story_content/frame.swf" />
      <file href="story_content/slides/5lL9lZRGsnF.swf" />
      <file href="mobile/slides/5lL9lZRGsnF.gz" />
      <file href="story_content/slides/6WFyiilAcbd.swf" />
      <file href="story_content/slides/6LM5Qb65Z3a.swf" />
      <file href="mobile/slides/6WFyiilAcbd.gz" />
      <file href="mobile/slides/6LM5Qb65Z3a.gz" />
      <file href="story_content/slides/6eIM4nmMadW.swf" />
      <file href="mobile/slides/6eIM4nmMadW.gz" />
      <file href="story_content/slides/6ZM3CVRKtxI.swf" />
      <file href="mobile/slides/6ZM3CVRKtxI.gz" />
      <file href="mobile/slides/5lL9lZRGsnF.js" />
      <file href="mobile/slides/6LM5Qb65Z3a.js" />
      <file href="story_content/slides/6E31cD8e0b5.swf" />
      <file href="mobile/slides/6eIM4nmMadW.js" />
      <file href="mobile/slides/6E31cD8e0b5.gz" />
      <file href="story_content/slides/6oqnTW9zdS7.swf" />
      <file href="story_content/slides/5ib9oy1ZOT5.swf" />
      <file href="mobile/slides/5ib9oy1ZOT5.gz" />
      <file href="mobile/slides/6WFyiilAcbd.js" />
      <file href="story_content/slides/5x7ebVQhLD1.swf" />
      <file href="mobile/slides/5x7ebVQhLD1.gz" />
      <file href="mobile/slides/5ib9oy1ZOT5.js" />
      <file href="mobile/slides/6oqnTW9zdS7.gz" />
      <file href="story_content/slides/6fqvSQNC7Eb.swf" />
      <file href="mobile/slides/6fqvSQNC7Eb.gz" />
      <file href="mobile/slides/6E31cD8e0b5.js" />
      <file href="story_content/slides/6PxTrDAliEa.swf" />
      <file href="mobile/slides/6PxTrDAliEa.gz" />
      <file href="mobile/slides/6fqvSQNC7Eb.js" />
      <file href="story_content/slides/5jyikvWGjGv.swf" />
      <file href="mobile/slides/6PxTrDAliEa.js" />
      <file href="mobile/slides/6ZM3CVRKtxI.js" />
      <file href="mobile/slides/6oqnTW9zdS7.js" />
      <file href="mobile/slides/5x7ebVQhLD1.js" />
      <file href="mobile/slides/5jyikvWGjGv.gz" />
      <file href="story_content/slides/665r63gjuwg.swf" />
      <file href="story_content/slides/5mUTnugbuAK.swf" />
      <file href="mobile/slides/665r63gjuwg.gz" />
      <file href="story_content/slides/6lXHwEoSyqA.swf" />
      <file href="mobile/slides/6lXHwEoSyqA.gz" />
      <file href="mobile/slides/5mUTnugbuAK.gz" />
      <file href="story_content/slides/5rJKONRNVlg.swf" />
      <file href="mobile/slides/5jyikvWGjGv.js" />
      <file href="mobile/slides/5rJKONRNVlg.gz" />
      <file href="mobile/slides/665r63gjuwg.js" />
      <file href="mobile/slides/6lXHwEoSyqA.js" />
      <file href="story_content/slides/6Pbulj3MiOD.swf" />
      <file href="mobile/slides/6Pbulj3MiOD.gz" />
      <file href="mobile/slides/5mUTnugbuAK.js" />
      <file href="story_content/slides/5lfE1sgbBe1.swf" />
      <file href="mobile/slides/5lfE1sgbBe1.gz" />
      <file href="story_content/slides/6QE0zevaIhi.swf" />
      <file href="mobile/slides/6QE0zevaIhi.gz" />
      <file href="story_content/slides/6Qo1B2WcWmL.swf" />
      <file href="mobile/slides/6Qo1B2WcWmL.gz" />
      <file href="mobile/slides/6Pbulj3MiOD.js" />
      <file href="story_content/slides/5kmvseeq5V5.swf" />
      <file href="mobile/slides/6QE0zevaIhi.js" />
      <file href="mobile/slides/5kmvseeq5V5.gz" />
      <file href="mobile/slides/5lfE1sgbBe1.js" />
      <file href="story_content/slides/6drjhBETyze.swf" />
      <file href="mobile/slides/6drjhBETyze.gz" />
      <file href="story_content/slides/6XOP6L9xna6.swf" />
      <file href="mobile/slides/6XOP6L9xna6.gz" />
      <file href="mobile/slides/5rJKONRNVlg.js" />
      <file href="story_content/slides/5qOnBrr6g3o.swf" />
      <file href="mobile/slides/5qOnBrr6g3o.gz" />
      <file href="mobile/slides/5kmvseeq5V5.js" />
      <file href="mobile/slides/6drjhBETyze.js" />
      <file href="mobile/slides/6Qo1B2WcWmL.js" />
      <file href="story_content/slides/5qRoUh8sUNt.swf" />
      <file href="mobile/slides/5qRoUh8sUNt.gz" />
      <file href="mobile/slides/6XOP6L9xna6.js" />
      <file href="story_content/slides/5yzKM5njGwt.swf" />
      <file href="story_content/slides/631BWnrc7yu.swf" />
      <file href="mobile/slides/5yzKM5njGwt.gz" />
      <file href="mobile/slides/631BWnrc7yu.gz" />
      <file href="mobile/slides/5qOnBrr6g3o.js" />
      <file href="story_content/slides/6HYHAcoufUy.swf" />
      <file href="mobile/slides/6HYHAcoufUy.gz" />
      <file href="mobile/slides/5qRoUh8sUNt.js" />
      <file href="story_content/slides/62NTrEaC6FT.swf" />
      <file href="mobile/slides/631BWnrc7yu.js" />
      <file href="mobile/slides/5yzKM5njGwt.js" />
      <file href="mobile/slides/62NTrEaC6FT.gz" />
      <file href="story_content/slides/6aF4SeLL5Y8.swf" />
      <file href="mobile/slides/6aF4SeLL5Y8.gz" />
      <file href="story_content/slides/6ZKd717x7LW.swf" />
      <file href="story_content/slides/6LBsdZRGkUB.swf" />
      <file href="mobile/slides/6ZKd717x7LW.gz" />
      <file href="mobile/slides/6LBsdZRGkUB.gz" />
      <file href="mobile/slides/6HYHAcoufUy.js" />
      <file href="mobile/slides/62NTrEaC6FT.js" />
      <file href="mobile/slides/6aF4SeLL5Y8.js" />
      <file href="story_content/slides/5tss7GyySc9.swf" />
      <file href="mobile/slides/6LBsdZRGkUB.js" />
      <file href="mobile/slides/5tss7GyySc9.gz" />
      <file href="story_content/slides/5ijDc13zBoJ.swf" />
      <file href="mobile/slides/5ijDc13zBoJ.gz" />
      <file href="story_content/slides/5qw1lY6TrmH.swf" />
      <file href="mobile/slides/5qw1lY6TrmH.gz" />
      <file href="mobile/slides/6ZKd717x7LW.js" />
      <file href="story_content/slides/6fwHfhPXqJk.swf" />
      <file href="mobile/slides/6fwHfhPXqJk.gz" />
      <file href="mobile/slides/6fwHfhPXqJk.js" />
      <file href="mobile/slides/5qw1lY6TrmH.js" />
      <file href="story_content/slides/5zBiJhmCcc5.swf" />
      <file href="mobile/slides/5zBiJhmCcc5.gz" />
      <file href="story_content/slides/6lQaGthcfzM.swf" />
      <file href="story_content/slides/6HTKgsy1rGk.swf" />
      <file href="mobile/slides/5ijDc13zBoJ.js" />
      <file href="mobile/slides/6HTKgsy1rGk.gz" />
      <file href="mobile/slides/6lQaGthcfzM.gz" />
      <file href="story_content/slides/6f4TKs4O947.swf" />
      <file href="mobile/slides/6f4TKs4O947.gz" />
      <file href="mobile/slides/6f4TKs4O947.js" />
      <file href="mobile/slides/6HTKgsy1rGk.js" />
      <file href="mobile/slides/5zBiJhmCcc5.js" />
      <file href="story_content/slides/6PhC5QpO7Oi.swf" />
      <file href="mobile/slides/6PhC5QpO7Oi.gz" />
      <file href="mobile/slides/5tss7GyySc9.js" />
      <file href="mobile/slides/6PhC5QpO7Oi.js" />
      <file href="mobile/slides/6lQaGthcfzM.js" />
      <file href="story_content/slides/5vjNcypTC0X.swf" />
      <file href="mobile/slides/5vjNcypTC0X.gz" />
      <file href="mobile/slides/5vjNcypTC0X.js" />
      <file href="story_content/slides/5rl8PzzXi8n.swf" />
      <file href="mobile/slides/5rl8PzzXi8n.gz" />
      <file href="mobile/slides/5rl8PzzXi8n.js" />
      <file href="story_content/data.swf" />
      <file href="mobile/data.gz" />
      <file href="mobile/data.js" />
      <file href="mobile/masks.js" />
      <file href="story.html" />
      <file href="story_html5.html" />
      <file href="index_lms_html5.html" />
      <file href="story_content/blank.html" />
      <file href="story_content/story.js" />
      <file href="amplaunch.html" />
      <file href="mobile/mobileinstall.html" />
      <file href="index_lms.html" />
      <file href="lms/AICCComm.html" />
      <file href="lms/AICCFunctions.js" />
      <file href="lms/API.js" />
      <file href="lms/APIConstants.js" />
      <file href="lms/blank.html" />
      <file href="lms/browsersniff.js" />
      <file href="lms/Configuration.js" />
      <file href="lms/goodbye.html" />
      <file href="lms/lms.js" />
      <file href="lms/LMSAPI.js" />
      <file href="lms/NONEFunctions.js" />
      <file href="lms/SCORM2004Functions.js" />
      <file href="lms/SCORMFunctions.js" />
      <file href="lms/UtilityFunctions.js" />
    </resource>
  </resources>
</manifest>