﻿<?xml version="1.0" encoding="utf-8"?><bwFonts xmlns:xsi="http://www.w3.org/2001/XMLSchema-instance" xmlns:xsd="http://www.w3.org/2001/XMLSchema" fontfactoryurl="story_content/FontFactory.swf"><font id="00" name="Open SansBold Charset1 5lcCG0wO9ra"><glyphs><g i="0" c="384" p="#^ey9e%OD9eBH9eiJef0Ljg0LFi0LgkgKilwJjmgIvm%gIEmZJ0nJK3otL5ptLPqtLftIJDuXH$vWE$v%ey$v^0Cdl%dEdlMFdlsGLk8Hgk8H9j8H8ioGIhEFfh0Efh%0Cfh^0Cdo%0CTs%uETs2GTsOGhsyHGryHrqyHdomEdo" /><g i="1" c="385" p="#^CG$v%UF8u%NF8uREjvRDNvSCfwgBfwizfway7v2x$t2xWr2xLpzyJo4AHn8DAn%vFwn%vFVmvFRkoDRkLBRkyzQl%jyjjGA4ixD4ihG4iKHhjcJtkcJVm%cJ$v^vFHp%3EKpsCNpFBjqSARqSAYrSAxtGCxtYDxtJENsvF1svFOq^3Bqz3BBx5DBx6FBx6Fqz6FhABELA5EeB5DeB3BeB3Bqz" /><g i="2" c="386" p="#^yK$v%QG$v%QG1oQGxmiGPlNF4lDE4l3D4lmC7mGB9nGBAp%GB$v%Yx$v%Yxmi%OAmi%iB5k%vB5k7C5jdDBijE5iIF5i4I5ijJnjyKFkyK5n" /><g i="3" c="387" p="#" /><g i="4" c="388" p="#^uDfw6xfw6xfp6xMlRyXjAA5iPD5ibG5i4I0j%ZGUl5GxlkFjlAE5lPD5lVA5lVAdpVAetPDetUEetPFYsKGFsEH2s%EHevKGOvPF0wUEfwuDfw" /><g i="5" c="389" p="#^VA8pVAarABdsfCgtLDgteFgtUFesyGbryG8pyG6nTF6mdF5lJD5leC5lzB6mVA6nVA8p^mK8pmKusBInuRGfwIDfwKBfweAovKywuWxVs6xir6x8p6xOlSyYjCA5iMD5iKF5ieHYiKIOjyJplmK$mmK8p^HBRg%HBvgND3eyERc%KIRc%KI5d5IJdzGZe1Fdg9ERg" /><g i="6" c="390" p="#^9K$v%rG$v%rG1orGxmXFPlsF4loE4lZC4ljC7mGBanGBAp%GB$v%Yx$v%Yxmi%OAmi%iB5k%vB5k1C9j4DDi7E5itF5ixI5iCJ5k%XJ5kvK8jzLDiDM5iZN5iiQ5iuRhjGStkGS5n%GS$v%XO$v%XO1oXOxmrOPlYN4lUM4lwL4lQK2m9K0n9K8p" /><g i="7" c="391" p="#^DH$v%7Hfu%WGfukGcvdFKv7EfwJCfwjAfw5zZuTxGtTxfr%Txmi%BBmi%BBkqBBNr6CxsEChtODhtmFht2GesLGbrLGMo%LGmi%uKmi%uK$v" /><g i="8" c="392" p="#^VA8pVAarABdsfCgtLDgteFgtUFesyGbryG8pyG6nTF6mdF5lJD5leC5lzB6mVA6nVA8p^mK8pmKusBInuRGfwIDfwKBfweAovKywuWxVs6xir6x8p6xOlSyYjCA5iMD5iKF5ieHYiKIOjyJplmK$mmK8p^bIRg%dGRgREWfEDPefC2g3BRg%5zRg%5zvgsAWeJB5d%zF5dcG1e1H4fSH7gbIvg^6H8e8I1dOIIb%KLIb%KLYbWK1dZIte%6Hte" /><g i="9" c="393" p="#^IDhtGEht2GRs%2GDvFEfwDCfwoAfwmz6vlyZtlyKr%ly9l%zw9l%zwAj%Dyki%Hzsf%4Csf%4Cmi%VFmi%VF9l%4C9l%4CJr4CwswCVsZChtIDht" /><g i="10" c="394" p="#^NxPeNx$cPz$cRB$cRBPeRBHfkBagQAFgPzFgNxFgNxPe^GB$v%Yx$v%Yxmi%GBmi" /><g i="11" c="395" p="#^BDLkpCLkKBvl4BemZADn%bGDnaGemtFvlNELkBDLk^7EfwQAfwZyru6xCs6xgp6xQlQyZjyA5iAD5itG5i4ILjHJolHJio%HJ6q%UA6qYAHrQBBsICutiEutwFutCGetJHZsWIps%WIhvXHMvQG$vJFfw7Efw^7IRg%9GRgNEWfADPebC2g$ARg%1zRg%1zvgoAWeFB5d%vF5d8G1eZG4fOH7g7Ivg^2H8e4I1dKIIb%GLIb%GLYbSK1dVIte%2Hte" /><g i="12" c="396" p="#^rFfw1DfwGBvu%tBvuGBcwGBtw%GB$B%Yx$B%Yxmi%ZAmi%vB6k%GB6k_C5iyF5iYH5ikJZjIKQlIK8pIKkr3KYsqJzueIpv2HfwrFfw^lE4lZC4lkCWlHBMmGBJo%GB7pGBkrkChs_CetoEetVGetVG5pVG4nhG4mGF4llE4l" /><g i="13" c="397" p="#^DH$v%7Hfu%WGfukGcvdFKv7EfwJCfwjAfw5zZuTxGtTxfr%Txmi%BBmi%BBkqBBNr6CxsEChtODhtmFht2GesLGbrLGMo%LGmi%uKmi%uK$v^8Cqz8CBxaEBxbGBxbGqzbGhAGFLAaFeBaEeB8CeB8Cqz" /><g i="14" c="398" p="%^bB$v$vmiUzmiwC7q#ZCBr4DWs8DWs#cDLrHD7qjGmidKmi0F$v" /><g i="15" c="399" p="#^NxPeNx$cPz$cRB$cRBPeRBHfkBagQAFgPzFgNxFgNxPe^GB$v%Yx$v%Yxmi%GBmi^MxqzMxBxOzBxPBBxPBqzPBhAiBLAOAeBOzeBMxeBMxqz" /><g i="16" c="400" p="#^zF5ikG5iQGci%yGHl5GzlsFzlFDzlFCumGBonGB2p%GB$v%Yx$v%Yxmi%MAmi%jBEk%vBEk8CujdDOiiE5izF5i" /><g i="17" c="401" p="%^GB$vYx$vYxmiGBmi^MxRgMxvg#Sz3eDARcPERcPE5d#9EJdDCZe#6BdgeARg" /><g i="18" c="403" p="#^yF5iYH5ikJ_jIKSlIK8pIKxshJouTHfwrFfw1DfwGBvu%pBvu%OA$v%Yx$v%Yx$c%GB$c%GBqhGBfiwB6k%GB6kZC5iyF5i^lE4lZC4lkCWlHBMmGBJo%GB7pGBkrkChs_CetoEetyFetdGasVG6rVG5pVG4ndG4mxF4llE4l" /><g i="19" c="404" p="#^mK8pmKusBInuRGfwIDfwKBfweAovKywuWxVs6xir6x8p6xOlSyYjCA5iMD5i8F5imGwiAHWisIMjgKdjgKig%XNig%7OzgONbigN9jKM6kSLMk$KqlJJKlmKgnmK8p^VA8pVAarABdsfCgtLDgteFgtUFesyGbryG8pyG6nTF6mdF5lJD5leC5lzB6mVA6nVA8p^wDRgLCigfB5fMzUdXy5d%XyRc%6DRcTD3e_Fvg%_FRg" /><g i="20" c="405" p="#^8CfwOzfwsyuu6xJs6xzp6x7mjyukxzRigCRiADRiCEmjEFSjiGRk%pGRk7Gej7G$h%7Goh%hCoh%hCZe%7GZe%7G$c%TJ$c%TJZe%MLZe%MLoh%TJoh%TJ$v%RG$v%3Gdu%VFduEEfw8Cfw^JDht3FhtIFxslGMroGXp%oGBpoGrnMFFm9FTlxDTlbCTlGBJmaBynaBDpaBrrNBmsoChtJDht" /><g i="21" c="406" p="%^wBAo8DvmZGmi9LmiLFgovL$vcH$vgDtqGBLrGB$vYx$vYx$cGB$cGBtltBAo" /><g i="22" c="407" p="#^yK$v%QG$v%QG1oQG4lDE4l3D4lmC8mGBbnGBAp%GB$v%Yx$v%Yx$c%GB$c%GBSgGBjhAB_i%vB5k%HB5kXC5iFF5i3I5iiJojyKGkyK5n" /><g i="23" c="408" p="#^VA8pVAarABdsfCgtLDgteFgtUFesyGbryG8pyG6nTF6mdF5lJD5leC5lzB6mVA6nVA8p^mK8pmKusBInuRGfwIDfwKBfweAovKywuWxVs6xir6x8p6xOlSyYjCA5iMD5iKF5ieHYiKIOjyJplmK$mmK8p^xGRgCEIfGDHeJCGfTARg%pyRg%pyvgIAcexBRc%UFRcgGtdbHze7IFf0Jvg%0JRg" /><g i="24" c="409" p="#^QJli%QJdk%HHNkhIHlhIRmhI1pKGgqcFvruCvr%PBsr%gBorHAQrHAnsHAatLCat%3FatjHatuI8uGJ5vGJZwGJmzGHGAGF$BXB$B4z$Bzx$A3w$z3wdy3w_wQw9wCxkv5zZuwyJu5yauGxCtGx_sGxds6yIrzyarqzGqlycqJxbp5x9o5xMm5xxkyyjj$z5iHC5igD5i2EbiREhi3Fli^hzWxhzHy0A7zMAAz5CAz5EAzeF0znGtynGwxnGLwIFsw1FawDDaw%HBawGAawZzEwhz7xhzWx^EAPmEAXn8BBoFBepHCepLDepeEBoJEXnJEPmJEmkHCmkEAmkEAPm" /><g i="25" c="410" p="#^mz4q%mzapmz$nSz8nmAgmHBhlZCmknDOjNDdjNDwiNDJhcDjhDCUgzBUgKzUgox4i%3wpfNyUdRBUdlEUdQF5fjHigjHjijHFjIGEk5GCloEQmdDInVC9oBCCoBClp%BC4q^ZyfuZydtwzIs3Aas7Bas7CasGCIseDeteDfueDcvGCMv7Ckw7Bkw5AkwxzNvZyevZyfu" /><g i="26" c="411" p="#^CG$v%UF8u%NF8uREjvRDNvSCfwgBfwizfway7v2x$t2xWr2xLpzyJo4AHn8DAn%vFwn%vFVmvFRkoDRkLBRkyzQl%jyjjGA4ixD4ihG4iKHhjcJtkcJVm%cJ$v^vFHp%3EKpsCNpFBjqSARqSAYrSAxtGCxtYDxtJENsvF1svFOq^HGRdHGLfIEfg%AE7h%sC7h%aCkf5DafqDSeLDyeLD5eLDIduDvdeDidQCid1Cid7BAd%7BwbuBpb7CkbNCfbhDfb_EfbQFWbHGBcHGRd" /><g i="27" c="412" p="#^VA8pVAarABdsfCgtLDgteFgtUFesyGbryG8pyG6nTF6mdF5lJD5leC5lzB6mVA6nVA8p^mK8pmKusBInuRGfwIDfwKBfweAovKywuWxVs6xir6x8p6xOlSyYjCA5iMD5iKF5ieHYiKIOjyJplmK$mmK8p" /><g i="28" c="413" p="#^CG$v%UF8u%NF8uREjvRDNvSCfwgBfwizfway7v2x$t2xWr2xLpzyJo4AHn8DAn%vFwn%vFVmvFRkoDRkLBRkyzQl%jyjjGA4ixD4ihG4iKHhjcJtkcJVm%cJ$v^vFHp%3EKpsCNpFBjqSARqSAYrSAxtGCxtYDxtJENsvF1svFOq^uDRgJCigdB5fKzUdVy5d%VyRc%4DRcRD3eYFvg%YFRg" /><g i="29" c="414" p="#^CG$v%UF8u%NF8uREjvRDNvSCfwgBfwizfway7v2x$t2xWr2xLpzyJo4AHn8DAn%vFwn%vFVmvFRkoDRkLBRkyzQl%jyjjGA4ixD4ihG4iKHhjcJtkcJVm%cJ$v^vFHp%3EKpsCNpFBjqSARqSAYrSAxtGCxtYDxtJENsvF1svFOq^hGSgmEJfqDIetCHfDASg%9ySg%9ywgsAdehBSc%EFSc0GudXGAeTHGfMIwg%MISg" /><g i="30" c="415" p="#^VA8pVAarABdsfCgtLDgteFgtUFesyGbryG8pyG6nTF6mdF5lJD5leC5lzB6mVA6nVA8p^mK8pmKusBInuRGfwIDfwKBfweAovKywuWxVs6xir6x8p6xOlSyYjCA5iMD5iKF5ieHYiKIOjyJplmK$mmK8p^TGRdTGLfUEfg%ME7h%EC7h%mCkfhDafCDSeXDyeXD5eXDIdGDvdqDid0DiddCidjBAd%jBwbGBpbjCkbZCfbtDfbaFfb0GWbTGBcTGRd" /><g i="31" c="418" p="#^DH$v%7Hfu%VGfujGbvdFJv7EfwJCfwjAfw5zZuTxGtTxfr%Txmi%BBmi%BBkqBBNr6CxsEChtODhtmFht2GesLGbrLGMo%LGmi%uKmi%uKNjlLvjPLCiiMJhiMjg%ZPjg%9QAgMPti5PvjrOxkjN9lcMMluK1m%uK$v" /><g i="32" c="419" p="#^mK8pmKusBInuRGfwIDfwKBfweAovKywuWxVs6xir6x8p6xOlSyYjCA5iMD5i8F5imGwiAHWisIMjgKdjgKig%XNig%7OzgONbigN9jKM6kSLMk$KqlJJKlmKgnmK8p^VA8pVAarABdsfCgtLDgteFgtUFesyGbryG8pyG6nTF6mdF5lJD5leC5lzB6mVA6nVA8p^ABRg%ABvgGD3erERc%DIRc%DI5dZHJdrGZeWEdg2ERg" /><g i="33" c="420" p="#^DH$v%7Hfu%VGfujGbvdFJv7EfwJCfwjAfw5zZuTxGtTxfr%Txmi%BBmi%BBkqBBNr6CxsEChtODhtmFht2GesLGbrLGMo%LGmi%uKmi%uKNjlLvjPLCiiMJhiMjg%ZPjg%9QAgMPti5PvjrOxkjN9lcMMluK1m%uK$v^iHRdiHLfjFfg%bF7h%3D7h%NCkfIDaf0ESelEyelE5elEId5EvdRDidrDidECidKBAd%KBwb5CpbKCkboDfbUDfbBFfbrGWbiHBciHRd" /><g i="34" c="421" p="#^qxfuqxdtZxIswyaszzasAAas7BIsHBetHBfuHBcv7BMvzAkwzzkwyykw_xNvqxevqxfu" /><g i="35" c="422" p="%^4O$vgJ$vvBvioBvi#DB3mDBBnDB$vey$vey9e0D9eMKwrSKwr#GK1oGKBmGK9e4O9e" /><g i="36" c="423" p="#^CG$v%UF8u%NF8uREjvRDNvSCfwgBfwizfway7v2x$t2xWr2xLpzyJo4AHn8DAn%vFwn%vFVmvFRkoDRkLBRkyzQl%jyjjGA4ixD4ihG4iKHhjcJtkcJVm%cJ$v^vFHp%3EKpsCNpFBjqSARqSAYrSAxtGCxtYDxtJENsvF1svFOq^kGSgpEJftDIewCHfGASg%cySg%cywgvAdekBSc%HFSc3Gud_GAeWHGfPIwg%PISg^dBqzdBBxfDBxgFBxgFqzgFhALELAfEeBfDeBdBeBdBqz" /><g i="37" c="424" p="#^BDLkpCLkKBvl4BemZADn%bGDnaGemtFvlNELkBDLk^7EfwQAfwZyru6xCs6xgp6xQlQyZjyA5iAD5itG5i4ILjHJolHJio%HJ6q%UA6qYAHrQBBsICutiEutwFutCGetJHZsWIps%WIhvXHMvQG$vJFfw7Efw^uGRgzEIfDDHeGCGfQARg%myRg%myvgFAceuBRc%RFRcdGtd8Hze4IFfZIvg%ZIRg" /><g i="38" c="425" p="#^DH$v%7Hfu%WGfukGcvdFKv7EfwJCfwjAfw5zZuTxGtTxfr%Txmi%BBmi%BBkqBBNr6CxsEChtODhtmFht2GesLGbrLGMo%LGmi%uKmi%uK$v^eHRdeHLffFfg%7F7h%$C7h%JCkfEDafYDSehEyehE5ehEId1EvdNDidnDidACidGBAd%GBwb1CpbGCkbkDfbQDfbxFfbnGWbeHBceHRd" /><g i="39" c="426" p="#^CG$v%UF8u%NF8uREjvRDNvSCfwgBfwizfway7v2x$t2xWr2xLpzyJo4AHn8DAn%vFwn%vFVmvFRkoDRkLBRkyzQl%jyjjGA4ixD4ihG4iKHhjcJtkcJVm%cJ$v^vFHp%3EKpsCNpFBjqSARqSAYrSAxtGCxtYDxtJENsvF1svFOq" /><g i="40" c="427" p="#^gCfwSzfwuynu6xvs6xbp6xQlvyZjVz5inC5iYE5iiG5k%qG5k8Gzi8Gmh%8G$c%TJ$c%TJ$v%0H$v%iGeu%8GeuTEfwgCfw^ADht$EhtGFsslGCrpGDp%pGdppG0nJF4m2F7lwD7lgC7lABbmUAenUAfpUAgrABhshChtADht" /><g i="41" c="428" p="#^qxfuqxdtZxIswyaszzasAAas7BIsHBetHBfuHBcv7BMvzAkwzzkwyykw_xNvqxevqxfu^qxakqx8jZxDiwy5izz5iAA5i7BDiHB9jHBakHB9l7BIlzAfmzzfmyyfm_xJlqxalqxak" /><g i="42" c="429" p="#^QF2hHD2hwCFilBfklB7nlB5tQF5tIH5tnK8s%nKkvbIfwtFfwABfwvzUtrxwrrx5nrxjksyditz7gmB0fgDUdQFUdqIUd2L8f%QJdiQILhPHphOG2hQF2h" /><g i="43" c="430" p="#^VA8pVAarABdsfCgtLDgteFgtUFesyGbryG8pyG6nTF6mdF5lJD5leC5lzB6mVA6nVA8p^mK8pmKusBInuRGfwIDfwKBfweAovKywuWxVs6xir6x8p6xOlSyYjCA5iMD5iKF5ieHYiKIOjyJplmK$mmK8p^JBqzJBBxLDBxMFBxMFqzMFhAfFLALEeBLDeBJBeBJBqz^xGRgCEIfGDHeJCGfTARg%pyRg%pyvgIAcexBRc%UFRcgGtdbHze7IFf0Jvg%0JRg" /><g i="44" c="433" p="%^KA1plwmizAmidDHmUFmi6KmiGF1pkK$v5G$vdDkrlA$v6w$v" /><g i="45" c="434" p="#^qI9e%fM9e%aG$v%2C$v%$v9e%Pz9e%aDMosDIpLDYq2Ecs7EIsfEAr2FMo" /><g i="46" c="435" p="#^CG$v%UF8u%NF8uREjvRDNvSCfwgBfwizfway7v2x$t2xWr2xLpzyJo4AHn8DAn%vFwn%vFVmvFRkoDRkLBRkyzQl%jyjjGA4ixD4ihG4iKHhjcJtkcJVm%cJ$v^vFHp%3EKpsCNpFBjqSARqSAYrSAxtGCxtYDxtJENsvF1svFOq^wIJcmIBe0HJfGFRgFDRgxBRggAKf$yCeVyJc%_AJc1BhdjBCdBBXd6C5eECeeGDeebGeeoGJc" /><g i="47" c="436" p="#^2NVm2NjrxKFt1I$viD$v%ey$v%ey9e%RD9ecI9eDKtg2NMi2NVm^6J$m6Jfh1Efh%0Cfh%0CTs%EDTs6JTs6J$m" /><g i="48" c="437" p="#^DH$v%7Hfu%WGfukGcvdFKv7EfwJCfwjAfw5zZuTxGtTxfr%Txmi%BBmi%BBkqBBNr6CxsEChtODhtmFht2GesLGbrLGMo%LGmi%uKmi%uK$v^zDRgOCigiB5fPzUd_y5d%_yRc%9DRcWD3e1Gvg%1GRg" /><g i="49" c="438" p="%^ey$vey9e1C9e1C$v" /><g i="50" c="439" p="%^CM$vjI$vDDto0CDp0C$vey$vey9e0C9e0CjmwDdkmI9eyM9ekG2m" /><g i="51" c="440" p="#^wI$v%ey$v%ey9e%wI9e%wIfh%0Cfh%0Cal%3Ial%3Igo%0Cgo%0CTs%wITs^XHJc%ZFJcBEOboDHa$BWbPAJc%RyJc%RynccAOatBZ8%jFZ8YFV9NGYaCH$bXHnc^SG0aUHV8yIA7%uLA7%uLQ7GKV8JIla%SGla" /><g i="52" c="441" p="%^7F$vlB$vlBjhvwjhvw9eZJ9eZJjh7Fjh" /><g i="53" c="442" p="#^rO2nrOureMTt1KfwXFfwRBfwEzTtrxurrx1nrxziEzdgRBTdZFTd4KTdfMfgrOCirO2n^pB2npB2qyCzrHD4tXF4ttK4ttK2ntK1hZF1hID1hyCyipB3kpB2n" /><g i="54" c="443" p="#^aJ$v%THLr%mBLr%3A$v%$v$v%iC4e%WG4e%fN$v^ZGAoaFOiXE2iJEhhDERgdEpijCAo^BCJc%BCncHEX9sFJ8%EJJ8%EJZ8$IB9tHRaXF5c3FJc" /><g i="55" c="444" p="%^SM$v5J$v5Jjo0Cjo0C$vey$vey9e0C9e0C9l5J9l5J9eSM9e" /><g i="56" c="445" p="#^wI$v%ey$v%ey9e%wI9e%wIfh%0Cfh%0Cal%3Ial%3Igo%0Cgo%0CTs%wITs^fGJckEAboDzarCybBAJc%7yJc%7yncqA4afBJ8%CFJ8_Fl9VGraRHxbKInc%KIJc" /><g i="57" c="446" p="%^ey$vey9e0C9e0CTsgJTsgJ$v" /><g i="58" c="447" p="#^wI$v%ey$v%ey9e%wI9e%wIfh%0Cfh%0Cal%3Ial%3Igo%0Cgo%0CTs%wITs^cGJchEAblDzaoCybyAJc%4yJc%4yncnA4acBJ8%zFJ8XFl9SGraOHxbHInc%HIJc^jBqzjBBxlDBxmFBxmFqzmFhARELAlEeBlDeBjBeBjBqz" /><g i="59" c="448" p="#^zwDl%eyDl%ey9e%RD9ecI9eDKtg2NMi2NVm2NjrxKFt1I$viD$v%ey$v%eyJo%zwJo^6J$m6J9kRHIiAGfh0Efh%0Cfh%0CDl%WEDl%WEJo%0CJo%0CTs%DDTs6JTs6J$m" /><g i="60" c="449" p="#^0F_l%5M_l%5MevnKOvSI0wlHfwLFfwIBfwzzTtrxurrx2nrxJiVzjgoCUdNGUdwJUd4M_e%PK$hSI2hLG2hiE2hPCHilBkklB7nlB0qxCzrJD5t$F5taH5tpIRs%pI8p%0F8p" /><g i="61" c="450" p="#^aJ$v%THLr%mBLr%3A$v%$v$v%iC4e%WG4e%fN$v^ZGAoaFOiXE2iJEhhDERgdEpijCAo^BCqzBCBxDEBxEGBxEGqzEGhA7GLADFeBDEeBBCeBBCqz" /><g i="62" c="451" p="#^aJ$v%THLr%mBLr%3A$v%$v$v%iC4e%WG4e%fN$v^ZGAoaFOiXE2iJEhhDERgdEpijCAo^IEJcXDacrCZaYAM97AZ8%7AJ8%iEJ83FX9aHnc%aHJc" /><g i="63" c="452" p="#^MI2rMIst1HSuiFfwbCfwlzfw8xav%8xFrXyssbAOssB7tuC7tKD7toEFs3Fas3Fdr3FIqMEiqtETpVDvplD7pBBioYzxn8zQmky6mQxallxdklxZilxBgYyffzAUdoDUdNEUd2GdejHyeHI8f%tH5i1Gvh5FhhaE2hgD2hbC2hCByh2B2i2BRi2BljhBJjwB5k0CrkwCNkpEHlWGUmRH5oMIipMI2r" /><g i="64" c="453" p="#^aJ$v%THLr%mBLr%3A$v%$v$v%iC4e%WG4e%fN$v^ZGAoaFOiXE2iJEhhDERgdEpijCAo^LHJ9LHDbMF7c%EF$c%wD$c%eDcb9E2buEKaPEqaPEZ9PEA9yEn9iEa9UDa95Da9bCs9%bCo7yCh7bDc7RD77lE772G77UGO7LHt8LHJ9" /><g i="65" c="454" p="#^0Czm%gDzm0FzmTFTlLGalLGRjLGwi0GUhiFfhLDfh%0Cfh^AKJjAKBmMI7oZGFpEDFp%0CFp%0C$v%ey$v%ey9e%XD9ebH9eTIyfAKXgAKJj" /><g i="66" c="455" p="#^mK8pmKusBInuRGfwIDfwKBfweAovKywuWxVs6xir6x8p6xOlSyYjCA5iMD5i8F5imGwiAHWisIMjgKdjgKig%XNig%7OzgONbigN9jKM6kSLMk$KqlJJKlmKgnmK8p^VA8pVAarABdsfCgtLDgteFgtUFesyGbryG8pyG6nTF6mdF5lJD5leC5lzB6mVA6nVA8p" /><g i="67" c="456" p="#^CG$v%UF8u%NF8uREjvRDNvSCfwgBfwizfway7v2x$t2xWr2xLpzyJo4AHn8DAn%vFwn%vFVmvFRkoDRkLBRkyzQl%jyjjGA4ixD4ihG4iKHhjcJtkcJVm%cJ$v^vFHp%3EKpsCNpFBjqSARqSAYrSAxtGCxtYDxtJENsvF1svFOq^nBRg%nBvgtD3eeERc%qIRc%qI5dNHJdfGZeJEdgRDRg" /><g i="68" c="457" p="#^tHYrtH2u$F9vyEfwEBfw9Afw6z2w3yRv8xsv%8xnsaySstzctNAxtMBxtNDxtNDlsNDVrwDErfDmrBC0rXBGqQAcqgzypwy_oNxqorxIn6xZm6xVl6x4kwy5jXz5iwC5i_E5ijH9j%bGSlaFplhE8loDSksCSkPASkPALlPAfmlBDmTB_mGDIngFlo$FVoLGtp6HcqtHXqtHYr" /><g i="69" c="458" p="#^BDLkpCLkKBvl4BemZADn%bGDnaGemtFvlNELkBDLk^7EfwQAfwZyru6xCs6xgp6xQlQyZjyA5iAD5itG5i4ILjHJolHJio%HJ6q%UA6qYAHrQBBsICutiEutwFutCGetJHZsWIps%WIhvXHMvQG$vJFfw7Efw^eGRgjEIfnDHeqCGfAARg%6yRg%6yvgpAceeBRc%BFRcZFtdUGzeQHFfJIvg%JIRg^lBozlBzxnDzxoFzxoFozoFfATEJAnEcBnDcBlBcBlBoz" /><g i="70" c="459" p="#^rO2nrOcqjNkscMsu1Ksv%kOfA%uJfA%dGfw%XFfwRBfwEzTtrxurrx1nrxziEzdgRBTdZFTd4KTdfMfgrOCirO2n^pB2npB2qyCzrHD4tXF4ttK4ttK2ntK1hZF1hID1hyCyipB3kpB2n" /><g i="71" c="460" p="#^MM9e%MMIpMMGrTLat_KFujJsvEHfwmFfwWBfw0Auu6yJs6yFp%6y9e%UB9e%UB4pUB8rIC6sxD4ttF4tjH4t8I6s_I7r_I2p%_I9e" /><g i="72" c="461" p="#^ODvl%wH9e%BL9e%GF2p%GF$v%VB$v%VBap%_v9e%5A9e^OBrbpBrb3BMbJA5czALc%KyLcTyZaLz_9DA_83C_8zC_81Db9wDn9_DC9tER9VE2amFeaPFeabGeaxGW9TGB91HY8%SIY8JIJaQHJbYGJcxFJc1FJcyEwc4EjcBD4c7DRbGCEbeCrbOBrb" /><g i="73" c="462" p="#^0C4m%fD4m1F4mUFulLGTkLGBjLGjiTFNh$EfhaDfh%0Cfh^0C9p%0C$v%ey$v%ey9e%rD9e4H9ePIufzKOgzKvjzK4lHJjmQIxnfHdogLeuvM$v%iI$v%1E9p" /><g i="74" c="463" p="#^wI$v%ey$v%ey9e%wI9e%wIfh%0Cfh%0Cal%3Ial%3Igo%0Cgo%0CTs%wITs^oKX7oKk9SIE9%NIoa%eHoa%6HZ8NHX8bIL8BIz8BIc8BIY7mIN78IB7CHB7bHB7KGI7%KG96$G56RH56$I56HJx6oKZ6oKX7^XHJc%ZFJcBEOboDHa$BWbPAJc%RyJc%RynccAOatBZ8%jFZ8YFV9NGYaCH$bXHnc" /><g i="75" c="464" p="#^aJ$v%THLr%mBLr%3A$v%$v$v%iC4e%WG4e%fN$v^ZGAoaFOiXE2iJEhhDERgdEpijCAo" /><g i="76" c="465" p="#^rO2nrOureMTt1KfwXFfwRBfwEzTtrxurrx1nrxziEzdgRBTdZFTd4KTdfMfgrOCirO2n^pB2npB2qyCzrHD4tXF4ttK4ttK2ntK1hZF1hID1hyCyipB3kpB2n^WDqzWDBxYFBxZHBxZHqzZHhAsHLAYGeBYFeBWDeBWDqz" /><g i="77" c="466" p="%^OF$vvB$hoB$h#DBgmDBHnDB$vey$vey9enD9eCHOrHHOraM9ekR9ekR$vON$vONyn#ONYmPNam#QNol_N0iTN0igJ$v" /><g i="78" c="467" p="#^$vmi%3Ami%EC1qZC1r5Dos%aDosiD8rHD1q%dGmi%dKmi%rEKxEDTzaCXAIA$BKy$BNx$BRwNB%RwQywx$yjy$yiz$y1AoyNANxbBzw%pBVv" /><g i="79" c="468" p="#^CG$v%UF8u%NF8uREjvRDNvSCfwgBfwizfway7v2x$t2xWr2xLpzyJo4AHn8DAn%vFwn%vFVmvFRkoDRkLBRkyzQl%jyjjGA4ixD4ihG4iKHhjcJtkcJVm%cJ$v^vFHp%3EKpsCNpFBjqSARqSAYrSAxtGCxtYDxtJENsvF1svFOq^hCkd8D2cJDUa%qGUa%qG8biFucUDFd%hCFd^XHJcPHEeCGLfqFRgtDRgsBRgjAOfbzKe5zJc%WAJc0BMdJBheqCNevDNeAENegFdeZFEd4GJc" /><g i="80" c="469" p="%^GM$vlI$vbEfp2A$v$v$vVBOmnw9eyA9eoEzk9I9eeM9eEG$m" /><g i="81" c="470" p="#^rO2nrOureMTt1KfwXFfwRBfwEzTtrxurrx1nrxziEzdgRBTdZFTd4KTdfMfgrOCirO2n^pB2npB2qyCzrHD4tXF4ttK4ttK2ntK1hZF1hID1hyCyipB3kpB2n^RMX7RMk9jLE9%eLoa%HJoa%zJZ8eKX8EKL82Lz82Lc82LY7PKN7BKB73KB7EJB7bJI7%bJ96sJ56jK56sL568Mx6RMZ6RMX7^oKJc%qIJc2HObRFHarEWbgDJc%iBJc%iBncFCOaWDZ8%MHZ8pIV9eJYa3K$boKnc" /></glyphs></font><font id="10" name="Open Sans Charset1 6JXU2o9Gc4r"><glyphs><g i="0" c="384" p="#^4GLf8DLfrBIhKzFjKz4nKzAqnBvs0Dpu3GpuWHpujKKt%jKyvtIfwKFfwOBfwFzStwxsrwx2nwxhkyyciAz7gwB0ftDUd6GUdWIUd0LVe%8KHg5ILf4GLf" /><g i="1" c="385" p="#^HJipHJzs1IpuoGfwuDfwHBfwiApvVyzu8y_soxproxipox0m1zckGAnizDninGni1IfkHJ6mHJip^vzhpvzSrwActyByuxDyuwFyuyGctAHSrAHhpAHKmyGqlwF5kwD5kwB5kvAplvzImvzhp^QBxgqCNf5DIeNDDdaERc%DGRc%DG5d5GUd1F2fZDcgbDRg%QBRg" /><g i="2" c="386" p="%^lL$vUI$voClnwA$owA$vsy$vsy9ewA9ewA$mCI9e3L9eUDVl" /><g i="3" c="387" p="#^iH$v%iHlniHJlyGWkPF6kdE6k6C6k8BflaAomaA$o%aA$v%7y$v%7y$c%aA$c%aALiaANj3Atk%bAtkOAwjUBZi$CpiqEpiTGpi5IAjkJKkkJgn%kJ$v" /><g i="4" c="388" p="#^HJipHJzs1IpuoGfwuDfwHBfwiApvVyzu8y_soxproxipox0m1zckGAnizDninGni1IfkHJ6mHJip^vzhpvzSrwActyByuxDyuwFyuyGctAHSrAHhpAHKmyGqlwF5kwD5kwB5kvAplvzImvzhp^rzzg_AUeCB7eeCldwCRc%yERcPEldtF9e8GZeGHzg%GHRg%dGRg8FagwDzeSBcgRARg%rzRg" /><g i="5" c="389" p="#^iH$v%iHkniHIlyGVkPF5kdE5k7C5k8BelaAmmaAZo%aA$v%7y$v%7yDi%NzDi%7Ark%dArkRAsjYBWi4DnitEniTGni5IyjkJIkkJgn%kJ$v" /><g i="6" c="390" p="#^5JDi%5JVj%DGckYGDkdHjlvH$lvHSmvHQo9G$pPEartCarSBarlB3r2ALr2AOs2AltvACtYATt2CTt%qETtBGTtLHOuWIIvWIrxWIFz8HQAmF$BXB$Bjz$BUx0Btw2Atwfytw1xfx8w1yfvszXuXyIuAydueyKtey4teylsDyOr0zfrSzKqQyjqayipwxgowxXmwxLkQyzj9AniACniDDnitEDi^qyeyqykzkzUzfAsAZBsAwEsAKFHzZGWyZGCxZGwwiG5wDFHvMDHv%lBHvZzHvbzlwqy$wqyey^wzVmwziojA1p6BLpxCLpvFLpvFSmvFSjuCSj3BSjhADkwzolwzVm" /><g i="7" c="391" p="#^XN2nXNkrMLOtCJfwLFfwOBfwFzRtwxqrwx1nwxGiFzhgPBTdMFTdCJTdMLjgXNLiXN2n^Jz2nJzHqfBzsOCruLFruJIrudKzsKLHqKL2nKLsjdKBhJIKfMFKfOCKffBChJztjJz2n" /><g i="8" c="392" p="#^2J2n2JGrAHZt7Gfw7DfweAfwKyVtexzrex2nexoiHy8g8ATd7DTd1GTdxHeg2JAi2J2n^hz2nhzXqcAJs7Bvu7Dvu9Fvu3GIsZGUqZG2nZGcj3Gqh9FEf7DEf7BEfcAphhz9jhz2n" /><g i="9" c="393" p="#^JE$v%LC$v%LChjLCHhRChgACxggCPgYB5hmzcj%hyOh%0D9e%JE9e" /><g i="10" c="394" p="%^tz$vTG1g8x1g8x9e0J9e0JMfJB$v" /><g i="11" c="395" p="#^hIlihI2kjH8lmGemBEBm%BEHmLGZmNH3oQI9pQIXqQIvt2HTuhFfw1CfwCAfwqz1wfyPv8xhv%8xmtiyWtCzeuWAxu5CxuJGxuJGUqJGFnDBFn%SzFn%SzVl%EBVlKDVlYE_kaG2kaGqiaG6hgFngnEDfRCDfGBDfDAXfBzfggy6h%exKflyTeMzoecBUdOCUdoFUdQG4fhIgghIli" /><g i="12" c="396" p="%^NJVr8HVr8H$vcF$vcFVrwwVrww7q_E3e8H3e8H3qNJ3q^cF3qcF7k#cFnijFagdFag#EElh7E7iyy3q" /><g i="13" c="397" p="#^OC6lCF6ldHvmRIUnRIkqRI5t4HGujFfwdCfwbzfwCxhv%CxkttyTtKzbu0BvufCvuoEvuAFutMGtsMGyqMGQmbCQm1BQm5zan%2yvm%Jy9e%BH9e%BH1g%sA1g%$znlpB6lOC6l" /><g i="14" c="398" p="#^qxmoqx5jtzvgwBUdwFUdUGUdHH6e%HHSfLGzfyFzfGCzf9BmhEz8jvzZm%EzZm_ATkUDTkiGTkGHkm3JNn3Jgq3J2tyHFu1GfwrDfwGAfw2zauqx4sqxmo^qDxu9Fxu6Grt3Hks3Hgq3HuoaGunhFtmwDtmqCtmvBWmAAmn1A9ovzYovzPpvz4r_zastAftmBUtgCxuqDxu" /><g i="15" c="399" p="#^uMVmuMjr4KFtHH$vbD$v%ry$v%ry4o%zw4o%zwfm%ryfm%ry9e%KD9eSH9eaKrguMJiuMVm^hKZmhKYflDYf%wAYf%wAfm%8Ffm%8F4o%wA4o%wAcu%RCcuhKcuhKZm" /><g i="16" c="400" p="#^2ADi%2Air2AWsNAKtxByu7DyudFyubGpt9Hfs9HEp%9HDi%bJDi%bJ$v%wH$v%dHcu%6HcuuGbvnFJvhEfwSCfwqAfwcz5v$xWt$xnr%$xDi^9CxgLCNfqDIe6EDdvERc%YGRc%YG5dqGUdmF2fiEcgwDRg%9CRg" /><g i="17" c="401" p="#^wIfrwICtOGXu5FfwaCfw$yfwhxqv%hxqtoyUtGzauZArueCrujErumFEtqGRsqGrrqGwq2GWpGFkpOEQoWDko8CHnFzOmAyAlwxmkwxoiwxkg3z6fDAUdaDUdQFUd3ISe%qHGgcFLf7DLftBLfyAsgDz9hDzqiDzljYzXjiAxk6B1lWBwlBD6mpG7nsHgowIppwIfr" /><g i="18" c="403" p="#^nG$v%ZF5u%TF5uTElvTDOvTCfwoBfwpzfwgydv8xbu8xis8xfoDD2o%UF_n%UF8nUFAldFQkyE4k2D4knB4kgz5l%EyyjDz0jOAJi_BpiaDpizFpiJGtjTHwkTHSm%TH$v^OBAuHDAuMEytRFvsRFDq%RFqp%PDvppBApkAfqgzWqgzksgzptWz$tBAAuOBAu" /><g i="19" c="404" p="#^aA$v%8y$v%8yDi%aADi^Zx$eZxiejy_dFyFdazFdFzFd$z_dmAjemA$emAGf$z0gFzmgazmgFymgjy0gZxGfZx$e" /><g i="20" c="405" p="#^YIMlYIfwRAfwqzfwBy$v%ByfuzzAuPAAuLDAueFMsKGXqTGcn%JGcn2GcoXELoQDhprChp3AhpGySnhxrmhxUjhx5hRyvfpAUdXCUdMEUd7GQeuHLfdIyhYIkjYIMl^XCDfbBDfeALghzShhzTjhzDl9AEm2BFnRCFnYDFnUEcnQFLmmGZlUGalUGkkUG2joGYhUFSg_Efg5EDfXCDf" /><g i="21" c="406" p="#^YI$v%dx$v%dxfu%VBwp3ElnLEqmrFulMFCk6GKj6GJi6GiheFtgnEDfRCDfKBDfKA_fKzlgwyjh%rxXfVzUdPCUdkFUdLGafbIsgbIEibIkkeH$lhGFnGDcq%Mz0u%Mz7u%YI7u" /></glyphs></font><font id="20" name="Arial Charset1 6D8mIP7fX12"><glyphs><g i="0" c="880" p="#^HKIp%3NiqjMdtnKMurIiwFFiwLCiwXA7v8zXtbyIrfxtpfxUmfx5kjy0inzXflBSejDNdHFNdmINdbK9f0MwgLM_i%qKyjOJBhCIIgqHPfDFPfADPfbCOgOANheAsjHz6lHzUmHzaplATq0BAspCqtPDgusFgurHguPI7tbKZrHKIp" /><g i="1" c="881" p="#^Ex$v%Ex5e%Rz5e%RzvknBKiJDKi9FKidGijhHSjKHSkcISlcIMn%cI$v%$F$v%$FMn$F7mhFnlzEDkgDDkhCDkqB7lzADlcAvmRzmnRzUo%Rz$v" /><g i="2" c="882" p="#^DJAl%DJ1j%_L1j%_L2l_LYmxLJnpKGp6IWp%6I$v%8G$v%8G5uDEiw0CiwTAiwTzSvUypvpyKuWx3uJx6tBxssBx3r%Bx1j%Oz1j%OzdqOzZrWzyslApusCputDpukEUtbFntyFwsVFErVFZp%VF1j%6I1j%6I_oFJJorKxnNK0nNKAl" /><g i="3" c="883" p="#^5zvp5zVraAetbBuuUCuuBEuuCFetIGUrIGqpIG5nBFNlAEykUCykbBykaANl5z5n5zvp^gJhl%gJKi%DLKi%DLKkDLem9L2nyK5oZIZoZI7pZIjpZISt1GvvBEiwUCiw6AiwuyyuQwKsQwwpQwVlQyakvAKiUCKizFKigHtkyIPlSIVnIJon3KRmqKimqKhl" /><g i="4" c="886" p="#^Ex$v%Ex1j%Dz1j%DzSk2BKiLDKiWEKiVF9jUGzjnHfkSHXk3ITlbIumbI$n%bI$v%_F$v%_F6o_FMmJF5mtFqlPE1l9EEkhDEkTBEkSAxlRzqmRzVo%Rz$v" /><g i="5" c="887" p="#^ex4x%nzoxwzny7AQyXAszmCszTDszIEQyxFdyQF7x$Frw_FiuyE$vpC$vKz$vgy3uOw7sOwrpOwAntx0m8yrkpzBjHAKipCKiIEKibGBk%bG1j%dI1j%dIeudIgxBHxy_GOzEFxAjEgBmCgB2AgBCydAbxazex4x^3zhp3zQr4A0t5BbuCCbu7Ebu8F0taGRraGlpaGZm6FMl3EykACyk6Byk4AKl3zWm3zhp" /><g i="6" c="888" p="#" /><g i="7" c="889" p="#^sC1u%MCZvQBaw5BawUzawezOvAypvjyOu2yau2ybs%2yKk%qwKk%qw1j%2y1j%2yPf%fAve%fA1j%sC1j%sCKk%fAKk%fAjsfAgtmAxttAOtKAZt$A7uuB7uRB7usC1u" /><g i="8" c="895" p="#^Dx$v%Dx1j%Cz1j%Cz_kmACj$AajEBKipCKiwDKiGErj%UDtl5D$kiC$kAB$k$ArlrASlbADmQzOnQzcp%Qz$v" /><g i="9" c="896" p="%^qy$vqy1jDA1jDA$v^iBqhxzqhJw$dFz$d" /><g i="10" c="897" p="#^Wx$v%WxSn%YvSn%Yvfm%Wxfm%Wx5e%4E5e9G5efHleOIIeTJDfiLQg$LHiIMykIMXmIMGpQLFrZKDtLJwuyIpvZGNv6G$vmE$v^iAUt%6EUtUFUtTGztTHdttIEsjJOrNJnqgKYogKWmgKPkNJzjjJiizIyhPHNgTGvgYFcg2Ecg%iAcg%iAfm%dFfm%dFSn%iASn" /><g i="11" c="898" p="#^6GpuTErvLDTvDCiwkBiwbziw2yfvVwcuVwAsVwDrkxRqMx2qtyApaz5p2ARoHAGo$BvoFEcoWFMnXFjnXFbnXFRljFhltEykPCykgBykwA5lNzDlrz0n%hxJmzxkleyukVyEjaAbjsBKi7DKiNEKiPF7jSGvjlH5kQHHk0IBl8I9m8IDn%8Izq8IDthIruqIfvRI$v%yG$vcGjv6Gpu^WFupJEZpjCjqZAvqpALqSz$qyztrfzXrfzwsfzotVz_tAAAuSBAu7DAu6E0u5FstzFusWFLrWFhq^0Fqh%fDqh%rA$d%nD$d" /><g i="12" c="899" p="#^QwwpQwVlQyakvAKiVCKiAFKihHuk_Iem_Ikp_IQrdIgttHIu1GvvCEiwVCiwbAiwvyyuQwOsQwwp^5zvp5z$raAftfBuuVCuuyEuuDFetJG_rJGqpJG0nDFNlxEykVCykfBykaANl5z0n5zvp" /><g i="13" c="907" p="#^6GpuTErvLDTvDCiwkBiwbziw2yfvVwcuVwAsVwDrkxRqMx2qtyApaz5p2ARoHAGo$BvoFEcoWFMnXFjnXFbnXFRljFhltEykPCykgBykwA5lNzDlrz0n%hxJmzxkleyukVyEjaAbjsBKi7DKiNEKiPF7jSGvjlH5kQHHk0IBl8I9m8IDn%8Izq8IDthIruqIfvRI$v%yG$vcGjv6Gpu^WFupJEZpjCjqZAvqpALqSz$qyztrfzXrfzwsfzotVz_tAAAuSBAu7DAu6E0u5FstzFusWFLrWFhq^ABZz%ABtx%4Etx%4EZz" /><g i="14" c="909" p="%^uC$vuCcgBwcgBw5eNK5eNKcgSEcgSE$v" /><g i="15" c="930" p="#^DJAl%DJ1j%_L1j%_L2l_LYmxLJnpKGp6IWp%6I$v%8G$v%8G5uDEiw0CiwTAiwTzSvUypvpyKuWx3uJx6tBxssBx3r%Bx1j%Oz1j%OzdqOzZrWzyslApusCputDpukEUtbFntyFwsVFErVFZp%VF1j%6I1j%6I_oFJJorKxnNK0nNKAl^dBZz%dBtx%JDtx%JDZz" /><g i="16" c="975" p="#^6Gfr%gIyrVHMtrG1v_EiwTCiwcAiwByzu_wPs_wzp_wsnGxTlnyikNzwjcBKiTCKi$EKikGOjGHSk3IRm%WFanCFSlQEcl3EykZCykjBykhAKlfzWmfzvpfz6seAiteBuuRCuu8Euu$EHtTFUs6Gfr" /><g i="17" c="1300" p="#^8G$v%8G5uDEiw0CiwTAiwTzSvTypvoyKuWx3uJx6tBxtsBx3r%Bx1j%Oz1j%OzdqOzXrWzys7AptOAVttBpusCpusDpujEVtaFotxFwsVFErVFZp%VF1j%6I1j%6I$v" /><g i="18" c="1301" p="#^yx_A%ixVy0y7zyy7zhz7zJzTyaADysAbyFARx7BywbBnwkB$v%pw1j%Ly1j%sBxq_BYrpCxtNC1sjDBq%5G1j%hI1j%mDdwzCmy7C9zxBfAMALA0AgBZygBkygByx_A" /><g i="19" c="1302" p="#^xGPr%OI6sfI5uOGcvlFiw5DiwfAiwAyyuWwNsWwDpWwlmByykhAKiZCKiAFKidHvkTIgmTIupTIGpSI4q%bz4qizcsoAltuBuu6DuujEuuaFRt1GctxGPr^jzgo%zGgopGDmJFPlFEyk$CykuByksAzlqzzmjzgo^VClf%xBqh%1zqh%FB$d%$D$d%LGqh%fEqh^iDI9%eGI9%qD7d%FB7d" /><g i="20" c="1303" p="%^YvpqYvEoSJEoSJpq" /><g i="21" c="1304" p="#^0D$v%5w5e%Gy5e%jD5rTDFsfE1uGEzsdF5r%3K5e%tM5e%tF$v" /><g i="22" c="1305" p="%^FxDgFx5eSz5eSzDg^Fx$vFx1jSz1jSz$v" /><g i="23" c="1310" p="#^xGPr%OI6sfI5uOGcvlFiw5DiwfAiwAyyuWwNsWwDpWwlmByykhAKiZCKiAFKidHvkTIgmTIupTIGpSI4q%bz4qizcsoAltuBuu6DuujEuuaFRt1GctxGPr^jzgo%zGgopGDmJFPlFEyk$CykuByksAzlqzzmjzgo^VClf%xBqh%1zqh%FB$d%$D$d%LGqh%fEqh^OBZz%OBtx%iEtx%iEZz" /><g i="24" c="1311" p="#^QwwpQwVlQyakvAKiVCKiAFKihHuk_Iem_Ikp_IQrdIgttHIu1GvvCEiwVCiwbAiwvyyuQwOsQwwp^5zvp5z$raAftfBuuVCuuyEuuDFetJG_rJGqpJG0nDFNlxEykVCykfBykaANl5z0n5zvp^BBZz%BBtx%5Etx%5EZz" /><g i="25" c="1312" p="#^Sx$v%Sx5e%qB5e%EFLqeGxsvGptPGqssHxq%LL5e%XO5e%XO$v%FM$v%FM0h%rH$v%iF$v%8ALg%8A$v" /><g i="26" c="1313" p="#^5zvp5zVraAetbBuuUCuuBEuuCFetIGUrIGqpIG5nBFNlAEykUCykbBykaANl5z5n5zvp^gJhl%gJKi%DLKi%DLKkDLem9L2nyK5oZIZoZI7pZIjpZISt1GvvBEiwUCiw6AiwuyyuQwKsQwwpQwVlQyakvAKiUCKizFKigHtkyIPlSIVnIJon3KRmqKimqKhl^kCYf0DTfdDPfTDBfUD7fUDReyDFe1DneVBnexBneLAqe%DAad5B4dnC5dUD5dREAdUF5eWF$eZFxgIDPg%IDqh%kCqh%kCYf" /><g i="27" c="1314" p="%^0y$v0y5eoA5eoAslFJslFJ5e1M5e1M$vFJ$vFJznoAznoA$v" /><g i="28" c="1315" p="%^Vx$vVx5ekA5eKJ8sKJ5e$L5e$L$vzJ$vaAXhaA$v" /><g i="29" c="1316" p="#^QwwpQwVlQyakvAKiVCKiAFKihHuk_Iem_Ikp_IQrdIgttHIu1GvvCEiwVCiwbAiwvyyuQwOsQwwp^5zvp5z$raAftfBuuVCuuyEuuDFetJG_rJGqpJG0nDFNlxEykVCykfBykaANl5z0n5zvp^WClf%xBqh%1zqh%GB$d%0E$d%LGqh%fEqh^BBZz%BBtx%5Etx%5EZz" /><g i="30" c="1317" p="#^1x9n1x_jGx2iky6gCz4fVA1eRC1eiE1eoFCeuGbfbHhgUHmhiIXiIIvkII9nIIjq2IfspHbu6GfvQEiwRCiwgAiwOyru1xcs1x9n^iz9nizzrjA1tlBuuRCuunEuupF1trGzrrG9nrGKipFihnERfQCRfkBRfqA6hizLiiz9n" /><g i="31" c="1318" p="#^BIUt%BI$v%Lw$vJwcv$wtusxgtsy5sszWqkBnpfE_mgFBliGbkiGXiiGDhmFKgqERfWCRflBRfoAOgrzLhrzrj%axcjoxGgVymfqA1eZC1eyF1e2HsfzITgzI_izI3k6I6lGH8mFGinEFrogDrqiB5sKAHsaAhtPzUt" /><g i="32" c="1319" p="#^mxSr%tzFrKz8tuAPtfBuurCuusDuudE0u_EyttFNsYF$rhGHqCGmpCG$nCGRnCGznXFCoOEgpFDWpkCWp6AWpzyjo1xHm1x3k1xlhDyHfeA1eFC1epE1eRFZeiHVf2IEhPInjPIGmPI6q3I8sjHauRFevnEiwoCiwhAiwYy7vDxYtmxSr^nGYjnG3imFYgmERfXCRfsBRfnA2hizeiiz7kizRljAWmlB_nTC_npE_noFWmnGRlnGYj" /><g i="33" c="1320" p="%^NwDqNwqoyDqoyDDq" /><g i="34" c="1321" p="#^SBgB1AZyMyUvwxPswxwpwxCmsyXjyzSgSBOd%rDOdYBkgtBqhKA5jiAXkNzdnNzxpNzovrDgB" /><g i="35" c="1322" p="%^jF$v6D$v6D_h#jCLi0Bwj#KzgkJyEkJyvi#yAFhWBqg#jDbfUD1ejF1e" /><g i="36" c="1323" p="#^4zgB%vxgB9Bov9Bxp9BenDAZkcA8jtzsh_ymgvxOd%4zOdnBSgtCXjqDCmqDwpqDPs8CUvTAZy4zgB" /><g i="37" c="1324" p="#^2xfr%fzYqDzQsxAFtrBuuLCuuiEuumFptrGksrGLqrGeprFgosEhnWChnjChnnBxn%DBClRBDlZBDlnDDlvEUkDF9kDFEiDFqhOEEg_DRfHCRfpBRfyAFgIzshtz3j%gxGiFxsg4zffwA1eEC1e6E1elFFeAGhfeHngUHshUHGiUHRjgHOkEGLlqFjm$GGmTHQnMIZoMIIqMI1t2HGulFiwKCiwnAiwPyUugxut2xfr" /><g i="38" c="1325" p="%^4E$v4EJrjwJrjwIpuE6ehG6ehGIpIIIpIIJrhGJrhG$v^4EIp4EEhtyIp" /><g i="39" c="1326" p="#^1xir%lz5rBzNswAEtsBuuNCuunEuutFhtAG4sAG6qAGeowF9ntE3mLC3mGB3mPAymZz0nuzOn%qxxn%9zke%3Ike%3Iqg%UAqg%XzelyB7kkD7kGF7khHLlVImnVIWpVIlsuH6uMFiwNCiwkAiwNyWufxyt1xir" /><g i="40" c="1327" p="#^sIui%gGFiZFmhqFNgxERfdDRfaCRfnBqglAahKzDi8z3k7zMmVzzl2B_kcCoktDokGFokdH$lMICnMIaqMISr1IjtiHLu1GxvMEiw9DiwpAiwGyhuXwfsXwCnXwqiRy4gxA1emD1etF1ePGdfaIogsIui^tzbqtzjrXzmsqAothBXt8Cuu6DuuvEuuvFmtvGesvGjqvGsowFonxEkm0DkmxBkmvAontzsotzbq" /><g i="41" c="1328" p="#^axrg%axke%MIke%MI1g2HRhmFSkHDTnMC3r6CjtXB$v%Gz$vIzTtvAUqiBUnNC6lgEkiYFrg" /><g i="42" c="1329" p="#^rAhm2zNloySkKxXjKxEiKxHg7zmfxA1eTC1edF1eEGof4ILg4IIi4IXjqHSkMGNlqFhm4HQmXH1oPIdpPITqPIatbHKuzFiwVCiwfAiwDyKu0x9t0xPq0x3pUxUnNyJmrAhm^$zzi$zQjOAEkCBslWCslcEsl$EFkPFRjPFHiPFuhZEGg8ERfVCRfEBRfPAFg$zsh$zzi^hzQqhzMrJzEs9Awt1B$tWBuuWCuuvEuuwFttyGssyGUqyGjpuFhorEfnSCfniBfnhAgohzhphzQq" /><g i="43" c="1330" p="#^5zvp5zVraAetbBuuUCuuBEuuCFetIGUrIGqpIG5nBFNlAEykUCykbBykaANl5z5n5zvp^gJhl%gJKi%DLKi%DLKkDLem9L2nyK5oZIZoZI7pZIjpZISt1GvvBEiwUCiw6AiwuyyuQwKsQwwpQwVlQyakvAKiUCKizFKigHtkyIPlSIVnIJon3KRmqKimqKhl^BBZz%BBtx%5Etx%5EZz" /><g i="44" c="1331" p="#^6GpuTErvLDTvDCiwkBiwbziw2yfvVwcuVwAsVwDrkxRqMx2qtyApaz5p2ARoHAGo$BvoFEcoWFMnXFjnXFbnXFRljFhltEykPCykgBykwA5lNzDlrz0n%hxJmzxkleyukVyEjaAbjsBKi7DKiNEKiPF7jSGvjlH5kQHHk0IBl8I9m8IDn%8Izq8IDthIruqIfvRI$v%yG$vcGjv6Gpu^WFupJEZpjCjqZAvqpALqSz$qyztrfzXrfzwsfzotVz_tAAAuSBAu7DAu6E0u5FstzFusWFLrWFhq^jBqh%WC$d%PF$d%7Dqh" /><g i="45" c="1332" p="%^Qx$vQx5ecA5ecAZm4J5eiM5eNEllDM$vvJ$v7DYmcAOpcA$v" /><g i="46" c="1333" p="#^6GpuTErvLDTvDCiwkBiwbziw2yfvVwcuVwAsVwDrkxRqMx2qtyApaz5p2ARoHAGo$BvoFEcoWFMnXFjnXFbnXFRljFhltEykPCykgBykwA5lNzDlrz0n%hxJmzxkleyukVyEjaAbjsBKi7DKiNEKiPF7jSGvjlH5kQHHk0IBl8I9m8IDn%8Izq8IDthIruqIfvRI$v%yG$vcGjv6Gpu^WFupJEZpjCjqZAvqpALqSz$qyztrfzXrfzwsfzotVz_tAAAuSBAu7DAu6E0u5FstzFusWFLrWFhq^UClf%vBqh%$yqh%EB$d%_D$d%JGqh%dEqh^ABZz%ABtx%4Etx%4EZz" /><g i="47" c="1334" p="#^eB$v%jw1j%Dy1j%pBOqSB2sdCptxCns2DXq%XF1j%cI1j%hD$v" /><g i="48" c="1335" p="#^QwwpQwVlQyakvAKiVCKiAFKihHuk_Iem_Ikp_IQrdIgttHIu1GvvCEiwVCiwbAiwvyyuQwOsQwwp^5zvp5z$raAftfBuuVCuuyEuuDFetJG_rJGqpJG0nDFNlxEykVCykfBykaANl5z0n5zvp^WClf%xBqh%1zqh%GB$d%0E$d%LGqh%fEqh^jDI9%fGI9%rD7d%GB7d" /><g i="49" c="1336" p="#^QwwpQwVlQyakvAKiVCKiAFKihHuk_Iem_Ikp_IQrdIgttHIu1GvvCEiwVCiwbAiwvyyuQwOsQwwp^5zvp5z$raAftfBuuVCuuyEuuDFetJG_rJGqpJG0nDFNlxEykVCykfBykaANl5z0n5zvp^5Bqh%IC$d%BF$d%VCqh" /><g i="50" c="1337" p="#^ExZA%Ex1j%Ez1j%EzIklAJjeBej7CKioDKi2FKijGBjBHrkeI$lUIynUIppUIpraI$ssHBu5GsvKEiweDiw8CiwgBQvoAmvRzEu%RzZA^DzApDz4sDAhtEBuu4DuuxEuuAFftDG$rDGopDGVmBFHlAEsk9DskMBskHAMlDz4nDzAp" /><g i="51" c="1338" p="#^Hz$v%Ex$v%Ex5e%Rz5e%RzukeBKioDKiAEKiEFdjJGHjpHzk5IrluIGmUIVnUIjpUIEseHtuBFiwhDiw_AiwHzmu^FzppFzKrhANsjBuu4DuuwEuuzFetDGZrDGvpDGYmCFLlCEykbDykLBykIAOlFz2nFzpp" /><g i="52" c="1339" p="#^6GpuTErvLDTvDCiwkBiwbziw2yfvVwcuVwAsVwDrkxRqMx2qtyApaz5p2ARoHAGo$BvoFEcoWFMnXFjnXFbnXFRljFhltEykPCykgBykwA5lNzDlrz0n%hxJmzxkleyukVyEjaAbjsBKi7DKiNEKiPF7jSGvjlH5kQHHk0IBl8I9m8IDn%8Izq8IDthIruqIfvRI$v%yG$vcGjv6Gpu^WFupJEZpjCjqZAvqpALqSz$qyztrfzXrfzwsfzotVz_tAAAuSBAu7DAu6E0u5FstzFusWFLrWFhq^gFfe%MGfeAGMfEFBgIEqh9DqhBBqhFACgJzNfyzfe%2BfecB4fIBvfdCVf4DVf4EVfAEvf5F5fgFfe^zE7d%OC7d%_zI9%WCI9" /><g i="53" c="1340" p="#^xGPr%OI6sfI5uOGcvlFiw5DiwfAiwAyyuWwNsWwDpWwlmByykhAKiZCKiAFKidHvkTIgmTIupTIGpSI4q%bz4qizcsoAltuBuu6DuujEuuaFRt1GctxGPr^jzgo%zGgopGDmJFPlFEyk$CykuByksAzlqzzmjzgo^VClf%xBqh%1zqh%FB$d%$D$d%LGqh%fEqh^$D7d%eC7d%qzI9%mCI9" /><g i="54" c="1341" p="#^dy$v%dyvt%JAvt%JA$vJAnxdAdyKz4zHyyz%4yCyMyiy5zIxqz6xsz$v" /><g i="55" c="1342" p="#^QwwpQwVlQyakvAKiVCKiAFKihHuk_Iem_Ikp_IQrdIgttHIu1GvvCEiwVCiwbAiwvyyuQwOsQwwp^5zvp5z$raAftfBuuVCuuyEuuDFetJG_rJGqpJG0nDFNlxEykVCykfBykaANl5z0n5zvp^WClf%xBqh%1zqh%GB$d%0E$d%LGqh%fEqh^bCbcTC6c4D2cKDUbLDybLDgbpD3bUCOaMBOaoBOaCARa%uAH9YAB9eCC9LDC9IE5aLFBaNFqbQFFczDXc%zDyd%bCyd%bCbc" /><g i="56" c="1343" p="%^Fx$vFx5eSz5eSzio2F1jVH1jXCRnpI$vHF$vnBmpSzRqSz$v" /><g i="57" c="1344" p="#^6GpuTErvLDTvDCiwkBiwbziw2yfvVwcuVwAsVwDrkxRqMx2qtyApaz5p2ARoHAGo$BvoFEcoWFMnXFjnXFbnXFRljFhltEykPCykgBykwA5lNzDlrz0n%hxJmzxkleyukVyEjaAbjsBKi7DKiNEKiPF7jSGvjlH5kQHHk0IBl8I9m8IDn%8Izq8IDthIruqIfvRI$v%yG$vcGjv6Gpu^WFupJEZpjCjqZAvqpALqSz$qyztrfzXrfzwsfzotVz_tAAAuSBAu7DAu6E0u5FstzFusWFLrWFhq^tCYf9DTfmDPf0EBf1E7f1EReHDFeaDne2CneGBneUAqe%MAadeB4dwC5d1E5d_EAd1G5e3G$e6GxgRDPg%RDqh%tCqh%tCYf" /><g i="58" c="1345" p="#^4G7h%IB7h%IBvf%VFvf%VF5e%6I5e%6Ivf%TJvf%TJ7h%6I7h%6I$v%4G$v%4GmuQEiwrCiwUAiwAzrvhyAuzx2tSwwrSwwpSwAnwx$laypkuzAjOAKirCKiDDKiyEejuFJj4Gvk^7zwp7z$raAftdBuuECuu5Euu5Fjt6G7s6GIp6G1n4FOl2EykyCyk4Byk5ALl7zXm7zwp" /><g i="59" c="1346" p="#^6GpuTErvLDTvDCiwkBiwbziw2yfvVwcuVwAsVwDrkxRqMx2qtyApaz5p2ARoHAGo$BvoFEcoWFMnXFjnXFbnXFRljFhltEykPCykgBykwA5lNzDlrz0n%hxJmzxkleyukVyEjaAbjsBKi7DKiNEKiPF7jSGvjlH5kQHHk0IBl8I9m8IDn%8Izq8IDthIruqIfvRI$v%yG$vcGjv6Gpu^WFupJEZpjCjqZAvqpALqSz$qyztrfzXrfzwsfzotVz_tAAAuSBAu7DAu6E0u5FstzFusWFLrWFhq^UClf%vBqh%$yqh%EB$d%_D$d%JGqh%dEqh^_D7d%dC7d%pzI9%lCI9" /><g i="60" c="1347" p="#^4G$v%4GmuQEiwrCiwUAiwAzrvhyAuzx2tSwwrSwwpSwAnvx$l8ypkrzAjKAKikCKivDKipEejkFJjVFvk%VF5e%6I5e%6I$v^7zwp7z$raAftdBuuECuu5Euu5Fjt6G7s6GIp6G1n4FOl2EykyCyk4Byk5ALl7zXm7zwp" /><g i="61" c="1348" p="#^6GpuTErvLDTvDCiwkBiwbziw2yfvVwcuVwAsVwDrkxRqMx2qtyApaz5p2ARoHAGo$BvoFEcoWFMnXFjnXFbnXFRljFhltEykPCykgBykwA5lNzDlrz0n%hxJmzxkleyukVyEjaAbjsBKi7DKiNEKiPF7jSGvjlH5kQHHk0IBl8I9m8IDn%8Izq8IDthIruqIfvRI$v%yG$vcGjv6Gpu^WFupJEZpjCjqZAvqpALqSz$qyztrfzXrfzwsfzotVz_tAAAuSBAu7DAu6E0u5FstzFusWFLrWFhq" /><g i="62" c="1349" p="#^QwwpQwVlQyakvAKiVCKiAFKihHuk_Iem_Ikp_IQrdIgttHIu1GvvCEiwVCiwbAiwvyyuQwOsQwwp^5zvp5z$raAftfBuuVCuuyEuuDFetJG_rJGqpJG0nDFNlxEykVCykfBykaANl5z0n5zvp^WClf%xBqh%1zqh%GB$d%0E$d%LGqh%fEqh^0E7d%fC7d%rzI9%nCI9" /><g i="63" c="1350" p="#^8xfq%nz2qxzor6AfsHA6tUBFt6DbuEEbu_Fbu0HNt3IntzIGs4JZr4J7r4JiqBIGp6I1p_GCogGkoODKnkB8nlACm3zXlryYkPxYjPxJiPxmhAybglz$ePAoeiCNd5ENd5GNdCHqe7J2fXJigMKyhQK7j%zIijnIBhjHKggGTfcETf2CTf3BFg5Arh5Azi5AwjNA8ktBMklEqleH4mjIzmSJhnCKoomLvpmLXqmLmsxKDtJJUubIBvFGiwLEiwkCiwHABv2zTu6ystbx1s8xfq" /><g i="64" c="1351" p="#^Qx$v%Qx5e%yE5eBG5eQHEe4JafNJjguKrhuKGiuKQjSJRkeJSl_HumBJYmtK6olLfplLPqlL3sPK8thKduvJPuJIovxHIvmG$vEE$v^cADl%3EDlEFDljGpleH8lHHwk9IUj9IYi9I3iJHohiHIgvGsgIFcgNDcg%cAcg^cAUt%FEUtPFUtgGOt5HFtEHjtbIZsyIjsVIFrVIPqVIOpoI3pTHkoYG1o2GKnlEKn%cAKn" /><g i="65" c="1352" p="#^xGPr%OI6sfI5uOGcvlFiw5DiwfAiwAyyuWwNsWwDpWwlmByykhAKiZCKiAFKidHvkTIgmTIupTIGpSI4q%bz4qizcsoAltuBuu6DuujEuuaFRt1GctxGPr^jzgo%zGgopGDmJFPlFEyk$CykuByksAzlqzzmjzgo^VClf%xBqh%1zqh%FB$d%$D$d%LGqh%fEqh^bCbcTC6c4D2cKDUbLDybLDgbpD3bUCOaMBOaoBOaCARa%uAH9YAB9eCC9LDC9IE5aLFBaNFqbQFFczDXc%zDyd%bCyd%bCbc" /><g i="66" c="1353" p="#^xGPr%OI6sfI5uOGcvlFiw5DiwfAiwAyyuWwNsWwDpWwlmByykhAKiZCKiAFKidHvkTIgmTIupTIGpSI4q%bz4qizcsoAltuBuu6DuujEuuaFRt1GctxGPr^jzgo%zGgopGDmJFPlFEyk$CykuByksAzlqzzmjzgo^VClf%xBqh%1zqh%FB$d%$D$d%LGqh%fEqh" /><g i="67" c="1354" p="%^Bx$vBx5eOz5eOz$v" /><g i="68" c="1355" p="#^DJAl%DJ1j%_L1j%_L2l_LYmxLJnpKGp6IWp%6I$v%8G$v%8G5uDEiw0CiwTAiwTzSvUypvpyKuWx3uJx6tBxssBx3r%Bx1j%Oz1j%OzdqOzZrWzyslApusCputDpukEUtbFntyFwsVFErVFZp%VF1j%6I1j%6I_oFJJorKxnNK0nNKAl^TyqhSy9gAzpfgAFemBFe6CFeqDif8EGfzEGfYEGf9FsfnFefsFCe%2HCe0H$flGIgGFohFEohTDohDCIgPBggqBgg0BggLAyguARgvAqh" /><g i="69" c="1356" p="%^FxDgFx5eSz5eSzDg^Fx$vFx1jSz1jSz$v^wxZzwxtx0Atx0AZz" /><g i="70" c="1357" p="#^Mw7s%XyNr6z4tXzNtNAuuiCuuPDuuyETthFfthFqshFGrDEfraEYqnCvqYzUp0zsp4y$oBxdo7xqn7xtm7xBlwxSkVx7kByDj6zfj$z$iUAKiVBKirDKiBEajLFCjiGmkRG6l3Hnm%VEGmLEFl2E6llDyk3CykyAykUz2lfzylfzcmfzEmwz_mNzknmAznHAHniC7oEELozF9puGyp0HjqyH3ryHbsyHhtUGfufGdv1FMvQDiwjCiwNziwsyfv7xbuMw7s" /><g i="71" c="1358" p="#^QwwpQwVlQyakvAKiVCKiAFKihHuk_Iem_Ikp_IQrdIgttHIu1GvvCEiwVCiwbAiwvyyuQwOsQwwp^5zvp5z$raAftfBuuVCuuyEuuDFetJG_rJGqpJG0nDFNlxEykVCykfBykaANl5z0n5zvp^kCYf0DTfdDPfTDBfUD7fUDReyDFe1DneVBnexBneLAqe%DAad5B4dnC5dUD5dREAdUF5eWF$eZFxgIDPg%IDqh%kCqh%kCYf" /><g i="72" c="1359" p="%^qy$vqy1jDA1jDA$v^Ixqhjz$dcC$dwzqh" /><g i="73" c="1360" p="#^8G$v%8G5uDEiw0CiwTAiwTzSvTypvoyKuWx3uJx6tBxtsBx3r%Bx1j%Oz1j%OzdqOzXrWzys7AptOAVttBpusCpusDpujEVtaFotxFwsVFErVFZp%VF1j%6I1j%6I$v^aCYfSCTf3DPfJDBfKD7fKDReoDFeTCneLBnenBneBAqe%tAadXA4ddC5dKD5dHEAdKF5eMF$ePFxgyDPg%yDqh%aCqh%aCYf" /><g i="74" c="1361" p="%^gy$vgyvtMAvtMA$v" /><g i="75" c="1362" p="#^5zvp5zVraAetbBuuUCuuBEuuCFetIGUrIGqpIG5nBFNlAEykUCykbBykaANl5z5n5zvp^gJhl%gJKi%DLKi%DLKkDLem9L2nyK5oZIZoZI7pZIjpZISt1GvvBEiwUCiw6AiwuyyuQwKsQwwpQwVlQyakvAKiUCKizFKigHtkyIPlSIVnIJon3KRmqKimqKhl^HBqh%iD$d%bG$d%vDqh" /><g i="76" c="1363" p="%^gyxlgy1jMA1jMAxl^gy$vgyvtMAvtMA$v" /><g i="77" c="1364" p="#^6GpuTErvLDTvDCiwkBiwbziw2yfvVwcuVwAsVwDrkxRqMx2qtyApaz5p2ARoHAGo$BvoFEcoWFMnXFjnXFbnXFRljFhltEykPCykgBykwA5lNzDlrz0n%hxJmzxkleyukVyEjaAbjsBKi7DKiNEKiPF7jSGvjlH5kQHHk0IBl8I9m8IDn%8Izq8IDthIruqIfvRI$v%yG$vcGjv6Gpu^WFupJEZpjCjqZAvqpALqSz$qyztrfzXrfzwsfzotVz_tAAAuSBAu7DAu6E0u5FstzFusWFLrWFhq^gFfe%MGfeAGMfEFBgIEqh9DqhBBqhFACgJzNfyzfe%2BfecB4fIBvfdCVf4DVf4EVfAEvf5F5fgFfe^ABZz%ABtx%4Etx%4EZz" /><g i="78" c="1365" p="%^nxaonx7mcJ7hcJkjQz9ncJ2rcJft" /><g i="79" c="1366" p="#^Ex$v%Ex1j%Cz1j%CzRkdAUjeBjjfCKiyDKi_EKiVFkjQGWjcH$kLIKidLKi8NKiaOOjdPSkdP5n%dP$v%0N$v%0NQn0NvmOMWlBMll1M$ktLEkJKEklJEkrIylyHsmyHso%yH$v%lF$v%lFznlF5mOEnlgEEk2DEk7CEkkB7lyAClbAymRzunRzgp%Rz$v" /><g i="80" c="1367" p="%^cJaonxftnx2rKG9nnxkjnx7hcJ7m" /><g i="81" c="1368" p="#^QwwpQwVlQyakvAKiVCKiAFKihHuk_Iem_Ikp_IQrdIgttHIu1GvvCEiwVCiwbAiwvyyuQwOsQwwp^5zvp5z$raAftfBuuVCuuyEuuDFetJG_rJGqpJG0nDFNlxEykVCykfBykaANl5z0n5zvp^WClf%xBqh%1zqh%GB$d%0E$d%LGqh%fEqh^Qy6dPySbvz5bbAkaiBka2CkamD_a4EmbvEmbfFmbpFia%$GiaWG4dBE4dQD4dACocLBYbnBYbqAYbsA6d" /><g i="82" c="1369" p="#^6GpuTErvLDTvDCiwkBiwbziw2yfvVwcuVwAsVwDrkxRqMx2qtyApaz5p2ARoHAGo$BvoFEcoWFMnXFjnXFbnXFRljFhltEykPCykgBykwA5lNzDlrz0n%hxJmzxkleyukVyEjaAbjsBKi7DKiNEKiPF7jSGvjlH5kQHHk0IBl8I9m8IDn%8Izq8IDthIruqIfvRI$v%yG$vcGjv6Gpu^WFupJEZpjCjqZAvqpALqSz$qyztrfzXrfzwsfzotVz_tAAAuSBAu7DAu6E0u5FstzFusWFLrWFhq^UClf%vBqh%$yqh%EB$d%_D$d%JGqh%dEqh" /><g i="83" c="1370" p="#^6GpuTErvLDTvDCiwkBiwbziw2yfvVwcuVwAsVwDrkxRqMx2qtyApaz5p2ARoHAGo$BvoFEcoWFMnXFjnXFbnXFRljFhltEykPCykgBykwA5lNzDlrz0n%hxJmzxkleyukVyEjaAbjsBKi7DKiNEKiPF7jSGvjlH5kQHHk0IBl8I9m8IDn%8Izq8IDthIruqIfvRI$v%yG$vcGjv6Gpu^WFupJEZpjCjqZAvqpALqSz$qyztrfzXrfzwsfzotVz_tAAAuSBAu7DAu6E0u5FstzFusWFLrWFhq^OyshNybguzrfbAHegBHe1CHekDkf2EIfuEIfSEIf3FufhFgfnFEe%ZGEeWG1gfGKgBFqhzEqhODqhyCKgJBiglBigWAigGAAgpATgqAsh" /><g i="84" c="1371" p="#^8G$v%8G5uDEiw0CiwTAiwTzSvTypvoyKuWx3uJx6tBxtsBx3r%Bx1j%Oz1j%OzdqOzXrWzys7AptOAVttBpusCpusDpujEVtaFotxFwsVFErVFZp%VF1j%6I1j%6I$v^oBqh%$C$d%UF$d%cDqh" /><g i="85" c="1372" p="#^xGPr%OI6sfI5uOGcvlFiw5DiwfAiwAyyuWwNsWwDpWwlmByykhAKiZCKiAFKidHvkTIgmTIupTIGpSI4q%bz4qizcsoAltuBuu6DuujEuuaFRt1GctxGPr^jzgo%zGgopGDmJFPlFEyk$CykuByksAzlqzzmjzgo^$y0h_yLfIz$eoAfeuBfeeCfeyDUegEgfHEgf4FgfhF2fvFQeAFce%aHce8HBftGigOF_gNE_g$D_gLCigXBSfyBSf8BSfTA8gCArgDA0h" /><g i="86" c="1373" p="#^VFZA%VFCuoFkvtEPvyDiwwCiwcAiwxysuTwBsTwopTwrnyxUleykkwzxjOAKilCKiLEKi7GLk%7G1j%6I1j%6IZA^8ztp8zZrbAeteBuuICuu5Euu6Fit7G5s7GGp7G4n2FNl_DtkyCtk7Btk7AHl8zUm8ztp" /><g i="87" c="1374" p="#^QwwpQwVlQyakvAKiVCKiAFKihHuk_Iem_Ikp_IQrdIgttHIu1GvvCEiwVCiwbAiwvyyuQwOsQwwp^5zvp5z$raAftfBuuVCuuyEuuDFetJG_rJGqpJG0nDFNlxEykVCykfBykaANl5z0n5zvp^WClf%xBqh%1zqh%GB$d%0E$d%LGqh%fEqh" /><g i="88" c="1375" p="#^bw$v%WAhp%yw1j%gz1j%hB3mRBWmbCvnKCKmaD6m%mF1j%$H1j%CDfp%kI$v%EF$v%YCZr%jC_q%Ry$v" /><g i="89" c="1376" p="#^Zv$v%RC5e%pF5e%JM$v%1K$v%YHAq%rAAq%uy$v^7BFo%cHFo%kFHjuEqh3EZfIDIh5Dpj" /><g i="90" c="1377" p="%^$vjwbBOdYCOdMxjw" /><g i="91" c="1378" p="#^5zvp5zVraAetbBuuUCuuBEuuCFetIGUrIGqpIG5nBFNlAEykUCykbBykaANl5z5n5zvp^gJhl%gJKi%DLKi%DLKkDLem9L2nyK5oZIZoZI7pZIjpZISt1GvvBEiwUCiw6AiwuyyuQwKsQwwpQwVlQyakvAKiUCKizFKigHtkyIPlSIVnIJon3KRmqKimqKhl^GEqh%VCqh%5A$d%1D$d" /><g i="92" c="1379" p="#^DJAl%DJ1j%_L1j%_L2l_LYmxLJnpKGp6IWp%6I$v%8G$v%8G5uDEiw0CiwTAiwTzSvUypvpyKuWx3uJx6tBxssBx3r%Bx1j%Oz1j%OzdqOzZrWzyslApusCputDpukEUtbFntyFwsVFErVFZp%VF1j%6I1j%6I_oFJJorKxnNK0nNKAl^nEqh%CCqh%Oz$d%KC$d" /><g i="93" c="1380" p="#^Wx$v%Wx5e%4E5eaG5egHleOIIeTJDfjLQg0MHiJMykJMXmJM_oeMzqML7s0LatgKcunJOuvInvfHHv$F$vnE$v^iAUt%5EUtTFUtTGztUHdtuIDskJNrOJmqhKXohKVmhK5kmJBirI4h6Hzg9Gcg2Ecg%iAcg" /><g i="94" c="1381" p="#^Fx$v%Fx1j%Sz1j%Sz$v^4yYfMyTfZyPfDzBfEz7fEzReizFeNyneFxnehxnevwqe%nwadRw4d7y5dEz5dBAAdEB5eGB$eJBxgszPg%szqh%4yqh%4yYf" /><g i="95" c="1382" p="#^xGPr%OI6sfI5uOGcvlFiw5DiwfAiwAyyuWwNsWwDpWwlmByykhAKiZCKiAFKidHvkTIgmTIupTIGpSI4q%bz4qizcsoAltuBuu6DuujEuuaFRt1GctxGPr^jzgo%zGgopGDmJFPlFEyk$CykuByksAzlqzzmjzgo" /><g i="96" c="1383" p="#^6GpuTErvLDTvDCiwkBiwbziw2yfvVwcuVwAsVwDrkxRqMx2qtyApaz5p2ARoHAGo$BvoFEcoWFMnXFjnXFbnXFRljFhltEykPCykgBykwA5lNzDlrz0n%hxJmzxkleyukVyEjaAbjsBKi7DKiNEKiPF7jSGvjlH5kQHHk0IBl8I9m8IDn%8Izq8IDthIruqIfvRI$v%yG$vcGjv6Gpu^WFupJEZpjCjqZAvqpALqSz$qyztrfzXrfzwsfzotVz_tAAAuSBAu7DAu6E0u5FstzFusWFLrWFhq^gFfe%MGfeAGMfEFBgIEqh9DqhBBqhFACgJzNfyzfe%2BfecB4fIBvfdCVf4DVf4EVfAEvf5F5fgFfe" /><g i="97" c="1384" p="#^QwwpQwVlQyakvAKiVCKiAFKihHuk_Iem_Ikp_IQrdIgttHIu1GvvCEiwVCiwbAiwvyyuQwOsQwwp^5zvp5z$raAftfBuuVCuuyEuuDFetJG_rJGqpJG0nDFNlxEykVCykfBykaANl5z0n5zvp^GEqh%VCqh%5A$d%1D$d" /><g i="98" c="1385" p="#^6GpuTErvLDTvDCiwkBiwbziw2yfvVwcuVwAsVwDrkxRqMx2qtyApaz5p2ARoHAGo$BvoFEcoWFMnXFjnXFbnXFRljFhltEykPCykgBykwA5lNzDlrz0n%hxJmzxkleyukVyEjaAbjsBKi7DKiNEKiPF7jSGvjlH5kQHHk0IBl8I9m8IDn%8Izq8IDthIruqIfvRI$v%yG$vcGjv6Gpu^WFupJEZpjCjqZAvqpALqSz$qyztrfzXrfzwsfzotVz_tAAAuSBAu7DAu6E0u5FstzFusWFLrWFhq^UClf%vBqh%$yqh%EB$d%_D$d%JGqh%dEqh^hDI9%dGI9%pD7d%EB7d" /><g i="99" c="1386" p="#^uL3u8NcvxOKv%QNnxVLHw_Jbv$HiwBFiw9DiwaB7vczYt8yQr4xIp4x1n4xok8ydidz2gcBWebDNdEFNd6INd5KYe5M7g8NfibOmkbO0nbOepwN$qRMLsuL3u^gG1rkICrFJLsLLRqLL0nLLRk$KdjgKBhRIIgqHPfFFPf$CPffBDhwzrjwz1nwzwqeBosZCguFFguWGgu2INtXG3tIFLs" /><g i="100" c="1387" p="#^yx_A%ixVy0y7zyy7zhz7zJzTyaADysAbyFARx7BywbBnwkB$v%pw1j%Ly1j%sBxq_BYrpCxtNC1sjDBq%5G1j%hI1j%mDdwzCmy7C9zxBfAMALA0AgBZygBkygByx_A^nyqhmy9g4zpfMzFeSAFeCBFeWCifEDGf3EGfsEGfFEsfTEefYECe%yGCewG$fRFIgaFoh9EohnDoh7CIgjBggWAggwAggfAyg_zRg$zqh" /><g i="101" c="1388" p="#^ZC$v%ZCpo%4w5e%Yy5e%tCvjtD$kiEwm5F6lfGmj%JJ5e%uM5e%lFpo%lF$v" /><g i="102" c="1389" p="#^6w$v%1DIm%Xw5e%Lz5e%0DGi1E5ksETk2FWjSFSi%sJ5e%1M5e%PFBm%wM$v%BJ$v%4FCpHE3plEvoLDqpuDNp%Yy$v" /><g i="103" c="1390" p="%^Qx$vQx5ecA5ecAUt0JUt0J$v" /><g i="104" c="1391" p="#^Zx$v%Zx5e%UF5ehI5ewJAeMK2fwLhggMvhgMZigMTk1LbmOJvndHSn9IioFIKoHJHpCK7r%IN$v%LK$v%nIgslHFqGGPp$FYotFCoXEgooE7o$D2o4D2o%lA2o%lA$v^lA$l%qF$l2H$lYHGlTIkllJBkQJRjQJZiQJIhVIUg_H4g$F4g%lA4g" /></glyphs></font><font id="30" name="ArialItalic Charset1 6fGkSkDzVfG"><glyphs><g i="0" c="880" p="#^gx$v%$A5e%_D5e%EFHpYF_r2G3uNGhsyIbp%PO5e%OR5e%2O$v%IL$v%zNhneOhkrPwgDOgiwNhk%SG$v%yE$v%UCvkGCWiACRggCejZBCk%Cz$v" /><g i="1" c="881" p="#^qzSqqzEsiADt7BBuxCBu2EBueFqtmGjsWGtqjHdpjH8ojHpmqGolAFrkbErk9CrkLAnmqzdoqzSq^VJxl%rK1j%XM1j%uMclNLCosJ5phJOqBIisIHbu0GgvpEiwwCiwdziwTxPtdxDsdx4rdxgnrzNkhBKihEKiEGKi3IckvJGlvJ8oQKFngLxl^kE$f2FWfeFSfWFEf2GafdGqecEqeRDqe3Dte%9DddGD7dXE8dqG8dnHEd8I2e8INe8IvfwH3gOGIgxFSg%qFth%2Eth%kE$f" /><g i="2" c="882" p="#" /><g i="3" c="883" p="#^MFhr%_Hwr8HXtCF7v4Eiw7Ciw0AiwIyWupxytpx5rpxZoeyWm4zSkEAOjdCKieEKijGKixHVjMI4lMI1n%BGanAGXlTFflaFyk1EykHCykJBolLAembAYnEzGpEzfrEzWsmAMt5BBuaCBueDBudENtcFYsMFhr" /><g i="4" c="886" p="#^qzSqqzEsiADt7BBuxCBu2EBueFqtmGjsWGtqjHdpjH8ojHpmqGolAFrkbErk9CrkLAnmqzdoqzSq^VJxl%rK1j%XM1j%uMclNLCosJ5phJOqBIisIHbu0GgvpEiwwCiwdziwTxPtdxDsdx4rdxgnrzNkhBKihEKiEGKi3IckvJGlvJ8oQKFngLxl" /><g i="5" c="887" p="#^Rw$v%AA5e%MC5e%lBZkyCMjBDfjEEKiLFKikHKicIBj5Jrk5JQl5JwmGIlo%$G$v%PE$v%xG7oVGqmVG_lVGlltGYk1GykdFyk2EykZCalVBOliBUmIA_ncAqq%1z$v" /><g i="6" c="888" p="#^dx4rdxgnrzNkhBKihEKiDGKi3IckvJFlvJ9ovJoqBIjsHHeu0GgvmEiwwCiw$AiwLzFvwy$uSxPtdxDsdx4r^qzSqqzHsiAEtaBBuxCBueDBuWDjuDE0udFrtQFRsfG5sGGkrWGtqjHfpjH8ojHnmqGplxFrkbErk9DrkiCXkrBqlLAnm3AknKzBoqzSpqzSq^TAth%5E6e%xG6e%2Ith%7Gth%8Fhf%8Dth^mAZz%UAtx%oDtx%RCZz" /><g i="7" c="889" p="%^$zBgxA5eJC5ecCBg^Ow$vvz1jIB1j_y$v" /><g i="8" c="895" p="#^dx4rdxgnrzNkhBKihEKiDGKi3IckvJFlvJ9ovJoqBIjsHHeu0GgvmEiwwCiw$AiwLzFvwy$uSxPtdxDsdx4r^qzSqqzHsiAEtaBBuxCBueDBuWDjuDE0udFrtQFRsfG5sGGkrWGtqjHfpjH8ojHnmqGplxFrkbErk9DrkiCXkrBqlLAnm3AknKzBoqzSpqzSq^mAZz%UAtx%oDtx%RCZz" /><g i="9" c="896" p="#^$Bcu%DB$vRAdw5AdwNydw$xzvpx4vpxeupxOtKxgs%jzKk%zxKk%Wx1j%Gz1j%kARf%SCke%TB1j%2E1j%GDKk%wBKk%0AUrKzgtKzxtKzWtYz8uaAluHAluqBlu$Bcu" /><g i="10" c="897" p="#^AFnuqEnvmDRviCiw4Biwhziwbyev5xau5xxs5xrrAxCq4yMpUygpJzLoVAxoEBooJDjoOFdoIGSnZGYmZGmmZGBlpG9lDFyk9EykMCykTBal_ANlBAWm%nyJm2zNkxAMj0CKigEKiGGKi4ITj9JKk9J5m9J8nRIvo%7IKrOHgtOHeuOHRu3I$v%QF$vEFmvAFnu^nGqpWFCpoFIpSEOpCDVpGB4qTAlq4ACqGzbrhzMrhzsshzotWz$tzABuLBBuRCBuSD0uUEqttFos2GlrnGqp^hBth%vE6e%XG6e%sIth%xGth%yFhf%yDth^lAZz%TAtx%nDtx%QCZz" /><g i="11" c="898" p="#^OvZA%yz1j%AB1j%cBQklCEjeDbj8EKi8FKi_GKicI4krJqlrJXnrJZpLIEr4Ijt5Hku7Glv7FQv7Eiw4DiwKAiwszWt%_xZA^9AIq9A9smAJsGAvtmB$t3Cuu_CuuUEuu3GlsfHbqfHYnfHimsGplFFwkuEwkEDwkWCZkcCplABimZAanzAto9ALp9AIq" /><g i="12" c="899" p="#^dx4rdxgnrzNkhBKihEKiDGKi3IckvJFlvJ9ovJoqBIjsHHeu0GgvmEiwwCiw$AiwLzFvwy$uSxPtdxDsdx4r^qzSqqzHsiAEtaBBuxCBueDBuWDjuDE0udFrtQFRsfG5sGGkrWGtqjHfpjH8ojHnmqGplxFrkbErk9DrkiCXkrBqlLAnm3AknKzBoqzSpqzSq" /><g i="13" c="907" p="#^Qw$v%xz1j%KB1j%iBalxCNjvDgjtEKiCFKiPGKiDHnjrI0kII9lHJXjNKljTLKi5NKiJOKixPvjlQgklQGllQgm3QEn%hO$v%5M$v%TNpn6Omm6OVl6OglINVkiNykzMykALykyK8lwJKlXIJmnIHnYHIp%DG$v%rE$v%gGensGlmsGYlsGkl2GXkFFyk1Fyk4Eyk2D8l0CKlmBPmJATnjASp%0z$v" /><g i="14" c="909" p="#^Qw$v%xz1j%yB1j%4BhloCYjxDljHEKiUFKiuHKioIBjiJskiJUliJCmYI9o%cH$v%0F$v%QGMn5Hzm5H$l5HllEGYkbGykkFykCDykfCMlVA_mhAYp%0z$v" /><g i="15" c="930" p="#^Iwax%WynxVy7y6zvyjzUyMz5zmAnzjBnzjDnzcEkyMEDxgFiv%uFfuMD$vPB$vSz$vxyyudx5tdxsqdxgofyrmizBkKAGjaCKiIDKifGKiDH8l%3I1j%5K1j%uHyv2HCxlGLyFFVzqEyAbDbBzBbB$zbBTyNALxnAbxBzEwQyEwQxEwwxIwax^tzfqtzArJzfs4AbtLAHtrBbugCbumDbuqEqtvFFs9G3rQGspQG0oQGpmXFtl3FwkLDwkYCwkbCYkrBnlNAgm7A8nOznotzCptzfq" /><g i="16" c="975" p="#^9Lxl%HL1j%bO1j%JNcleNzndMoo3LlpHIqp%dH$v%bF$v%IFEtmDiwVAiwqziwuysvyxBuyxktyxvsZxwq%xz1j%KB1j%$zjrNzmsNzWsNzuuzBuuwDuuXEOsAF2s_FZqhGgqEGDo%UH1j%5K1j%UIsoMKpoDLvneMTmwMxl" /><g i="17" c="1300" p="#^qzSqqzEsiADt7BBuxCBu2EBueFqtmGjsWGtqjHdpjH8ojHpmqGolAFrkbErk9CrkLAnmqzdoqzSq^VJxl%rK1j%XM1j%uMclNLCosJ5phJOqBIisIHbu0GgvpEiwwCiwdziwTxPtdxDsdx4rdxgnrzNkhBKihEKiEGKi3IckvJGlvJ8oQKFngLxl^oFth%0D6e%IF6e%7Hth" /><g i="18" c="1301" p="%^4x$vPA5ebD5eDBxlYKxlwM5eUO5e9L$vNI$vxKzncBznsz$v" /><g i="19" c="1302" p="#^lGCr%vIQr1IqtmGSuIEiwoCiwYAiwLzDvyyYuWxHtixqsixOqixGogyGmfzGkPAIjnCKicEKiwGKiVHakiJCliJ5oiJ2p7J3q%Az3qxzrqxzKqxzzsmAxtcBuupCuuxDuuDELtKF$slGCr^Wzno%cHnodH1odHTndHcmnGklyFrkfErkQCrkFBqlvAomWzno^9Bth%nE6e%PG6e%kIth%pGth%qFhf%qDth^FFacnG5czG1cfHPbnHpbyHFaxFFaaFFaoEIa%uEK9$EE9gGF9LHF9II9atJzatJ$atJCbOI8c7IDcSGNc%LG9d%nF9d%FFac" /><g i="20" c="1303" p="#^GFEtlDiwUAiwoziwtyrvyxzuyxjtyxvs$xwq%Iz1j%VB1j%0AprNztsNz2tNzJteA6uHAuuzBuuvCuupD1ujEAtYEPsCF2s0G$qiGkqFGFo%UH1j%5K1j%dH$v%bF$v" /><g i="21" c="1304" p="#^Rw$v%yz1j%wB1j%YAGlZBakWCsjTDKiTEKiyFKivGdj%BFgl1FRklERkbDRkYB8mJAqn$zOq%Xy$v" /><g i="22" c="1305" p="#^dx4rdxgnrzNkhBKihEKiDGKi3IckvJFlvJ9ovJoqBIjsHHeu0GgvmEiwwCiw$AiwLzFvwy$uSxPtdxDsdx4r^qzSqqzHsiAEtaBBuxCBueDBuWDjuDE0udFrtQFRsfG5sGGkrWGtqjHfpjH8ojHnmqGplxFrkbErk9DrkiCXkrBqlLAnm3AknKzBoqzSpqzSq^KAth7BRfJBifjCKecDKeCDKe_DQenEWejFmfgGOfDGOfVGOf7HBflHnfvHPe%_IPeSI3g9INgtHvhzGvh4GvhkFahFDrggDrgTCrgDCHgnCWggCth" /><g i="23" c="1310" p="#^7I6h%9E6h%wEtf%uItf%MI5e%YK5e%FKtf%lMtf%_L6h%jK6h%dH$v%bF$v%AF6uGDiwBBiwMziwxyXujxztjxZqjxAohyDmgzGkJAIjaCKiFDKi3GKiiH3l^vzzqvzWrMzIs1AutGA0ukBxueCxuLDxuZEYsDGUqDGQnDGhmPFql$EykODykZCykjCVkFBfl0B5moAWmXzeovzypvzzq" /><g i="24" c="1311" p="#^qzSqqzEsiADt7BBuxCBu2EBueFqtmGjsWGtqjHdpjH8ojHpmqGolAFrkbErk9CrkLAnmqzdoqzSq^VJxl%rK1j%XM1j%uMclNLCosJ5phJOqBIisIHbu0GgvpEiwwCiwdziwTxPtdxDsdx4rdxgnrzNkhBKihEKiEGKi3IckvJGlvJ8oQKFngLxl^mAZz%UAtx%oDtx%RCZz" /><g i="25" c="1312" p="#^AF6uGDiwCBiwMziwxyXujxztjxZqjxCohyFmfzHkIAJjaCKiEDKi3GKiiH3l%MI5e%YK5e%dH$v%bF$v^vzzqvzWrMzIs1AutGA0ukBxueCxuLDxuZEYsDGUqDGQnDGhmPFql$EykNDykZCykjCVkFBfl0B6mnAYmXzgovzzpvzzq" /><g i="26" c="1313" p="#^mx$v%Uxvt%oAvt%XzHvwzExEyyyNxtzBwCz%OwEyfyeyJy$v" /><g i="27" c="1314" p="#^GFEtlDiwUAiwoziwtyrvyxzuyxjtyxvs$xwq%Iz1j%VB1j%0AprNztsNz2tNzJteA6uHAuuzBuuvCuupD1ujEAtYEPsCF2s0G$qiGkqFGFo%UH1j%5K1j%dH$v%bF$v^DzZz%9Atx%FCtx%6CZz" /><g i="28" c="1315" p="%^Bx$viA1juC1jNz$v^Izth$B6eNE6exBth" /><g i="29" c="1316" p="#^2xAr%gzrrgzosyz3tRzKtDAaupBBusCBuWDBuFE$toFptoFCsoF2sXExruE0rKCgq_AwpvAcpHzIogz1oSylnSytmSyWk4AQjiBKiuDKiWFKibHSjtI_kxIRm%nG_mjGOlxF7lLErkkDrkbCrkyBZkWAulWA5mWAImtBanQBunmD9oUFfpyGUpCHVqCHmsCHkt0HfuqGavcFKv$DiwlCiw6AiwxyavZw3u2xAr" /><g i="30" c="1317" p="#^9Lxl%HL1j%bO1j%JNcleNzndMoo3LlpHIqp%dH$v%bF$v%IFEtmDiwVAiwqziwuysvyxBuyxktyxvsZxwq%xz1j%KB1j%$zjrNzmsNzWsNzuuzBuuwDuuXEOsAF2s_FZqhGgqEGDo%UH1j%5K1j%UIsoMKpoDLvneMTmwMxl^mE$f4FWfgFSfYFEf4GaffGqeeEqeTDqe5Dte%bDddID7dZE8dsG8dpHEdaI2eaINeaIvfyH3gQGIgzFSg%sFth%4Eth%mE$f" /><g i="31" c="1318" p="#^5A$v%_x1j%7A1j%eB9qqBkrHBZtkCBsjDPq%FH1j%_J1j%yC$v" /><g i="32" c="1319" p="#^AFnuqEnvmDRviCiw4Biwhziwbyev5xau5xxs5xrrAxCq4yMpUygpJzLoVAxoEBooJDjoOFdoIGSnZGYmZGmmZGBlpG9lDFyk9EykMCykTBal_ANlBAWm%nyJm2zNkxAMj0CKigEKiGGKi4ITj9JKk9J5m9J8nRIvo%7IKrOHgtOHeuOHRu3I$v%QF$vEFmvAFnu^nGqpWFCpoFIpSEOpCDVpGB4qTAlq4ACqGzbrhzMrhzsshzotWz$tzABuLBBuRCBuSD0uUEqttFos2GlrnGqp^lFth%ZC6e%FF6e%4Hth" /><g i="33" c="1320" p="#^dx4rdxgnrzNkhBKihEKiDGKi3IckvJFlvJ9ovJoqBIjsHHeu0GgvmEiwwCiw$AiwLzFvwy$uSxPtdxDsdx4r^qzSqqzHsiAEtaBBuxCBueDBuWDjuDE0udFrtQFRsfG5sGGkrWGtqjHfpjH8ojHnmqGplxFrkbErk9DrkiCXkrBqlLAnm3AknKzBoqzSpqzSq^TAth%5E6e%xG6e%2Ith%7Gth%8Fhf%8Dth^RF7d%sDM9%8GM9%zH7d" /><g i="34" c="1321" p="%^Bx$viA1juC1jNz$v^4CthIz6eoC6ePDth" /><g i="35" c="1322" p="#^GFEtlDiwUAiwoziwtyrvyxzuyxjtyxvs$xwq%Iz1j%VB1j%0AprNztsNz2tNzJteA6uHAuuzBuuvCuupD1ujEAtYEPsCF2s0G$qiGkqFGFo%UH1j%5K1j%dH$v%bF$v^mE$f4FWfgFSfYFEf4GaffGqeeEqeTDqe5Dte%bDddID7dZE8dsG8dpHEdaI2eaINeaIvfyH3gQGIgzFSg%sFth%4Eth%mE$f" /><g i="36" c="1323" p="#^AFnuqEnvmDRviCiw4Biwhziwbyev5xau5xxs5xrrAxCq4yMpUygpJzLoVAxoEBooJDjoOFdoIGSnZGYmZGmmZGBlpG9lDFyk9EykMCykTBal_ANlBAWm%nyJm2zNkxAMj0CKigEKiGGKi4ITj9JKk9J5m9J8nRIvo%7IKrOHgtOHeuOHRu3I$v%QF$vEFmvAFnu^nGqpWFCpoFIpSEOpCDVpGB4qTAlq4ACqGzbrhzMrhzsshzotWz$tzABuLBBuRCBuSD0uUEqttFos2GlrnGqp" /><g i="37" c="1324" p="#^AFnuqEnvmDRviCiw4Biwhziwbyev5xau5xxs5xrrAxCq4yMpUygpJzLoVAxoEBooJDjoOFdoIGSnZGYmZGmmZGBlpG9lDFyk9EykMCykTBal_ANlBAWm%nyJm2zNkxAMj0CKigEKiGGKi4ITj9JKk9J5m9J8nRIvo%7IKrOHgtOHeuOHRu3I$v%QF$vEFmvAFnu^nGqpWFCpoFIpSEOpCDVpGB4qTAlq4ACqGzbrhzMrhzsshzotWz$tzABuLBBuRCBuSD0uUEqttFos2GlrnGqp^0Dth%jF6e%5I6e%REth" /><g i="38" c="1325" p="#^dx4rdxgnrzNkhBKihEKiDGKi3IckvJFlvJ9ovJoqBIjsHHeu0GgvmEiwwCiw$AiwLzFvwy$uSxPtdxDsdx4r^qzSqqzHsiAEtaBBuxCBueDBuWDjuDE0udFrtQFRsfG5sGGkrWGtqjHfpjH8ojHnmqGplxFrkbErk9DrkiCXkrBqlLAnm3AknKzBoqzSpqzSq^TAth%5E6e%xG6e%2Ith%7Gth%8Fhf%8Dth^_D7d%hGM9%3JM9%PF7d" /><g i="39" c="1326" p="#^4LHp%sN0qkM6taKIu1IiwmFiw5CiwbAjuhyjshyBohyMjaBCgMDOdCHOdsKOddMkf_NRggOqj%1MDjGLHhzKKgsJNfJHNfrENfpCHiFAclFAEoFApr$BSsmDjuxFjuoHjuUI6toKUr4LHp" /><g i="40" c="1327" p="#^Mxcq%6A_p%4ABq4AEryAvs1Bmt7CRtdDjuKEjuTGju$Hnt8Jqs8Jdr8JnqxIGpWH_ocFPn5DVmkCqm7BDlyAHk_zLj_zzi_zbhKA4guBYeXCnepEOdeGOdqIOdWJxeqLff5MugNMIhNMPiNMWiMMaj%tKmjtKCikKai4KqhzJVg3Jog9I5ggHNf9GNfcENf7DFgiCkhiCriiC5jDCDjZC8kSDEkvE_kTG1mOIUmxJnnvK1o1LYozLTpzL2rzLvsGKKtNJYudIDvFGiwFEiwCBiwHzZuMxEtMxcq" /><g i="41" c="1328" p="#^aFxuhDiwzBiwLziwwyWuhxythx0rhxBodyEm9zHkDAJj5CKiFDKiQEKiOFpjMG3knHol%TH1j%OJ1j%2GZA%RDZA^tzJqtzDsfAzt2BuudCuudDuueEFtfFPsVF9rzGvpzGYnzGmmLFslXEykLDykBCykKBhlBAhmYz7otzxptzJq" /><g i="42" c="1329" p="#^$v$A%8wWyPw7ztx7z7y7zyyPy4zpyJzix%qA1w%gy1j%rA1j%pBBpIBxrVBut%JH1j%0K1j%LBJxzASzDzzAIygBvxgBJwgB$v$A^xAthWARfwBif6CKe$CKepDKeNDQeaEWe6Fmf3GOfqGOfIGOfWGBf8HnfiHPe%NIPeFI3gYHNggHvhmGvhTFvh7FahsDrg3DrgGCrgqCHgaCWg3Cth" /><g i="43" c="1330" p="#^6x$v%RA5e%eG5ebI5ecJmeGKLeILJfKMHggN8iONBjONplONzn8NlpuM7rqLtsnKPtdJAu3IlvuGJviF$vyD$v^VzZt%LCZtFEZt9GCt4HntLHYsCIpskJvrfKiqPKMonLennLhlnL6jCKYhRJNgGIogPH7gZF7g%OC7g" /><g i="44" c="1331" p="#^4x$v%PA5e%jD5e%hGPkDHUnqI_pTIdrtJitPJ0rjKCo%vM5e%QO5e%6L$v%II$v%mEFlcDVirCwgcCyiGB5l%pz$v" /><g i="45" c="1332" p="#^AFnuqEnvmDRviCiw4Biwhziwbyev5xau5xxs5xrrAxCq4yMpUygpJzLoVAxoEBooJDjoOFdoIGSnZGYmZGmmZGBlpG9lDFyk9EykMCykTBal_ANlBAWm%nyJm2zNkxAMj0CKigEKiGGKi4ITj9JKk9J5m9J8nRIvo%7IKrOHgtOHeuOHRu3I$v%QF$vEFmvAFnu^nGqpWFCpoFIpSEOpCDVpGB4qTAlq4ACqGzbrhzMrhzsshzotWz$tzABuLBBuRCBuSD0uUEqttFos2GlrnGqp^HBie%7DiefDafIDBfaE$f0F$fVF$fyGyfbH5fxHie%$IieAILfuHCgoGthYEthxDthECCgLBKfHBie^fE7d%yGM9%kJM9%4G7d" /><g i="46" c="1333" p="#^9Lxl%HL1j%bO1j%JNcleNzndMoo3LlpHIqp%dH$v%bF$v%IFEtmDiwVAiwqziwuysvyxBuyxktyxvsZxwq%xz1j%KB1j%$zjrNzmsNzWsNzuuzBuuwDuuXEOsAF2s_FZqhGgqEGDo%UH1j%5K1j%UIsoMKpoDLvneMTmwMxl^gBthFBRffCifRCKeKDKe8EKewEQeVEWeRFmfOGOf9HOfrHOfFHBfTHnf1IPe%wJPeoJ3gHINg$Hvh5HvhCGvhSFahbErgODrgpDrg9DHgVCWgOCth" /><g i="47" c="1334" p="#^$v$A%8wWyPw7ztx7z7y7zyyPy4zpyJzix%qA1w%gy1j%rA1j%pBBpIBxrVBut%JH1j%0K1j%LBJxzASzDzzAIygBvxgBJwgB$v$A" /><g i="48" c="1335" p="#^lGCr%vIQr1IqtmGSuIEiwoCiwYAiwLzDvyyYuWxHtixqsixOqixGogyGmfzGkPAIjnCKicEKiwGKiVHakiJCliJ5oiJ2p7J3q%Az3qxzrqxzKqxzzsmAxtcBuupCuuxDuuDELtKF$slGCr^Wzno%cHnodH1odHTndHcmnGklyFrkfErkQCrkFBqlvAomWzno^9Bth%nE6e%PG6e%kIth%pGth%qFhf%qDth" /><g i="49" c="1336" p="%^Sw$vBA5eOC5euAbpWG1jRJ1jjESnFH$veF$vDCkpYzFr2z$v" /><g i="50" c="1337" p="#^lGCr%vIQr1IqtmGSuIEiwoCiwYAiwLzDvyyYuWxHtixqsixOqixGogyGmfzGkPAIjnCKicEKiwGKiVHakiJCliJ5oiJ2p7J3q%Az3qxzrqxzKqxzzsmAxtcBuupCuuxDuuDELtKF$slGCr^Wzno%cHnodH1odHTndHcmnGklyFrkfErkQCrkFBqlvAomWzno^9Bth%nE6e%PG6e%kIth%pGth%qFhf%qDth^nE7d%GGM9%sJM9%cG7d" /><g i="51" c="1338" p="#^9Lxl%HL1j%bO1j%JNcleNzndMoo3LlpHIqp%dH$v%bF$v%IFEtmDiwVAiwqziwuysvyxBuyxktyxvsZxwq%xz1j%KB1j%$zjrNzmsNzWsNzuuzBuuwDuuXEOsAF2s_FZqhGgqEGDo%UH1j%5K1j%UIsoMKpoDLvneMTmwMxl^HEth%jC6e%$E6e%qGth" /><g i="52" c="1339" p="%^Gw$vqA5eCC5eTy$v" /><g i="53" c="1340" p="#^AFnuqEnvmDRviCiw4Biwhziwbyev5xau5xxs5xrrAxCq4yMpUygpJzLoVAxoEBooJDjoOFdoIGSnZGYmZGmmZGBlpG9lDFyk9EykMCykTBal_ANlBAWm%nyJm2zNkxAMj0CKigEKiGGKi4ITj9JKk9J5m9J8nRIvo%7IKrOHgtOHeuOHRu3I$v%QF$vEFmvAFnu^nGqpWFCpoFIpSEOpCDVpGB4qTAlq4ACqGzbrhzMrhzsshzotWz$tzABuLBBuRCBuSD0uUEqttFos2GlrnGqp^lAZz%TAtx%nDtx%QCZz" /><g i="54" c="1341" p="#^lGCr%vIQr1IqtmGSuIEiwoCiwYAiwLzDvyyYuWxHtixqsixOqixGogyGmfzGkPAIjnCKicEKiwGKiVHakiJCliJ5oiJ2p7J3q%Az3qxzrqxzKqxzzsmAxtcBuupCuuxDuuDELtKF$slGCr^Wzno%cHnodH1odHTndHcmnGklyFrkfErkQCrkFBqlvAomWzno^9Bth%nE6e%PG6e%kIth%pGth%qFhf%qDth^kAZz%SAtx%mDtx%PCZz" /><g i="55" c="1342" p="%^OB$v6F7g6z7gxz5eKN5ejN7guH7gaE$v" /><g i="56" c="1343" p="%^6x$vRA5eeD5eqBJmaL5eyO5ecGoliM$vDJ$vsEVmHAcquz$v" /><g i="57" c="1344" p="#^4x$v%PA5e%hI5edK5ebLye9M_eOM3grN8hrNuirNBj_MLkxMUlQLEm8LonrKMnKJ8oWIkocHKosFKo%ZAKo%sz$v^oBIm%kFImDHImIIcmNJIlqKHk4LGj4Lyi4LFhKK6hoKygMJig8J1gnH1g%OC1g" /><g i="58" c="1345" p="#^eGXo%FGVm%vOVm%_MbuvL6vCJIvJHiwTFiwZBiw2AXtqyXrqyQoqyBlRzYigBjgqD3fBFOdfIOd9KOdGLuebNaf_NkgOOuh9Plj%OMBjqMKhdLMg1KNfaINfdGNfxERgSCUhRB0kRA8mRARoRAyraCXsvDjuSFjucIjuUKMs%ILXo" /><g i="59" c="1346" p="#^tx$vOxoupyjt0zes0Agr0BhqSD$nBFDmeGZl8H0lzH5kRHtjRHLiRHwhZGFg5GOfQEOfzDOfDCGgHBxhiBtj%8z8jszMg_ApfwC1eOE1ejG1eyHGeOIifqJsg2KBh2KPi2KBkMIem_HgnbEhqyCzrLBpsYAetyAZt%zIZt%7I$v" /><g i="60" c="1347" p="%^9xDqDxqomEqoVDDq" /><g i="61" c="1348" p="#^bv$v%KDXm%Jy5e%kB5e%DD8iyELjHE0k$ECkmFqlgGdk9Iei%4M5e%eP5e%yGin%uL$v%TI$v%ZFLqzF_p_EMokEGpnDGq%ny$v" /><g i="62" c="1349" p="#^4x$v%PA5e%wG5e4I5eQIde3KqeVKXeMLsfeMmgIMfhIMliIMPjTLXk3L3moJFmRK7nzL4oiM1piMkqiMPrqLatyKwu6JgvHH$vXF$v^BBLl%pFLl8ILliJWktK4ktKuitKJh5KahJJDg5JngtI7gMG7g%MC7g^TzZt%6EZtNFZtnGRtyHFtgIbt$IJsqJYrSJarSJlqSJ4p2JroeINnWFNn%9BNn" /><g i="63" c="1350" p="%^4x$vPA5ebD5eTzZt6JZtHI$v" /><g i="64" c="1351" p="#^AFnuqEnvmDRviCiw4Biwhziwbyev5xau5xxs5xrrAxCq4yMpUygpJzLoVAxoEBooJDjoOFdoIGSnZGYmZGmmZGBlpG9lDFyk9EykMCykTBal_ANlBAWm%nyJm2zNkxAMj0CKigEKiGGKi4ITj9JKk9J5m9J8nRIvo%7IKrOHgtOHeuOHRu3I$v%QF$vEFmvAFnu^nGqpWFCpoFIpSEOpCDVpGB4qTAlq4ACqGzbrhzMrhzsshzotWz$tzABuLBBuRCBuSD0uUEqttFos2GlrnGqp^gBthFBRffCifRCKeKDKe8EKewEQeVEWeRFmfOGOf9HOfrHOfFHBfTHnf1IPe%wJPeoJ3gHINg$Hvh5HvhCGvhSFahbErgODrgpDrg9DHgVCWgOCth" /><g i="65" c="1352" p="#^1C$v%SEui0DWjIzOk%6AOiMB7imD3hZE$fNFcfgGJeIG1e%ZH1e%dE$v" /><g i="66" c="1353" p="%^rx$vZxvttAvtWz$v" /><g i="67" c="1354" p="#^AFnuqEnvmDRviCiw4Biwhziwbyev5xau5xxs5xrrAxCq4yMpUygpJzLoVAxoEBooJDjoOFdoIGSnZGYmZGmmZGBlpG9lDFyk9EykMCykTBal_ANlBAWm%nyJm2zNkxAMj0CKigEKiGGKi4ITj9JKk9J5m9J8nRIvo%7IKrOHgtOHeuOHRu3I$v%QF$vEFmvAFnu^nGqpWFCpoFIpSEOpCDVpGB4qTAlq4ACqGzbrhzMrhzsshzotWz$tzABuLBBuRCBuSD0uUEqttFos2GlrnGqp^hBth%vE6e%XG6e%sIth%xGth%yFhf%yDth^5G7d%IDM9%oGM9%PH7d" /><g i="68" c="1355" p="#^AFnuqEnvmDRviCiw4Biwhziwbyev5xau5xxs5xrrAxCq4yMpUygpJzLoVAxoEBooJDjoOFdoIGSnZGYmZGmmZGBlpG9lDFyk9EykMCykTBal_ANlBAWm%nyJm2zNkxAMj0CKigEKiGGKi4ITj9JKk9J5m9J8nRIvo%7IKrOHgtOHeuOHRu3I$v%QF$vEFmvAFnu^nGqpWFCpoFIpSEOpCDVpGB4qTAlq4ACqGzbrhzMrhzsshzotWz$tzABuLBBuRCBuSD0uUEqttFos2GlrnGqp^kE$f2FWfeFSfWFEf2GafdGqecEqeRDqe3Dte%9DddGD7dXE8dqG8dnHEd8I2e8INe8IvfwH3gOGIgxFSg%qFth%2Eth%kE$f" /><g i="69" c="1356" p="#^nxir%xz1rMzVsBAJtrBxuOCxuqExuCFmtPGbsPGGqPGmpVFvo0FEnwDEnlDEnPCHn%bDQlwDUlODUlHFUlIGZkKH2kKHIiKHthUGEg2GOfREOfFDOfICFgMBvhvB4j%kzEiSzrgnBefVC1e$E1ecH1ezImfXJHgXJDiXJ1kbJ5lsI8m_GRm1IsnyIlo4Jdp4Jmq4JMsgHxutFiwZCiwxAiw1zXuxxztnxir" /><g i="70" c="1357" p="%^tD$vqErr8xrrCxfpFH6esJ6e2HupCJupcJrrDGrrFF$v^REupqG0iLzup" /><g i="71" c="1358" p="#^dx4rdxgnrzNkhBKihEKiDGKi3IckvJFlvJ9ovJoqBIjsHHeu0GgvmEiwwCiw$AiwLzFvwy$uSxPtdxDsdx4r^qzSqqzHsiAEtaBBuxCBueDBuWDjuDE0udFrtQFRsfG5sGGkrWGtqjHfpjH8ojHnmqGplxFrkbErk9DrkiCXkrBqlLAnm3AknKzBoqzSpqzSq^TAth%5E6e%xG6e%2Ith%7Gth%8Fhf%8Dth^EB4d1CwbDCUaaDla6ElaRElaeGXabHobyHob9IobqIqa%VJqaNJEb5JncqI5duH5d_G5dfGMczE2caE2cnD2caD4d" /><g i="72" c="1359" p="%^Zv$vCBrpny1jPA1jVBkl#xCDm0DPnLG1jsJ1j$DBpgH$vQE$vwDmt#6DwsBChrKy$v" /><g i="73" c="1360" p="#^KxTq%_zFqZz7rZzdrZz1snARsNAFtuB5ubCxuZCxu_Dxu2FQt6G6tMGMrrHpqrH4prHAnyGHmFFNldENlfDNloCfmxBImPAEn%Tyvn%zBle%iKle%TJng%4Dng%KBWkuCnkhD6k5EQjXEQj_GQjiIblDJxmDJUoDJYqJIHsPHqueGmvFEiwPCiwhBiw5ABvVyUujyGtKxssKxerKx6rKxTq" /><g i="74" c="1361" p="#^1BDlYBSkTCukOD5kIE5kKG5k3IulpJSmpJdppJfsqHquJFiwgDiw2BiwzzGu5y1t5y0q5ykn1zrkMzeiRAOgXBmf8DIemE1eUF1eJH1eTIaf1KjgcKri%8IEiZHahjHxgGGUfKFUfKEUfKDFgKCqh0CXiiBrk1BDl^gAYqgAtscBvt8CxukDxu9Exu4FVt0GgtFG$rjHJqjHrpjHPnpGRmwFSleESlNCSlwBingAJogAYq" /><g i="75" c="1362" p="#^Dz$vVzbuSAEr$BAoRDzlHFyiYHng%0zng%szle%TKle%sKngzHWioFYmSCBrXB$v" /><g i="76" c="1363" p="#^lGCr%vIQr1IqtmGSuIEiwoCiwYAiwLzDvyyYuWxHtixqsixOqixGogyGmfzGkPAIjnCKicEKiwGKiVHakiJCliJ5oiJ2p7J3q%Az3qxzrqxzKqxzzsmAxtcBuupCuuxDuuDELtKF$slGCr^Wzno%cHnodH1odHTndHcmnGklyFrkfErkQCrkFBqlvAomWzno" /><g i="77" c="1364" p="#^GFEtlDiwUAiwoziwtyrvyxzuyxjtyxvs$xwq%Iz1j%VB1j%0AprNztsNz2tNzJteA6uHAuuzBuuvCuupD1ujEAtYEPsCF2s0G$qiGkqFGFo%UH1j%5K1j%dH$v%bF$v^9Dth%sF6e%eI6e%_Eth" /><g i="78" c="1365" p="#^DB8mDABl7AKkDzTjDzUiDzghOAUfmC1e1F1eoH1eLIif6Kyg6Kni6KGjnJJkEIMl4Hom9I3nCIQndJPodJ7qdJxsvHquOFiwZCiwIAiwhzVuSxvtSxqrSxspSy2oTzEmDB8m^OB_iOB7kxCQkgDxlzExl4Gxl1HCk_HHj_Hli_HdheHwgvGOfcFOfdEOfoDfgACHgbCthOBeiOB_i^4ACr4AlsrA1tOAJtxB7ugCxucDxu$Exu6GRs$Gwr$G$p$GLoaGZnmFan2EannCandBpo4ADp4ACr" /><g i="79" c="1366" p="#^dx4rdxgnrzNkhBKihEKiDGKi3IckvJFlvJ9ovJoqBIjsHHeu0GgvmEiwwCiw$AiwLzFvwy$uSxPtdxDsdx4r^qzSqqzHsiAEtaBBuxCBueDBuWDjuDE0udFrtQFRsfG5sGGkrWGtqjHfpjH8ojHnmqGplxFrkbErk9DrkiCXkrBqlLAnm3AknKzBoqzSpqzSq^TAth%5E6e%xG6e%2Ith%7Gth%8Fhf%8Dth" /><g i="80" c="1367" p="#^HxUr%LzHrZzatCAPtgBsu9CsuqDsuwElt6GKrTGJoMFypVEVp2Egq8DgqvBgqcA9pvyKnvy3lvy1itATf9C1eDE1eRG1ejIGfNJjhNJjkNJdnOI3qEHptFF$u2Eiw1CiwbAiw$y8vQx_tHxUr^EAPkEAumxBvnqCvoFDvoAEvouFTnoGfn1H0mHHMkHHtjHHrifHzhQGHg4GfglFOfBEOfSDOf8DbgrCAgQBkheB4iXA3jEA2kEAPk" /><g i="81" c="1368" p="#^Rw$v%AA5e%MC5e%rBuktCwjiD7j7EKi1FKiOGKi_H5kaJrlaJ1oaJLpHIbrcICsvHAtOGyu1G8vhFJvvE$vJDiw$CiwKBiwNADvQzXuizzt%Ny$v^5AHq%4A6r4ALsRADtDBuuMCuuUDuuQEGtMFSsnG8r_Gpp_GYn_GjmdGqlsFwkkEwkbDwkdCrlfBmmBAho5AJp5AHq" /><g i="82" c="1369" p="#^dx4rdxgnrzNkhBKihEKiDGKi3IckvJFlvJ9ovJoqBIjsHHeu0GgvmEiwwCiw$AiwLzFvwy$uSxPtdxDsdx4r^qzSqqzHsiAEtaBBuxCBueDBuWDjuDE0udFrtQFRsfG5sGGkrWGtqjHfpjH8ojHnmqGplxFrkbErk9DrkiCXkrBqlLAnm3AknKzBoqzSpqzSq^TAth%5E6e%xG6e%2Ith%7Gth%8Fhf%8Dth^aFacUF5c4G1cMGPbUGpb3HFa2FFaHEFaVDIa%$DK9wEE9NFF9gHF9dI9a_Iza_I$a_ICbjI8cEHDcnGNc%gG9d%UE9d%aFac" /><g i="83" c="1370" p="#^Mx6qMxRnryvl6z9jXzMhNAmgGBzfzCMeqDpehE1ekF1eoH1eMIzf8K4h8KYj8KWmbJQp3Igt2G_uwEiwyCiwxAiw8zJuMx7tMx6q^VzGqVzjssAftbBxuFCxuXDxu$EmtwGKrhHAo2Iql2Iqj2IvhiHFgzGOflFOftEOfIDfgXCHgfCOhfBljwAqmVz3pVzGq" /><g i="84" c="1371" p="#^xC$v%6z5e%pB5e%uDMo2EGrdEstmFar4GQp%tM5e%XO5e%6F$v" /><g i="85" c="1372" p="#^dx4rdxgnrzNkhBKihEKiDGKi3IckvJFlvJ9ovJoqBIjsHHeu0GgvmEiwwCiw$AiwLzFvwy$uSxPtdxDsdx4r^qzSqqzHsiAEtaBBuxCBueDBuWDjuDE0udFrtQFRsfG5sGGkrWGtqjHfpjH8ojHnmqGplxFrkbErk9DrkiCXkrBqlLAnm3AknKzBoqzSpqzSq^0Dth%jF6e%5I6e%REth" /><g i="86" c="1373" p="#^Lw$v%sz1j%FB1j%Xy$v^jA$f1BWfdBSfVBEf1CafcCqebAqeQzqe2zte%8zddFz7dWA8dpC8dmDEd7E2e7ENe7EvfvD3gNCIgwBSg%pBth%1Ath%jA$f" /><g i="87" c="1374" p="#^9Lxl%HL1j%bO1j%JNcleNzndMoo3LlpHIqp%dH$v%bF$v%IFEtmDiwVAiwqziwuysvyxBuyxktyxvsZxwq%xz1j%KB1j%$zjrNzmsNzWsNzuuzBuuwDuuXEOsAF2s_FZqhGgqEGDo%UH1j%5K1j%UIsoMKpoDLvneMTmwMxl^DzZz%9Atx%FCtx%6CZz" /><g i="88" c="1375" p="%^$zBgxA5eJC5ecCBg^Ow$vvz1jIB1j_y$v^JvZzfwtxLytxcyZz" /><g i="89" c="1376" p="#^lGCr%vIQr1IqtmGSuIEiwoCiwYAiwLzDvyyYuWxHtixqsixOqixGogyGmfzGkPAIjnCKicEKiwGKiVHakiJCliJ5oiJ2p7J3q%Az3qxzrqxzKqxzzsmAxtcBuupCuuxDuuDELtKF$slGCr^Wzno%cHnodH1odHTndHcmnGklyFrkfErkQCrkFBqlvAomWzno^9Bth%nE6e%PG6e%kIth%pGth%qFhf%qDth^eG7d%RDM9%xGM9%YH7d" /><g i="90" c="1377" p="#^AFnuqEnvmDRviCiw4Biwhziwbyev5xau5xxs5xrrAxCq4yMpUygpJzLoVAxoEBooJDjoOFdoIGSnZGYmZGmmZGBlpG9lDFyk9EykMCykTBal_ANlBAWm%nyJm2zNkxAMj0CKigEKiGGKi4ITj9JKk9J5m9J8nRIvo%7IKrOHgtOHeuOHRu3I$v%QF$vEFmvAFnu^nGqpWFCpoFIpSEOpCDVpGB4qTAlq4ACqGzbrhzMrhzsshzotWz$tzABuLBBuRCBuSD0uUEqttFos2GlrnGqp^HBie%7DiefDafIDBfaE$f0F$fVF$fyGyfbH5fxHie%$IieAILfuHCgoGthYEthxDthECCgLBKfHBie^PF7d%qDM9%6GM9%xH7d" /><g i="91" c="1378" p="#^AFnuqEnvmDRviCiw4Biwhziwbyev5xau5xxs5xrrAxCq4yMpUygpJzLoVAxoEBooJDjoOFdoIGSnZGYmZGmmZGBlpG9lDFyk9EykMCykTBal_ANlBAWm%nyJm2zNkxAMj0CKigEKiGGKi4ITj9JKk9J5m9J8nRIvo%7IKrOHgtOHeuOHRu3I$v%QF$vEFmvAFnu^nGqpWFCpoFIpSEOpCDVpGB4qTAlq4ACqGzbrhzMrhzsshzotWz$tzABuLBBuRCBuSD0uUEqttFos2GlrnGqp^HBie%7DiefDafIDBfaE$f0F$fVF$fyGyfbH5fxHie%$IieAILfuHCgoGthYEthxDthECCgLBKfHBie" /><g i="92" c="1379" p="#^9Lxl%HL1j%bO1j%JNcleNzndMoo3LlpHIqp%dH$v%bF$v%IFEtmDiwVAiwqziwuysvyxBuyxktyxvsZxwq%xz1j%KB1j%$zjrNzmsNzWsNzuuzBuuwDuuXEOsAF2s_FZqhGgqEGDo%UH1j%5K1j%UIsoMKpoDLvneMTmwMxl^9Dth%sF6e%eI6e%_Eth" /><g i="93" c="1380" p="#^lGCr%vIQr1IqtmGSuIEiwoCiwYAiwLzDvyyYuWxHtixqsixOqixGogyGmfzGkPAIjnCKicEKiwGKiVHakiJCliJ5oiJ2p7J3q%Az3qxzrqxzKqxzzsmAxtcBuupCuuxDuuDELtKF$slGCr^Wzno%cHnodH1odHTndHcmnGklyFrkfErkQCrkFBqlvAomWzno^ZCth%gF6e%2I6e%OEth" /><g i="94" c="1381" p="#^qzSqqzEsiADt7BBuxCBu2EBueFqtmGjsWGtqjHdpjH8ojHpmqGolAFrkbErk9CrkLAnmqzdoqzSq^VJxl%rK1j%XM1j%uMclNLCosJ5phJOqBIisIHbu0GgvpEiwwCiwdziwTxPtdxDsdx4rdxgnrzNkhBKihEKiEGKi3IckvJGlvJ8oQKFngLxl^0Dth%jF6e%5I6e%REth" /><g i="95" c="1382" p="#^sx$v%8zSn%fxSn%Bxdm%uzdm%bB5e%uG5e9I5eRIdeVJpeSKXeQLtfyMrghNphENHi$NZj$Npl$NznlNlpHM7rELusCKQtsJBujIlvLGJvzF$vQD$v^fAZt%1DZtXEZtpGCtkHnt_HYsRIpsyJvrtKiq0LMozLenzLhlzL6jPKYh3KNgVIog1I7geG7g%8D7g%SBdm%RGdm%vGSn%wBSn" /><g i="96" c="1383" p="#^AFnuqEnvmDRviCiw4Biwhziwbyev5xau5xxs5xrrAxCq4yMpUygpJzLoVAxoEBooJDjoOFdoIGSnZGYmZGmmZGBlpG9lDFyk9EykMCykTBal_ANlBAWm%nyJm2zNkxAMj0CKigEKiGGKi4ITj9JKk9J5m9J8nRIvo%7IKrOHgtOHeuOHRu3I$v%QF$vEFmvAFnu^nGqpWFCpoFIpSEOpCDVpGB4qTAlq4ACqGzbrhzMrhzsshzotWz$tzABuLBBuRCBuSD0uUEqttFos2GlrnGqp^hBth%vE6e%XG6e%sIth%xGth%yFhf%yDth^eE7d%xGM9%jJM9%3G7d" /><g i="97" c="1384" p="%^Czxl8A1jEC1j7Cxl^qx$vYxvtsAvtVz$v" /><g i="98" c="1385" p="#^AFnuqEnvmDRviCiw4Biwhziwbyev5xau5xxs5xrrAxCq4yMpUygpJzLoVAxoEBooJDjoOFdoIGSnZGYmZGmmZGBlpG9lDFyk9EykMCykTBal_ANlBAWm%nyJm2zNkxAMj0CKigEKiGGKi4ITj9JKk9J5m9J8nRIvo%7IKrOHgtOHeuOHRu3I$v%QF$vEFmvAFnu^nGqpWFCpoFIpSEOpCDVpGB4qTAlq4ACqGzbrhzMrhzsshzotWz$tzABuLBBuRCBuSD0uUEqttFos2GlrnGqp^HBie%7DiefDafIDBfaE$f0F$fVF$fyGyfbH5fxHie%$IieAILfuHCgoGthYEthxDthECCgLBKfHBie^lAZz%TAtx%nDtx%QCZz" /><g i="99" c="1386" p="%^yzxl4A1jAC1j2Cxl^mx$vUxvtoAvtXzHv#wzExEyyy#NxtzBwCzOwEy#fyeyJy$v" /><g i="100" c="1387" p="#^dx4rdxgnrzNkhBKihEKiDGKi3IckvJFlvJ9ovJoqBIjsHHeu0GgvmEiwwCiw$AiwLzFvwy$uSxPtdxDsdx4r^qzSqqzHsiAEtaBBuxCBueDBuWDjuDE0udFrtQFRsfG5sGGkrWGtqjHfpjH8ojHnmqGplxFrkbErk9DrkiCXkrBqlLAnm3AknKzBoqzSpqzSq^kE$f2FWfeFSfWFEf2GafdGqecEqeRDqe3Dte%9DddGD7dXE8dqG8dnHEd8I2e8INe8IvfwH3gOGIgxFSg%qFth%2Eth%kE$f" /><g i="101" c="1388" p="%^7D6t7Dcofycofy9m7D9m7DhhcFhhcF9m4K9m4KcocFcocF6t" /></glyphs></font><font id="40" name="ArialBold Charset1 5l0zhbO5rck"><glyphs><g i="0" c="880" p="%^SB$vSB7hyw7hyw5eMK5eMK7htF7htF$v" /><g i="1" c="881" p="%^ZN$v1K$vtIXrjBXrQz$v$v$vYC5eOG5e^jHVoPEgipCVo^OGtcEEtchBP86FP8" /><g i="2" c="882" p="%^Ix$vIx5ejB5ejB$v" /><g i="3" c="883" p="#" /><g i="4" c="886" p="%^Wx$vWxfexBfexBZswKZswK$v" /><g i="5" c="887" p="%^Qx$vQx5e4L5e4L7hrB7hrB5lpK5lpK7orB7orBZsqLZsqL$v^PEybuDtc4BtcJDTaVFTazItc9Gtc^9DVA9DtxBGtxBGVA" /><g i="6" c="888" p="#^Ox5e%pB5e%pBNnpB5qxBNqMBTrECyswDdt1FdtzGdtlHBs7IYrhI2rsI7qsI$n%sI5e%3M5e%3Mvn3MJqML3stLotGKjuUJdvAIMvgHjw8FjwACjwfBJvWz7v9zauoydt8ybsOxEqOxEn" /><g i="7" c="889" p="%^Qx$vQx5erB5erB8lwI8lwI5e7M5e7M$vwI$vwIaorBaorB$v" /><g i="8" c="895" p="#^5x9n5xqkVxziwychzz6gDA0fUBvezDOdKFOdIJOd4MfgsOIisO4nsOpr5MStKJjwOFjwOBjwrzTt5xrr5x9n^PA1nPA4qdCFrDDdtNFdtYHdtlJFrKK5qKK_mKKVjnJpi0IUgNFUgyDUgaCqiPAYjPA1n^WDVA%WDtx%mHtx%mHVA" /><g i="9" c="896" p="#^gJpp%MMwqYLst4KUucIjwkFjwMBjwtzTtbxrrbxcnbxKiuzggOBOdyFOdQIOdTKKf5MTgJM1j%8JUjPIviOHIhOGUgmFUgnDUg8CjiVAKjVAXmVAkq7CNrlDdtiFdtKGdtMHisPInrgJpp" /><g i="10" c="897" p="%^ZN$v1K$vtIXrjBXrQz$v$v$vYC5eOG5e^jHVoPEgipCVo^REybwDtc6BtcLDTaXFTaBItcbGtc^bDVAbDtxDGtxDGVA" /><g i="11" c="898" p="#^Qx$v%Qx5e%CD5eVG5eVHmesJMeuK6gxLshxLBjxLflWKnmkKvnoJ8otINoxH_oeGfpNDfp%rBfp%rB$v^rB7h%rBdm%pDdmyFdmgGXl_GEloH2lPHskPHFjPHGieH2iFGphNFeh7F7haD7h" /><g i="12" c="899" p="#^Qx5e%ZE5e5H5e8IgebJre$J$eQKzfnLvgXLrhXLBiXLSjfLVkAKYlqJum3LYmXL6oPMfpPMOqPM1seMbtGLkuHK1vIJJvgITvmHZvVD$v%Qx$v^rB4h%rBdl%ODdlVFdlqG9lmH2lUHwkqI_jqI6jqIhiYHMhvHehBG7h3G4hvD4h^rBco%rBZs%NEZsKGZsgHSs4IIsAI8s5JAr5JDq5JQpHIgpiIIozHsoQGcomEco" /><g i="13" c="907" p="#^ZN$v%1K$v%tIXr%jBXr%Qz$v%$v$v%YC5e%OG5e^jHVo%PEgi%pCVo^IBxclBbcaBVb%mCVbCCcc7DocVDEcIEEcwFEciGocKGec5HVb%hIVbUHAc$G1d3GvdIEvdhEvdUDrdsCgdIBxc^dDub%IEv9%xIv9%oFub" /><g i="14" c="909" p="#^5x9n5xqkVxziwychzz6gDA0fUBvezDOdKFOdIJOd4MfgsOIisO4nsOpr5MStKJjwOFjwOBjwrzTt5xrr5x9n^PA1nPA4qdCFrDDdtNFdtYHdtlJFrKK5qKK_mKKVjnJpi0IUgNFUgyDUgaCqiPAYjPA1n^JFyb%pEtc%$Btc%EETa%QGTa%uJtc%4Htc^WDVA%WDtx%mHtx%mHVA" /><g i="15" c="930" p="%^ZN$v1K$vtIXrjBXrQz$v$v$vYC5eOG5e^jHVoPEgipCVo" /><g i="16" c="975" p="%^Nx$vNx5ebD5epGiqCJ5e2P5e2P$vIL$vHLUh8I$vFE$v7BUh7B$v" /><g i="17" c="1300" p="%^Tx$vTx5euB5euB1mMI5eDN5eUG3lZN$vjJ$voEBnuBAquB$v" /><g i="18" c="1301" p="#^ZN$v%1K$v%tIXr%jBXr%Qz$v%$v$v%YC5e%OG5e^jHVo%PEgi%pCVo^bE4cTE$b4FXbKFNbLFnbLF6bpFVaUEEaMDEaoDEaDCHa%uCr9YCl9fEm9LFm9IGR9LHlaNHgbQHxczFPc%zFqd%bEqd%bE4c" /><g i="19" c="1302" p="#^5x9n5xqkVxziwychzz6gDA0fUBvezDOdKFOdIJOd4MfgsOIisO4nsOpr5MStKJjwOFjwOBjwrzTt5xrr5x9n^PA1nPA4qdCFrDDdtNFdtYHdtlJFrKK5qKK_mKKVjnJpi0IUgNFUgyDUgaCqiPAYjPA1n" /><g i="20" c="1303" p="%^Sx$vSx5emB5eII4qII5e2M5e2M$vqI$vcBgkcB$v" /><g i="21" c="1304" p="#^Px5e%pE5eDG5eOHqenJUevK4gDLghcM_iOMHkOMcnOMqpeM0rzLZskKbuoJ5vOHCvBG$vBE$v%Px$v^qB7h%qBZs%6EZsDFZsiGOsaHAsLH2slIwrIIkq4J7p4J2n4JZkIISjlILiGH7i0Hvh$FhhfF7h1D7h" /><g i="22" c="1305" p="#^8Grp%8Gpm%XNpm%XNxtOMDuEKtvuIjwhGjwtDjwnB8vizYtfyMrcxzpcx_mcxbkmy0ixzRfOBHewDOd4GOdpJOdhLcf9NBgIN3j%6KKjJJpiGIFhEHUg4GUgIDUgjCoiWAUjWARmWA1qkCDrLDdt2GdtaHdtjINssJkshKHr%hKrp" /><g i="23" c="1310" p="#^cB5e%cBHkSCLi9FLilGLiiHbjfIDjKIjkdJ_koJPlAJEmAJoo%AJ$v%8G$v%8G9p8G6nXFzmLF0mfFIlLEnl0Enl9DnluCOlPBcmvB2ncBTncBvp%cB$v%Mx$v%Mx5e" /><g i="24" c="1311" p="#^mA$m%fxrmMxyk2zFjkALiSCLi9FLihGhjpHPjSHFkkIvlkIKn%hIKrhIrtrIfuCI3v3J$v%GF$vxFFvkF_ufFGudFAukErvkDTvkCiwbBiwbziw1ycvUw6uUwssUwmrpxvqXxEpTybpQzJoCBno0EXnYEyn%YEcnYEcmsEOlZDnlCCnlIBnlbBKlGA5mmA$m^YENphE$pSCjqrBCq_AUqkAnrkA5skAPsSAltoBTtdCTt9DTt$DgtCEOsPE7sYEHrYEsq^IAlh%oCHd%dGHd%TClh" /><g i="25" c="1312" p="%^OxghOx5eeB5eeBgh^Ox$vOx1jeB1jeB$v" /><g i="26" c="1313" p="#^AJ$v%8G$v%8Gnp8GhnVFGmHF2mbFJlIEnl0Enl7DnlqCSlJBlmsB9ncBYncB7q%cB$v%Mx$v%Mx1j%YA1j%YAWkECLidFLilGLihH9jeIzjIIckbJQknJElAJrmAJXn" /><g i="27" c="1314" p="#^iFTr%JIss2IkuDGjvcFiw4DiwHziw4y4uOwjsOwCpOwomtyAk9ALiKCLiDFLiiHFkZIzmVIwq%jAwqlA1s7BUsWBKt6DKtVDKtsEit0FRsiFTr^vFqosFWmJE9m_DnlXCnlPBnl5BbmmA$mmAqo^Iylh%fBMd%qEMd%YGlh%bElh%LCxf%tBlh^cBVA%cBtx%EEtx%EEVA" /><g i="28" c="1315" p="#^xx1j%HA1j%HAOknCLiKELi_FLiUGgjPHMjpIPkfJMjeKgjeLLimMLiONLiNOkjNPVjgQ1lDQSlDQIn%DQ$v%bN$v%bNBobNFmQM5mlMnlmLnlEKnl$JPlmJfm4J5nPIXnPIMp%PI$v%nF$v%nFUonF$mbFsm$EVlCEEleEnlADnlNCnl8COlwBdmeB1nZAQnZAIp%ZA$v%xx$v" /><g i="29" c="1316" p="%^Ixzs8Bzs8B0v#8BvwTAmx#DAdyVzVy#bzBz5y_zqxzy#sydyUyDx#lz1xnz$vIx$v" /><g i="30" c="1317" p="#^txRw%oBjxuB$xQBgykCEynDEyJEEyoFeyRFZx3GmxeGXweGOv%eGUtIE$vmC$vLz$vdyNt1x2s1xrp1xbmBytk9ALivCLiUELitGSk%tG1j%GJ1j%GJFuGJYwhJ5yVIezdITzxHxAoGUAfFgBvDgBcAgBQy7Asx_ysxfxsx4xtxRw^yAfpyAjrkBhs7CethDetyEetpFfshGgrhGkphGjnsFlmDEnlmDnl7CnlkBkmyAhnyAfp" /><g i="31" c="1318" p="#^jG$v%jG2uBF5vrEIviDiw0CiwIAiwGzJvEy8vay6uJx3tJxer%Jx1j%9B1j%9B_o9BJrlBksxBXs0CjtwCGthDGt9EGtREbtyFIsOF_r3Ggr3Guo%3G1j%vJ1j%vJ$v" /><g i="32" c="1319" p="#^$wkp$wDnQx1mGyqkdABjMBLiGDLiCGLiuIFknKzmnKupnKqstImuAGiwHDiwVBiwhAuvGyGuQx7t$wzr$wkp^wAvpwArrqBtslCvtGDvt0FvtWFtsRGrrRGupRGBnWFAm0FylGDyllCylqBAmwABnwAvp^Dznh%aCOd%lFOd%THnh%6Fnh%HDzf%oCnh^oF8d%eD8d%TzI9%IDI9" /><g i="33" c="1320" p="%^Ox$vOx1jeB1jeB$v^WBlhMzlhpwHdeAHd" /><g i="34" c="1321" p="#^KD1j%KDMl%oBMl%oB_qoBAssBRswB6tLBht$BstlCstPCstJD6t%0ENvPCiwiBiwnAiwDz_vUyGvxyavbyGu3yQtYxetYxqr%YxMl%nwMl%nw1j%Yx1j%Yxsg%oBre%oB1j" /><g i="35" c="1322" p="#^mA$m%fxrmMxyk2zFjkALiSCLi9FLihGhjpHPjSHFkkIvlkIKn%hIKrhIrtrIfuCI3v3J$v%GF$vxFFvkF_ufFGudFAukErvkDTvkCiwbBiwbziw1ycvUw6uUwssUwmrpxvqXxEpTybpQzJoCBno0EXnYEyn%YEcnYEcmsEOlZDnlCCnlIBnlbBKlGA5mmA$m^YENphE$pSCjqrBCq_AUqkAnrkA5skAPsSAltoBTtdCTt9DTt$DgtCEOsPE7sYEHrYEsq^1Flh%TClh%wzHd%lDHd" /><g i="36" c="1323" p="#^aw1j%Qz1j%VCes%YF1j%vJ1j%WEwv%6EMxFDVyeDvzQC5AiCtAMBRA_A2BdAgBfzgBfygBjx2B%$wmyOxxysyxyEzxydAPxOA6x5B1w" /><g i="37" c="1324" p="#^iFTr%JIss2IkuDGjvcFiw4DiwHziw4y4uOwjsOwCpOwomtyAk9ALiKCLiDFLiiHFkZIzmVIwq%jAwqlA1s7BUsWBKt6DKtVDKtsEit0FRsiFTr^vFqosFWmJE9m_DnlXCnlPBnl5BbmmA$mmAqo^Iylh%fBMd%qEMd%YGlh%bElh%LCxf%tBlh" /><g i="38" c="1325" p="#^mA$m%fxrmMxyk2zFjkALiSCLi9FLihGhjpHPjSHFkkIvlkIKn%hIKrhIrtrIfuCI3v3J$v%GF$vxFFvkF_ufFGudFAukErvkDTvkCiwbBiwbziw1ycvUw6uUwssUwmrpxvqXxEpTybpQzJoCBno0EXnYEyn%YEcnYEcmsEOlZDnlCCnlIBnlbBKlGA5mmA$m^YENphE$pSCjqrBCq_AUqkAnrkA5skAPsSAltoBTtdCTt9DTt$DgtCEOsPE7sYEHrYEsq^lFOd%0HOdSGsfRFpgQEmhdDmhBBmhAApgzzsfqzOd%5BOdaBFeHB6fdCzfdDzfcEzfJE6ffFFelFOd^EB8d%dDI9%2HI9%PD8d" /><g i="39" c="1326" p="#^5JTm%JFunyFtmXEZlkEslmDsl4CsljBlmyAdnyAhpyABrjBys5CvtpDvtnEvt$EXsDFnsUF1r%gJCrKIWteH6vLFiwfDiwpAiwJyvu1xIs1xxp1xjmJyxkqALijDLiHFLi4HMjtINk5JTm" /><g i="40" c="1327" p="%^Gx$vGx5e6B5e6BBn7F1jlJ1jVEMnFJ$vXF$vHC9q6BRr6B$v" /><g i="41" c="1328" p="#^iFTr%JIss2IkuDGjvcFiw4DiwHziw4y4uOwjsOwCpOwomtyAk9ALiKCLiDFLiiHFkZIzmVIwq%jAwqlA1s7BUsWBKt6DKtVDKtsEit0FRsiFTr^vFqosFWmJE9m_DnlXCnlPBnl5BbmmA$mmAqo^Iynh%fBOd%qEOd%YGnh%bEnh%LCzf%tBnh^cB8d%NCI9%CGI9%nD8d" /><g i="42" c="1329" p="#^$wkp$wDnQx1mGyqkdABjMBLiGDLiCGLiuIFknKzmnKupnKqstImuAGiwHDiwVBiwhAuvGyGuQx7t$wzr$wkp^wAvpwArrqBtslCvtGDvt0FvtWFtsRGrrRGupRGBnWFAm0FylGDyllCylqBAmwABnwAvp" /><g i="43" c="1330" p="#^Bwjs%1ANrfAMsWAitBBPtOCPt7EPtPEjtgFZsgFpsgF0s0FLrLEwrSDjrIzoqByEp3xBo3xJm3x1loyUjJzLiwCLiaFLitGDjMHukgIbm%1FNmPE0meEDlFDdlACdldBdlEABlfASlfAhmfAFmAAVm2BfnNDTnxGuoDHopIIjqIIXrIIJtcH0vJFiwOCiw9AiwCydv3x8uBwjs" /><g i="44" c="1331" p="#^GK1j%6O1j%6Oul6O_mRNRnANIoTMnpNLqqwJOq%wJ$v%kG$v%kG2uOEiw0Ciw9ziway6uJx3tJxer%Jx1j%9B1j%9B_o9ByrlBksuBVs1CitxCGtiDGt9EGtSEctzFJsPF$r4Ggr4Guo%4G1j%wJ1j%wJppcL3pUL7ojMznlMtm%GKtm^_C6gGD1gTDZfxEPfyEpfyE7fcEWeHDFezCFebCFeqBIe%hBsdLBmd2DndyEndvFSdyGneAGhfDGzgmERg%mEsh%_Csh%_C6g" /><g i="45" c="1332" p="#^GJ$v%uG$v%uG5uHFcvCELvxDiwrCiwcAiwCyvu1xHs1xtp1xamzytk6ALiuCLiEELieGyk%eG5e%GJ5e^yAepyAjr5BfsXBBtqDBtBEBtqFBsfGArfGzpfGknrFmmEEnlnDnlaCnlmBlmyAjnyAep" /><g i="46" c="1333" p="#^jG$v%jG2uBF5vrEIviDiw0CiwIAiwGzJvEy8vay6uJx3tJxer%Jx1j%9B1j%9B_o9BJrlBksxBXs0CjtwCGthDGt9EGtREbtyFIsOF_r3Ggr3Guo%3G1j%vJ1j%vJ$v^CBVA%CBtx%2Ftx%2FVA" /><g i="47" c="1334" p="#^mB$v%7w1j%Jz1j%bCEp%TCSraD0rfDKqqDbqCDEp%3G1j%BJ1j%sE$v" /><g i="48" c="1335" p="%^Nx$vNxzsdBzsdB$v" /><g i="49" c="1336" p="%^Qx$vQx5e4L5e4L7hrB7hrB5lpK5lpK7orB7orBZsqLZsqL$v^PEAcuDvd4BvdJDVbVFVbzIvd9Gvd^lDubQEv9FIv9wFub" /><g i="50" c="1337" p="%^ZN$v1K$vtIXrjBXrQz$v$v$vYC5eOG5e^jHVoPEgipCVo^zDtcfFP84JP8KFtc" /><g i="51" c="1338" p="%^oC$v$v5eVz5erElrPI5eFM5egG$v" /><g i="52" c="1339" p="#^5x9n5xqkVxziwychzz6gDA0fUBvezDOdKFOdIJOd4MfgsOIisO4nsOpr5MStKJjwOFjwOBjwrzTt5xrr5x9n^PA1nPA4qdCFrDDdtNFdtYHdtlJFrKK5qKK_mKKVjnJpi0IUgNFUgyDUgaCqiPAYjPA1n^JFAc%pEvd%$Bvd%EEVb%QGVb%uJvd%4Hvd^gEub%LFv9%AJv9%rGub" /><g i="53" c="1340" p="#^Qx5e%pE5eFG5eRHreqJWeyK7gGLkheM2jPMLkPMgnPMtpaMfryL1tkKcuoJ5vPHCvCG$vBE$v%Qx$v%Qxbo%Zvbo%ZvWl%QxWl^rB7h%rBWl%gFWl%gFbo%rBbo%rBZs%8EZsWFZsJGGsMHisjIkr5JYp5J7n5J6lMI0krIWiPHfibHAhaGjhoF7h3D7h" /><g i="54" c="1341" p="%^ZN$v1K$vtIXrjBXrQz$v$v$vYC5eOG5e^jHVoPEgipCVo^REAcwDvd6BvdLDVbXFVbBIvdbGvd^iGub8Eub1Bv9SEv9" /><g i="55" c="1342" p="#^iN5e%KQ5e%KQygKQ3itQWicQMjvPrknOwl2MTl%2Mvn2MFqLL2stLmtGKiuXIjw7FjwUAjw9zauoydt8ybsOxFqOxEn%Ox5e%pB5e%pBNnpB7qxBNq1Cdt0FdtUHdtgI1rrI7qrI$n%rI5e%2M5e%2MukPN8kwOcjXOEiZOxh%iNxh" /><g i="56" c="1343" p="#^Ox5e%pB5e%pBNnpB5qxBNqMBTrECyswDdt1FdtzGdtlHBs7IYrhI2rsI7qsI$n%sI5e%3M5e%3Mvn3MJqML3stLotGKjuUJdvAIMvgHjw8FjwACjwfBJvWz7v9zauoydt8ybsOxEqOxEn^dE4cVE$b6FXbMFNbNFnbNF6brFVaWEEaODEaqDEaFCHa%wCr9_Cl9hEm9NFm9KGR9NHlaPHgbSHxcBFPc%BFqd%dEqd%dE4c" /><g i="57" c="1344" p="#^Vwaq%qAQpKABrIBrsGCgtkEgt3GgtYGxsRHNrRHNqRH9qtHJp5Hgp9GXoxFIogD9omAqnbznmyxVkyxNiyxphjydg5z1fyAqe$BOd3EOdrHOd8JhfRKLgXKdj%kHnj5H_hkGohzFNg1ENgsCNgzBqh$ARh$Axi$AajxBDjdCckREQkuHrlLI6m0KMmKKWnsL4psLNqsLjsBKFtKJ$uaIFvCGjwhEjwUAjw3zLufxatVwaq" /><g i="58" c="1345" p="#^PA1nPA_pdCFryDdtNFdt0IdtlJFrKK0qKK_mKK_jnJoi4IUgNFUguDUgaCqiPA0kPA1n^UN5e%kR5e%kRygkR3i3RWiOQMj5QrkpP5lmOvlsOfmsO3nsOnr5MRtLJjwOFjwNBjwrzSt5xpr5x9n5xFiAz6gQBOdKFOdIJOd4MegvNKh4OWjvPgjzPxh%UNxh^3F4cLF$bYFXbCGNbDGnbDG6bhGVaMFEaEEEagEEavDHa%mDr9QDl97Fm9DGm9AHR9DIlaFIgbIIxcrGPc%rGqd%3Fqd%3F4c" /><g i="59" c="1346" p="#^iN5e%KQ5e%KQygKQ3itQWicQMjvPrknOwl2MTl%2Mvn2MFqLL2stLmtGKiuXIjw7FjwUAjw9zauoydt8ybsOxFqOxEn%Ox5e%pB5e%pBNnpB7qxBNq1Cdt0FdtUHdtgI1rrI7qrI$n%rI5e%2M5e%2MukPN8kwOcjXOEiZOxh%iNxh^gCtc%IAtcHAbcHA1cHALajB4aXBo9VCo9lDo9IDu93Ez91F$9$FqayGqaXGqacHbatHX9yHn9%8Jn97J0bwIKbVHrcZGrcyGrc8GlcSFgcKERbDDqb6DqbJCqbvCFbhCUbgCtc" /><g i="60" c="1347" p="#^iN5e%KQ5e%KQygKQ3itQWicQMjvPrknOwl2MTl%2Mvn2MFqLL2stLmtGKiuXIjw7FjwUAjw9zauoydt8ybsOxFqOxEn%Ox5e%pB5e%pBNnpB7qxBNq1Cdt0FdtUHdtgI1rrI7qrI$n%rI5e%2M5e%2MukPN8kwOcjXOEiZOxh%iNxh^dE4cVE$b6FXbMFNbNFnbNF6brFVaWEEaODEaqDEaFCHa%wCr9_Cl9hEm9NFm9KGR9NHlaPHgbSHxcBFPc%BFqd%dEqd%dE4c" /><g i="61" c="1348" p="#^Ox5e%pB5e%pBNnpB5qxBNqMBTrECyswDdt1FdtzGdtlHBs7IYrhI2rsI7qsI$n%sI5e%3M5e%3Mvn3MJqML3stLotGKjuUJdvAIMvgHjw8FjwACjwfBJvWz7v9zauoydt8ybsOxEqOxEn^hDVA%hDtx%JGtx%JGVA" /><g i="62" c="1349" p="%^ND$vNDpsswpsswppdE1e6H1e6HppkJppkJps6Hps6H$v^NDppNDijGzpp" /><g i="63" c="1350" p="%^SF$vqC$vqC3j#xAQk_xGl_xzi#kz6iVAUg#uCFf3D1eSF1e" /><g i="64" c="1351" p="#^$wkp$wDnQx1mGyqkdABjMBLiGDLiCGLiuIFknKzmnKupnKqstImuAGiwHDiwVBiwhAuvGyGuQx7t$wzr$wkp^wAvpwArrqBtslCvtGDvt0FvtWFtsRGrrRGupRGBnWFAm0FylGDyllCylqBAmwABnwAvp^6Clh%ODHd%DHHd%hElh" /><g i="65" c="1352" p="#^mA$m%fxrmMxyk2zFjkALiSCLi9FLihGhjpHPjSHFkkIvlkIKn%hIKrhIrtrIfuCI3v3J$v%GF$vxFFvkF_ufFGudFAukErvkDTvkCiwbBiwbziw1ycvUw6uUwssUwmrpxvqXxEpTybpQzJoCBno0EXnYEyn%YEcnYEcmsEOlZDnlCCnlIBnlbBKlGA5mmA$m^YENphE$pSCjqrBCq_AUqkAnrkA5skAPsSAltoBTtdCTt9DTt$DgtCEOsPE7sYEHrYEsq^6znh%FBOd%QEOd%mHnh%BEnh%9Dzf%TBnh^CB8d%bDI9%0HI9%ND8d" /><g i="66" c="1353" p="#^Ix1j%VA1j%VAWkwBYjACmjEDLiXELibHLiMIwklKhmlKrplKHsLIvuaHiwVEiwRDiwZCTv5Crv8Bou%8BXA%IxXA^5Bip5BurYBxsQCAt3EAtgFAt3GDsSGFrSGtpSGqn1GrmdFsl$DslLCslWBqm5Bon5Bip" /><g i="67" c="1354" p="#^FIPs%FI$v%Dw$vPwbuNxAsMyYqFBhoZD6mvElldFhkdFfjdF5iBEuh_DTgUCTgPBTgaBwhyA9isAGj%1xkjkxugXygfyA1eZC1eDF1e8HsfFITgFI$iFIdkdIjlNHomRGBndGooAETpYCmrwCSr5ClsQBPs" /><g i="68" c="1355" p="%^rytmry1jTB1jTBtm^ry$vryzsTBzsTB$v" /><g i="69" c="1356" p="#^vDgB%8BgBgzryhypvjxmsjxwpjx_lwyQizz5gbBOd%xDOdRBuhdB4kBAGmBAApBABrYAHtkBNv_BHxpCWyvDgB" /><g i="70" c="1357" p="#^RwgBRx4zfyWxGyMw1zfvozKtzznsKz0rKzApKzGm6z4kuyuhPwOd%8zOd_Aqg$Bmj1Dim1Djp1DTrdCOujB4ydzgB" /><g i="71" c="1358" p="#^Xwfr%gASqqA7s6BOsPBttOCttSDttAEFsjFRrjFuqjFbpCEroVDGnVCGnfCGnlBWn%JB7l6D9lRDwkBETjBEPiBEVh2EnhvDRgCCRgJBRg5BshtA3ilAej%bxHiwx3hay5gRy7f1AAedB1eIC1eeF1eMGEf1IYg1ICi1IZksFmm_GImVHSnQI$oQIDqQI_s5HFunFjwPCjwoAjwNyWubxwtXwfr" /><g i="72" c="1359" p="#^$zlmGyNl3yOktxPjtxEitxEgSylffA1ePC1enF1eNGlfcIEgcIEicIUjyHSkVGQlKFlmdHXm$H5oNIepNIKqNIctbHMuCFjw_CjwyAjwWy1v0xwt0xTq0xqpKxdosy$m$zlm^JATiJAVjiBukTB3lQC3lPD3loEuk_EUj_ETi_EVhoEkhPDLgTCLgTBLgiBlhJAWhJATi^oAyqoAYr6BLsRBytWCyt_DytHENsoF0soFAqoFkpGEAoZDPnTCPnDBPn$AGooAxpoAyq" /><g i="73" c="1360" p="#^GK1j%6O1j%6Oul6O_mRNRnANIoTMnpNLqqwJOq%wJ$v%kG$v%kG2uOEiw0Ciw9ziway6uJx3tJxer%Jx1j%9B1j%9B_o9ByrlBksuBVs1CitxCGtiDGt9EGtSEctzFJsPF$r4Ggr4Guo%4G1j%wJ1j%wJppcL3pUL7ojMznlMtm%GKtm" /><g i="74" c="1361" p="#^wAvpwAnrqBtsiCvtHDvt4FvtXFtsSGnrSGupSGEnXFzm4FylHDyliCylqBzmwAFnwAvp^lK1j%NN1j%NNulNN$mwNSnfNJoyMopJLbqjKEq$JPsuIluAGiwIDiwSBiwiAuvFyDuQx5t$wzr$wkp$wAnQx1mJypkeAAjMBLiGDLiCGLivIEkbKnmmKXoYLho0Mtm%lKtm" /><g i="75" c="1362" p="#^$wkp$wDnQx1mGyqkdABjMBLiGDLiCGLiuIFknKzmnKupnKqstImuAGiwHDiwVBiwhAuvGyGuQx7t$wzr$wkp^wAvpwArrqBtslCvtGDvt0FvtWFtsRGrrRGupRGBnWFAm0FylGDyllCylqBAmwABnwAvp^Dzlh%aCMd%lFMd%THlh%6Flh%HDxf%oClh^RBVA%RBtx%hFtx%hFVA" /><g i="76" c="1363" p="#^$wkp$wDnQx1mGyqkdABjMBLiGDLiCGLiuIFknKzmnKupnKqstImuAGiwHDiwVBiwhAuvGyGuQx7t$wzr$wkp^wAvpwArrqBtslCvtGDvt0FvtWFtsRGrrRGupRGBnWFAm0FylGDyllCylqBAmwABnwAvp^Dznh%aCOd%lFOd%THnh%6Fnh%HDzf%oCnh^7C8d%IDI9%xHI9%iE8d" /><g i="77" c="1364" p="#^Ex$v%Ex5e%4B5e%4BykFCLiQELibHLiKItkiKamiKnpiKIsIIvu7HiwTEiwMDiwGCKvBBavQA5u%QA$v^2Bep2BfrGBdszCBt2EBtaFBtZFDsNGErNGzpNGknZFmm9FnlVDnlGCnlSBkm2Bhn2Bep" /><g i="78" c="1365" p="#^mA$m%fxrmMxyk2zFjkALiSCLi9FLihGhjpHPjSHFkkIvlkIKn%hIKrhIrtrIfuCI3v3J$v%GF$vxFFvkF_ufFGudFAukErvkDTvkCiwbBiwbziw1ycvUw6uUwssUwmrpxvqXxEpTybpQzJoCBno0EXnYEyn%YEcnYEcmsEOlZDnlCCnlIBnlbBKlGA5mmA$m^YENphE$pSCjqrBCq_AUqkAnrkA5skAPsSAltoBTtdCTt9DTt$DgtCEOsPE7sYEHrYEsq^bC6gTC1g4DZfKDPfLDpfLD7fpDWeUCFeMBFeoBFeDAIe%uAsdYAmdfCndLDndIESdLFneNFhfQFzgzDRg%zDsh%bCsh%bC6g" /><g i="79" c="1366" p="#^mA$m%fxrmMxyk2zFjkALiSCLi9FLihGhjpHPjSHFkkIvlkIKn%hIKrhIrtrIfuCI3v3J$v%GF$vxFFvkF_ufFGudFAukErvkDTvkCiwbBiwbziw1ycvUw6uUwssUwmrpxvqXxEpTybpQzJoCBno0EXnYEyn%YEcnYEcmsEOlZDnlCCnlIBnlbBKlGA5mmA$m^YENphE$pSCjqrBCq_AUqkAnrkA5skAPsSAltoBTtdCTt9DTt$DgtCEOsPE7sYEHrYEsq^lFNd%0HNdSGrfRFogQElhdDlhBBlhAAogzzrfqzNd%5BNdaBEeHB5fdCyfdDyfcEyfJE5ffFEelFNd" /><g i="80" c="1367" p="#^eGFh%xCFh%xCnf%eGnf%eG5e%GJ5e%GJnf%0Lnf%0LFh%GJFh%GJ$v%uG$v%uG5uHFcvCELvxDiwrCiwcAiwCyvu1xHs1xtp1xamzytk6ALiuCLiEELieGyk^yAepyAjr5BfsXBBtqDBtBEBtqFBsfGArfGzpfGknrFmmEEnlnDnlaCnlmBlmyAjnyAep" /><g i="81" c="1368" p="#^mA$m%fxrmMxyk2zFjkALiSCLi9FLihGhjpHPjSHFkkIvlkIKn%hIKrhIrtrIfuCI3v3J$v%GF$vxFFvkF_ufFGudFAukErvkDTvkCiwbBiwbziw1ycvUw6uUwssUwmrpxvqXxEpTybpQzJoCBno0EXnYEyn%YEcnYEcmsEOlZDnlCCnlIBnlbBKlGA5mmA$m^YENphE$pSCjqrBCq_AUqkAnrkA5skAPsSAltoBTtdCTt9DTt$DgtCEOsPE7sYEHrYEsq^6znh%FBOd%QEOd%mHnh%BEnh%9Dzf%TBnh^TE8d%JC8d%mzI9%bDI9" /><g i="82" c="1369" p="#^jG$v%jG2uBF5vrEIviDiw0CiwIAiwGzJvEy8vay6uJx3tJxer%Jx1j%9B1j%9B_o9BJrlBksxBXs0CjtwCGthDGt9EGtREbtyFIsOF_r3Ggr3Guo%3G1j%vJ1j%vJ$v^_C6gGD1gTDZfxEPfyEpfyE7fcEWeHDFezCFebCFeqBIe%hBsdLBmd2DndyEndvFSdyGneAGhfDGzgmERg%mEsh%_Csh%_C6g" /><g i="83" c="1370" p="#^mA$m%fxrmMxyk2zFjkALiSCLi9FLihGhjpHPjSHFkkIvlkIKn%hIKrhIrtrIfuCI3v3J$v%GF$vxFFvkF_ufFGudFAukErvkDTvkCiwbBiwbziw1ycvUw6uUwssUwmrpxvqXxEpTybpQzJoCBno0EXnYEyn%YEcnYEcmsEOlZDnlCCnlIBnlbBKlGA5mmA$m^YENphE$pSCjqrBCq_AUqkAnrkA5skAPsSAltoBTtdCTt9DTt$DgtCEOsPE7sYEHrYEsq" /><g i="84" c="1371" p="#^wAvpwAnrqBtsiCvtHDvt4FvtXFtsSGnrSGupSGEnXFzm4FylHDyliCylqBzmwAFnwAvp^lK1j%NN1j%NNulNN$mwNSnfNJoyMopJLbqjKEq$JPsuIluAGiwIDiwSBiwiAuvFyDuQx5t$wzr$wkp$wAnQx1mJypkeAAjMBLiGDLiCGLivIEkbKnmmKXoYLho0Mtm%lKtm^$C6gHD1gUDZfyEPfzEpfzE7fdEWeIDFeACFecCFerBIe%iBsdMBmd3DndzEndwFSdzGneBGhfEGzgnERg%nEsh%$Csh%$C6g" /><g i="85" c="1372" p="#^GK1j%6O1j%6Oul6O_mRNRnANIoTMnpNLqqwJOq%wJ$v%kG$v%kG2uOEiw0Ciw9ziway6uJx3tJxer%Jx1j%9B1j%9B_o9ByrlBksuBVs1CitxCGtiDGt9EGtSEctzFJsPF$r4Ggr4Guo%4G1j%wJ1j%wJppcL3pUL7ojMznlMtm%GKtm^VAlh%lzlhkz3hkzVgkzDfYzYeAAgeyBge_BgelCmeICreGDTeEEifbFifAFifRF3f6GPebGfe%NHfeMHUf9HCgyGjhCFjhbFjhNEdhvE8hnDJggCigLBiglBig7BxgWAMgVAlh" /><g i="86" c="1373" p="%^pxerpxOn8EOn8Eer" /><g i="87" c="1374" p="#^4B$v%Ex$v%Ex1j%QA1j%QASkEBzjiC9jYCLiNDLiYELi2Goj%ZEnm6EQlnDQlECQl8CdmEBCmmBFn4BHo4B_r" /><g i="88" c="1375" p="#^wAvpwAnrqBtsiCvtHDvt4FvtXFtsSGnrSGupSGEnXFzm4FylHDyliCylqBzmwAFnwAvp^lK1j%NN1j%NNulNN$mwNSnfNJoyMopJLbqjKEq$JPsuIluAGiwIDiwSBiwiAuvFyDuQx5t$wzr$wkp$wAnQx1mJypkeAAjMBLiGDLiCGLivIEkbKnmmKXoYLho0Mtm%lKtm^YFlh%ODlh%rAHd%gEHd" /><g i="89" c="1376" p="#^wAvpwAnrqBtsiCvtHDvt4FvtXFtsSGnrSGupSGEnXFzm4FylHDyliCylqBzmwAFnwAvp^lK1j%NN1j%NNulNN$mwNSnfNJoyMopJLbqjKEq$JPsuIluAGiwIDiwSBiwiAuvFyDuQx5t$wzr$wkp$wAnQx1mJypkeAAjMBLiGDLiCGLivIEkbKnmmKXoYLho0Mtm%lKtm^RBVA%RBtx%hFtx%hFVA" /><g i="90" c="1377" p="#^$wkp$wDnQx1mGyqkdABjMBLiGDLiCGLiuIFknKzmnKupnKqstImuAGiwHDiwVBiwhAuvGyGuQx7t$wzr$wkp^wAvpwArrqBtslCvtGDvt0FvtWFtsRGrrRGupRGBnWFAm0FylGDyllCylqBAmwABnwAvp^Dzlh%aCMd%lFMd%THlh%6Flh%HDxf%oClh" /><g i="91" c="1378" p="#^$wkp$wDnQx1mGyqkdABjMBLiGDLiCGLiuIFknKzmnKupnKqstImuAGiwHDiwVBiwhAuvGyGuQx7t$wzr$wkp^wAvpwArrqBtslCvtGDvt0FvtWFtsRGrrRGupRGBnWFAm0FylGDyllCylqBAmwABnwAvp^Dznh%aCOd%lFOd%THnh%6Fnh%HDzf%oCnh^ZC4cFD$bSDXbwENbxEnbxE6bbEVaGDEayCEaaCEapBHa%gBr9KBl91Dm9xEm9uFR9xGlazGgbCGxclEPc%lEqd%ZCqd%ZC4c" /><g i="92" c="1379" p="#^GK1j%6O1j%6Oul6O_mRNRnANIoTMnpNLqqwJOq%wJ$v%kG$v%kG2uOEiw0Ciw9ziway6uJx3tJxer%Jx1j%9B1j%9B_o9ByrlBksuBVs1CitxCGtiDGt9EGtSEctzFJsPF$r4Ggr4Guo%4G1j%wJ1j%wJppcL3pUL7ojMznlMtm%GKtm^QFlh%GDlh%jAHd%8EHd" /><g i="93" c="1380" p="#^mA$m%fxrmMxyk2zFjkALiSCLi9FLihGhjpHPjSHFkkIvlkIKn%hIKrhIrtrIfuCI3v3J$v%GF$vxFFvkF_ufFGudFAukErvkDTvkCiwbBiwbziw1ycvUw6uUwssUwmrpxvqXxEpTybpQzJoCBno0EXnYEyn%YEcnYEcmsEOlZDnlCCnlIBnlbBKlGA5mmA$m^YENphE$pSCjqrBCq_AUqkAnrkA5skAPsSAltoBTtdCTt9DTt$DgtCEOsPE7sYEHrYEsq^lFNd%0HNdSGrfRFogQElhdDlhBBlhAAogzzrfqzNd%5BNdaBEeHB5fdCyfdDyfcEyfJE5ffFEelFNd^LAVA%LAtx%bEtx%bEVA" /><g i="94" c="1381" p="%^Qx$vQx5e4L5e4L7hrB7hrB5lpK5lpK7orB7orBZsqLZsqL$v^BAtc8DU8jGU8RItc4GtcFEFamDtc" /><g i="95" c="1382" p="%^ZN$v1K$vtIXrjBXrQz$v$v$vYC5eOG5e^jHVoPEgipCVo^bDVAbDtxDGtxDGVA" /><g i="96" c="1383" p="%^Ox$vOx5eeB5eeB$v" /><g i="97" c="1384" p="#^mA$m%fxrmMxyk2zFjkALiSCLi9FLihGhjpHPjSHFkkIvlkIKn%hIKrhIrtrIfuCI3v3J$v%GF$vxFFvkF_ufFGudFAukErvkDTvkCiwbBiwbziw1ycvUw6uUwssUwmrpxvqXxEpTybpQzJoCBno0EXnYEyn%YEcnYEcmsEOlZDnlCCnlIBnlbBKlGA5mmA$m^YENphE$pSCjqrBCq_AUqkAnrkA5skAPsSAltoBTtdCTt9DTt$DgtCEOsPE7sYEHrYEsq^LAVA%LAtx%bEtx%bEVA" /><g i="98" c="1385" p="%^XvOqXveoSJeoSJOq" /><g i="99" c="1386" p="#^dMKtyNHu6Pfv%MNOxYMyxaM7x$L1xNJxv0IjwTFjwMBjwqzTt5xrr5x1n5xFiqzegMBOdNFOdMJOd5MegrOFirO1nrOnpNN7riNtsdMKt^jJIr0KTqmKJpJKzoJK2nJKYjlJqiZHUgMFUgyDUgaCqiPAYjPA2nPAbqaCLryDjtFFjtrGjt7H2t1GksVEXr%VFTpHHuqjJIr" /><g i="100" c="1387" p="#^wC$v%wCso%Xv5e%bA5e%qEal%yI5e%HM5e%7Guo%7G$v^1Ctc%tAtcsAbcsA1csALa4B4aIBo9GCo96Do9tDu9QDz9OE$9MFqajGqaIGqaZGbaeHX9jHn9%VIn9UI0bhIKbGHrcKGrcjGrcVFlcDFgcvERboDqbTCqbtCqbfCFb2CUb1Ctc" /><g i="101" c="1388" p="#^Qx$v%Qx5e%qF5ehI5eAJAeUK2fGLhgsMwhsM6jsM7lgLrm4KLnKH5oVINoFJCpqKqqJLvs%VN$v%AJ$v%ZG5sAF0q3FtpzEWo_DKopDxo9Cxo%rBxo%rB$v^rBGl%6EGlIGGllHsl$HdlmIHkKI9kKIljKIrifIUhMHkhUGahrG7hfE7h%rB7h" /><g i="102" c="1389" p="#^Qx$v%Qx5e%4L5e%4L7h%rB7h%rB5l%pK5l%pK7o%rB7o%rBZs%qLZs%qL$v^PEAc%uDvd%4Bvd%JDVb%VFVb%zIvd%9Gvd^jEYaNEWa$ETaCFKaDFxaDFnaiFgaQE7aOD7aID7alDaa_CcaLCda%CCq92Dm9fEn9sHn9wHdayH2bsFkb%sFub%jEub%jEYa" /><g i="103" c="1390" p="%^Ox$vOx1jeB1jeB$v^dxlhVyHdKCHdozlh" /><g i="104" c="1391" p="#^PA1nPA_pdCFryDdtNFdt0IdtlJFrKK0qKK_mKK_jnJoi4IUgNFUguDUgaCqiPA0kPA1n^UN5e%kR5e%kRygkR3i3RWiOQMj5QrkpP5lmOvlsOfmsO3nsOnr5MRtLJjwOFjwNBjwrzSt5xpr5x9n5xFiAz6gQBOdKFOdIJOd4MegvNKh4OWjvPgjzPxh%UNxh^WDVA%WDtx%mHtx%mHVA" /><g i="105" c="1392" p="%^$v$vbCGmzw5eOA5ekErjTH5e3M5esGFmDM$vgI$vjEWpkA$v" /><g i="106" c="1393" p="%^OxghOx5eeB5eeBgh^Ox$vOx1jeB1jeB$v^OxVAOxtxeBtxeBVA" /><g i="107" c="1394" p="#^5x9n5xqkVxziwychzz6gDA0fUBvezDOdKFOdIJOd4MfgsOIisO4nsOpr5MStKJjwOFjwOBjwrzTt5xrr5x9n^PA1nPA4qdCFrDDdtNFdtYHdtlJFrKK5qKK_mKKVjnJpi0IUgNFUgyDUgaCqiPAYjPA1n^JFAc%pEvd%$Bvd%EEVb%QGVb%uJvd%4Hvd^bHub%1Fub%WBv9%LFv9" /><g i="108" c="1395" p="%^ZN$v1K$vtIXrjBXrQz$v$v$vYC5eOG5e^jHVoPEgipCVo^VAtcsDU8DGU89JtcoGtcZEFaGDtc" /><g i="109" c="1396" p="%^wC$vwCsoXv5ebA5eqEalyI5eHM5e7Guo7G$v" /><g i="110" c="1397" p="#^iN5e%KQ5e%KQygKQ3itQWicQMjvPrknOwl2MTl%2Mvn2MFqLL2stLmtGKiuXIjw7FjwUAjw9zauoydt8ybsOxFqOxEn%Ox5e%pB5e%pBNnpB7qxBNq1Cdt0FdtUHdtgI1rrI7qrI$n%rI5e%2M5e%2MukPN8kwOcjXOEiZOxh%iNxh^hDVA%hDtx%JGtx%JGVA" /><g i="111" c="1398" p="#^PA1nPA_pdCFryDdtNFdt0IdtlJFrKK0qKK_mKK_jnJoi4IUgNFUguDUgaCqiPA0kPA1n^UN5e%kR5e%kRygkR3i3RWiOQMj5QrkpP5lmOvlsOfmsO3nsOnr5MRtLJjwOFjwNBjwrzSt5xpr5x9n5xFiAz6gQBOdKFOdIJOd4MegvNKh4OWjvPgjzPxh%UNxh" /><g i="112" c="1399" p="%^Qx$vQx5e4L5e4L7hrB7hrB5lpK5lpK7orB7orBZsqLZsqL$v" /><g i="113" c="1400" p="#^Ox5e%pB5e%pBNnpB5qxBNqMBTrECyswDdt1FdtzGdtlHBs7IYrhI2rsI7qsI$n%sI5e%3M5e%3Mvn3MJqML3stLotGKjuUJdvAIMvgHjw8FjwACjwfBJvWz7v9zauoydt8ybsOxEqOxEn^SCtc%yEP8%nIP8%1Ftc" /><g i="114" c="1401" p="%^Ix$vIx5ejB5ejB$v^$BtcRztcuwP8jAP8" /><g i="115" c="1402" p="#^5x9n5xqkVxziwychzz6gDA0fUBvezDOdKFOdIJOd4MfgsOIisO4nsOpr5MStKJjwOFjwOBjwrzTt5xrr5x9n^PA1nPA4qdCFrDDdtNFdtYHdtlJFrKK5qKK_mKKVjnJpi0IUgNFUgyDUgaCqiPAYjPA1n^JFAc%pEvd%$Bvd%EEVb%QGVb%uJvd%4Hvd^aFYaEFWaSFTatGKauGxauGna9GgaHF7aFE7azE7acEaaRDcaCDda%tDq9VDm96Fn9jIn9nIdapI2bjGkb%jGub%aFub%aFYa" /><g i="116" c="1403" p="#^aw1j%Qz1j%VCes%YF1j%vJ1j%WEwv%6EMxFDVyeDvzQC5AiCtAMBRA_A2BdAgBfzgBfygBjx2B%$wmyOxxysyxyEzxydAPxOA6x5B1w^pAlh%RylhQy3hQyVgQyDfszYe4Age2BgeuBgeRBmecCreaDTe8EifHEif4FiflF3fCFPeHFfe%hHfegHUfFGCg2Gjh6FjhHEjhhEdh$D8hTCJgMBigfBigRAigDAxgqAMgpAlh" /><g i="117" c="1404" p="#^PA1nPA_pdCFryDdtNFdt0IdtlJFrKK0qKK_mKK_jnJoi4IUgNFUguDUgaCqiPA0kPA1n^UN5e%kR5e%kRygkR3i3RWiOQMj5QrkpP5lmOvlsOfmsO3nsOnr5MRtLJjwOFjwNBjwrzSt5xpr5x9n5xFiAz6gQBOdKFOdIJOd4MegvNKh4OWjvPgjzPxh%UNxh^ADtc%gFP8%5JP8%LFtc" /><g i="118" c="1405" p="#^ZN$v%1K$v%tIXr%jBXr%Qz$v%$v$v%YC5e%OG5e^jHVo%PEgi%pCVo^REAc%wDvd%6Bvd%LDVb%XFVb%BIvd%bGvd^LAubKAFaqB2a6Cr9dDr9ZDr9hFZ9dGgaEGgaoHgayHp9%WIp9RIsbwGsbLFsbvEVaqDza2DzagCza7Cub" /><g i="119" c="1406" p="#^mA$m%fxrmMxyk2zFjkALiSCLi9FLihGhjpHPjSHFkkIvlkIKn%hIKrhIrtrIfuCI3v3J$v%GF$vxFFvkF_ufFGudFAukErvkDTvkCiwbBiwbziw1ycvUw6uUwssUwmrpxvqXxEpTybpQzJoCBno0EXnYEyn%YEcnYEcmsEOlZDnlCCnlIBnlbBKlGA5mmA$m^YENphE$pSCjqrBCq_AUqkAnrkA5skAPsSAltoBTtdCTt9DTt$DgtCEOsPE7sYEHrYEsq^6zlh%FBMd%QEMd%mHlh%BElh%9Dxf%TBlh" /><g i="120" c="1407" p="#^$wkp$wDnQx1mGyqkdABjMBLiGDLiCGLiuIFknKzmnKupnKqstImuAGiwHDiwVBiwhAuvGyGuQx7t$wzr$wkp^wAvpwArrqBtslCvtGDvt0FvtWFtsRGrrRGupRGBnWFAm0FylGDyllCylqBAmwABnwAvp^_C6gGD1gTDZfxEPfyEpfyE7fcEWeHDFezCFebCFeqBIe%hBsdLBmd2DndyEndvFSdyGneAGhfDGzgmERg%mEsh%_Csh%_C6g" /><g i="121" c="1408" p="#^6xor%xA2rGAcsoBUs6Czt2Dzt7EztTEHsDFOrDF1qDFnoTEzn8EKmYCKmuBKmjA2o%xxEn%izke%mIke%mIxh%UBxh%lBzkvC$jHD$jZF$jzHGl9Jkn9J_p9JbsSHXt7Gjw0DjwxAjwZy_upxEt6xor" /><g i="122" c="1409" p="#^jG$v%jG2uBF5vrEIviDiw0CiwIAiwGzJvEy8vay6uJx3tJxer%Jx1j%9B1j%9B_o9BJrlBksxBXs0CjtwCGthDGt9EGtREbtyFIsOF_r3Ggr3Guo%3G1j%vJ1j%vJ$v^NBlh%tDHd%iHHd%YDlh" /><g i="123" c="1410" p="%^ZvjwpAOd_COdvyjw" /><g i="124" c="1411" p="%^7znreyhiey5eYB5eYBhi4Bnr^ny$vnyzsPBzsPB$v" /><g i="125" c="1412" p="%^Ix$vIx5ejB5ejB$v^OxVAOxtxeBtxeBVA" /></glyphs></font><font id="50" name="ArialBoldItalic Charset1 6NyW3lSmNPZ"><glyphs><g i="0" c="880" p="%^_w$vJA5eqE5eQCGl5L5e1Q5e_H6lUN$vKJ$viFtnQBvqGA$v" /><g i="1" c="881" p="#^xA$v%2x$v%NA5e%hE5e%YCtk7Eyj9F8jcGKioHKi_IKiVJEjQKxkQK0mPKNmsKqo%PI$v%kF$v%_GgogH0nhHFmhH0mSGDlsGelLFelSEel2ERlZCEmqCPn6CsoCBRq" /><g i="2" c="882" p="%^KA5eeE5eADgh4Agh^Iz1jcD1juA$v$w$v" /><g i="3" c="883" p="#" /><g i="4" c="886" p="#^TxDl%py1j%8A1j%zAZg%yEye%DD1j%MF1j%eFDl%5DDl%WB3rDBysDBLsDB9tTBot8CCtPCCt2DCt_Dxt%rD7wxCjwABjwJzjwTyBv1yTu1yBt1y$suyRq%CzDl" /><g i="5" c="887" p="#^NM1j%jQ1j%IPQlbPfo4Oep_Mdq4Khq%NI$v%vF$v%UFfuJDjwcBjwBzjwGypvLxuuLxXsLxes9ygq%Gz1j%bD1j%ABJqhB7shBrshB0tIBqt8CPtOCPtJDPtGE4tJFjsgG2rvGvqOGcp%cI1j%JL1j%sKFofMFoXMYnqNrnGNpm%2Mpm^hAtx%LDtx%1DRA%zzRA" /><g i="6" c="888" p="#^NF7r%bJGrlIXtHG7v2FjwTCjwoAjwXyQuvxltvxMqvxFonyNmfzUk0BPjOCKiVEKicHKizIXjXJ7l6K4n%NGrnFGlm6GRlzFklHEklGDklOC4mWBQmsBlo_ARp_A9r_AjsxBXs5CztXCztNDztyEYskFlsNF7r" /><g i="7" c="889" p="#^Lz1j%5D1j%LCJk$DEj5FbjbGKinHKi_IKiVJFjRKzkRK4mQKMmqKGo%QI$v%lF$v%WGEogH$mhHGmhH$lTGDluGelMFel_Eel1ETl5DwmxCAn8CloEBGq%xA$v%2x$v" /><g i="8" c="895" p="#^YBJm%xyqm6zHkzAJj1CKirEKiXGKi8IKjlJKklJbmlJNmeJrn7J5ovIVq$Hdt$H9u$H_uhI$v%TE$vGEhvDExuRDnvRCRvRBjwQAjwdzjwayfv7xbu7xxs7xGqgyzpqzrooCdoUE$nKFJnZF_mZFymZF_lwFCl3FelaEeleDelGCDl7C$lYBJm^hFXpYE0qrE5qOBpq_A0rqAsrqAcsqAPsSAftiBGt0CGtPCGtwDhtdEUszEisVEHraFoq^FFaf%vDlh%DAlh%fEGd%wHGd%0Jlh%BGlh^Pztx%hDtx%zCRA%5zRA" /><g i="9" c="896" p="#^uD$v%tA$v%Tx1j%jB1j%cCHoBCZqFCKrNCxrxD9qhENosEvo%GH1j%sL1j" /><g i="10" c="897" p="#^wxCqwx0nxzTkzBKiTEKiKHKilJjkZKUlZKzoZKJrYI0uXGjwzDjwKBjwjAAvUyRucyvtwx9swxCq^uH6ouHTmLG7m1GnlUEnlLDnlTC4m$BMmwB6o1Bsp1BAq1BZrNBOsxCCtGDCt6FCt5GnsuHDquH6o^ZFdf%PDoh%XAoh%zEJd%QHJd%kJoh%VGoh^TGI9%CKI9%TGad%zEad" /><g i="11" c="898" p="#^PwHw%xAdxxANxIA3yUAmyiBzyIBMypCMyADMyhEjyPEZx8FdxlFKwGF8v%OFxuUD2wSB2wZz2wLyIuxxmtxxMqxxuomyAmbzGkHAIjbCKiLDKi1FKi5GqjaH5kMHjl%cI1j%uL1j%rJStTIrwuIyx6IGyCHkz6H_zlGqABFTAzE3BxDgBkCgBAzgBayjANwnzNwbxNwYwPwHw^YAqqYAUrCBGsgCstgDstcEst4FLsYF2spGMqTGupTGioTGVm6G4mmFelmEelqDelDC_lRBJmkBgoYAtpYAqq" /><g i="12" c="899" p="#^wxCqwx0nxzTkzBKiTEKiKHKilJjkZKUlZKzoZKJrYI0uXGjwzDjwKBjwjAAvUyRucyvtwx9swxCq^uH6ouHTmLG7m1GnlUEnlLDnlTC4m$BMmwB6o1Bsp1BAq1BZrNBOsxCCtGDCt6FCt5GnsuHDquH6o^FFGd%oJGd%qFlh%6Dlh" /><g i="13" c="907" p="#^Bz1j%VC1j%ECmkIDujDE6jyFKiCGKiEIKiTJ8k7Lxl7Ljo7LQr_Ieu8HjwEEjw3CjwLAdu%lzXA%SvXA^HBsqHB_rqCQs9DGtaEGt1FGtQF2tEGpsaHYqJHupJHeoJHNm0H0mjGeleFeleEelpDYlBCFm8C2oHBqpHBsq" /><g i="14" c="909" p="#^Qz1j%kD1j%BBJqhB5shBrshB$sFBpt1CPtCCPt1DPtrDDtRDrtgE3tIEHs2FdsoFKrHFYqUFnq9Gcp%zH1j%2L1j%6I$v%RE$v%dFhueDjwVAjwrzjwByovLxtuLxWsLxfsbyfq^jFXf2GSfeGOfWGAf2H6f5HQeOGEekGmedFmeREme3Epe%aE9dFE3dXF4dqH4dmIAd8J_d8JKe8JrfwI$fNHEgxGOg%qGph%2Fph%jFXf" /><g i="15" c="930" p="#^YBJm%xyqm6zHkzAJj1CKirEKiXGKi8IKjlJKklJbmlJNmeJrn7J5ovIVq$Hdt$H9u$H_uhI$v%TE$vGEhvDExuRDnvRCRvRBjwQAjwdzjwayfv7xbu7xxs7xGqgyzpqzrooCdoUE$nKFJnZF_mZFymZF_lwFCl3FelaEeleDelGCDl7C$lYBJm^hFXpYE0qrE5qOBpq_A0rqAsrqAcsqAPsSAftiBGt0CGtPCGtwDhtdEUszEisVEHraFoq" /><g i="16" c="975" p="#^YBJm%xyqm6zHkzAJj1CKirEKiXGKi8IKjlJKklJbmlJNmeJrn7J5ovIVq$Hdt$H9u$H_uhI$v%TE$vGEhvDExuRDnvRCRvRBjwQAjwdzjwayfv7xbu7xxs7xGqgyzpqzrooCdoUE$nKFJnZF_mZFymZF_lwFCl3FelaEeleDelGCDl7C$lYBJm^hFXpYE0qrE5qOBpq_A0rqAsrqAcsqAPsSAftiBGt0CGtPCGtwDhtdEUszEisVEHraFoq^eFGd%ZIGd%$Elh%HClh" /><g i="17" c="1300" p="#^ywns%XzRrnAVs2BmtJBPtUCPt4EPtOEgtjFVsjFnsjF0s2FKrNEtrBD4rqA1qFzqpuytouyWmuyolDzhkdBKinEKiTGKi9IFjsJzkOJ7m%zGHmiGZlJFDlXE9lRD9lKC9lfCwlNBTlNBmmNBRmgC9nzCmneERnOGBoFHjpUIkqUILrUIBtkHYuNFjwZCjw9AjwDyhv5xeuywns" /><g i="18" c="1301" p="#^uH6ouHTmMG7m2GnlUEnlwCnlwB6o1Bsp1BAq1BXrMBNswCCtGDCt6FCt5GnsuHDquH6o^YL2j%uP2j%TOQl0O$pOKhqoKmsYI0uXGjwzDjwFzjwbyvtwx9swxCqwx1nxzUkzBKiTEKiKHKilJikZKSlZKzo%ZKDorMcoRMqm%eLqm^IEXfrFSfDFOfjGAfrG6fuGQebGEeJFmeCEmeeEmesDpe%zD9d2E3dkF4dPG4dLHAdxI_dxIKexIrfVH$faHEgWFOg%PFph%rEph%IEXf" /><g i="19" c="1302" p="#^NM1j%jQ1j%IPQlbPfo4Oep_Mdq4Khq%NI$v%vF$v%UFfuJDjwcBjwBzjwGypvLxuuLxXsLxes9ygq%Gz1j%bD1j%ABJqhB7shBrshB0tIBqt8CPtOCPtJDPtGE4tJFjsgG2rvGvqOGcp%cI1j%JL1j%sKFofMFoXMYnqNrnGNpm%2Mpm^_Dlh%sClhNCRfdDffUDpeSEpevFpe7H$e4IlfrIlfJIlfVIaf6J_ehJoe%RKoeCKTfVJBgdJjhnIjhQHjhCGQgpFlg4FlgIElgqEzg9EMg_Dlh" /><g i="20" c="1303" p="#^Qz1j%kD1j%BBJqhB5shBrshB$sFBpt1CPtCCPt1DPtrDDtRDrtgE3tIEHs2FdsoFKrHFYqUFnq9Gcp%zH1j%2L1j%6I$v%RE$v%dFhueDjwVAjwrzjwByovLxtuLxWsLxfsbyfq" /><g i="21" c="1304" p="%^NxDsjBDsJApv#dAPx6zPy#$xQzfwTzBwfy#tx2yYxyx#ry2xGy$v3x$v" /><g i="22" c="1305" p="%^tA2jWD2jdDqmMzqm^tyDsXBDseB$vMx$v" /><g i="23" c="1310" p="#^_JAp%IN7qCM7trKKugIkwlFkw3CkwdAlunymsnyBonyylCz0jRAug1D8feFOdQHOdKKOdwMmfjOVgEOBj%6LXjPKmiZJGh8JZgLHZgeGZgVEVhBDQiOCOk0CMm0CKo0CUq1D4s3EftBFft0HftcIksoJor_JAp" /><g i="24" c="1311" p="#^YBJm%xyqm6zHkzAJj1CKirEKiXGKi8IKjlJKklJbmlJNmeJrn7J5ovIVq$Hdt$H9u$H_uhI$v%TE$vGEhvDExuRDnvRCRvRBjwQAjwdzjwayfv7xbu7xxs7xGqgyzpqzrooCdoUE$nKFJnZF_mZFymZF_lwFCl3FelaEeleDelGCDl7C$lYBJm^hFXpYE0qrE5qOBpq_A0rqAsrqAcsqAPsSAftiBGt0CGtPCGtwDhtdEUszEisVEHraFoq^FFaf%vDlh%DAlh%fEGd%wHGd%0Jlh%BGlh" /><g i="25" c="1312" p="#^YyKl%CzCi6EDgBG$d%KI$d%YE$v%rB$v%1ECjXCjkvBVk4AulYyKl" /><g i="26" c="1313" p="#^$z$v%ev$v%8DZm%Hy5e%xC5e%iEmhnEyhvFNjzFVjFF6k7Hki8Ich%XK5e%BP5e%pHun%PL$v%FH$v%hGntcFjrSEqqoE6rrCit" /><g i="27" c="1314" p="#^EIwh%wEwh%_Elf%8Jlf%oJ5e%UM5e%DMlf%bOlf%JNwh%8Mwh%ZI$v%FF$v%XFAu_Evv3EVv9Djw_Bjw_zjwKyXuuxztuxTquxLnfzfl1BKiZDKiCGKiWHOk^UAJqUA6sBBUsjCGtlDGtjEGt8F0t_FmsuG1r_GHp_Gso_G2ndGbmsFklsEklUCklUB1nUAKoUAJq" /><g i="28" c="1315" p="%^KA5eeE5eADgh4Agh^Iz1jcD1juA$v$w$v^Fwtx7AtxpzRAXvRA" /><g i="29" c="1316" p="#^Qz1j%kD1j%BBJqhB5shBrshB$sFBpt1CPtCCPt1DPtrDDtRDrtgE3tIEHs2FdsoFKrHFYqUFnq9Gcp%zH1j%2L1j%6I$v%RE$v%dFhueDjwVAjwrzjwByovLxtuLxWsLxfsbyfq^oGGd%7KGd%9Glh%RDlh" /><g i="30" c="1317" p="#^YBJm%xyqm6zHkzAJj1CKirEKiXGKi8IKjlJKklJbmlJNmeJrn7J5ovIVq$Hdt$H9u$H_uhI$v%TE$vGEhvDExuRDnvRCRvRBjwQAjwdzjwayfv7xbu7xxs7xGqgyzpqzrooCdoUE$nKFJnZF_mZFymZF_lwFCl3FelaEeleDelGCDl7C$lYBJm^hFXpYE0qrE5qOBpq_A0rqAsrqAcsqAPsSAftiBGt0CGtPCGtwDhtdEUszEisVEHraFoq^FFdf%vDoh%DAoh%fEJd%wHJd%0Joh%BGoh^zGI9%iKI9%zGad%fEad" /><g i="31" c="1318" p="#^yExr%oBxrDBUpoCHoaDunvFtltHLjPHcjaIFiaI8iaInhzHTgZGngKFngnEngvD7hECShhCvj%4zXiHzygtBaffDOdOFOdsIOdXJ7frLrgrLhirLmjOKrk9KvlkHRnyFlp7FXpJEwqyExr^1BDs%vEDs%OD$v%kA$v" /><g i="32" c="1319" p="#^BCGj%az9jAzFg5BlfDC0eVE0epH0eQInfgKJggKPigKTjPJYknJ0mnIbnFH0o0GxpoE2rSDCrkDasRCOs%2JOs%oI$v%wx$vGxGuhyutUyisNzgrHAeq5DYnVEdmnFHleGKkyG2kTGljTGNiTGThkGkhOFMg_EMg9EMgxDohVC$hBCGj" /><g i="33" c="1320" p="#^gxjr%DAWqQAlsmBVsVBstPCst0EstOEEsBFQrBFzqBFtpYEQojEboeDboZCboHCeo%iDjltDllEDll2FllNFDkwGVjwGGiwGPh0GjhwFPgJEPgZDPgmDnhMCWhqCgj%dzDiQzFgVABfzC0eZE0eqH0eIIof$JMg$JGi$J3kaJblmIjmWGRm3IrnBIoo8Jlp8Joq8JnsKH1uPFjwNCjwwAjw2z0vAxItgxjr" /><g i="34" c="1321" p="%^JDlsGwlshxpp_G6e_J6eDHmpQJmpcJls$GlseG$vYC$v^lEmpvFOjNAmp" /><g i="35" c="1322" p="#^BxTq%0BAq$APq$AXq$AbsyBPs6Crt_CrteErtfFfsgG2rgGYogGInHF4n6Frm9ErmuDrmRCLmcC3nCBJn%Kyun%sBle%rKle%NJyh%RDyh%0DikxD3k2EYjzERj3FRj6HRjqIdlLJBmLJWoLJMqQIAsVHnugGlvDEjwQCjwyAjw4zRuCxmtBxTq" /></glyphs></font><font id="60" name="Symbol Charset1 6hRh8GGvYus"><glyphs><g i="0" c="256" p="#^dGXodGNqVE5sBDptLBptVzptBy5shxNqhxXohx5nByOlVzukLBukBDukVEOldG5ndGXo" /><g i="1" c="257" p="#" /></glyphs></font><font id="70" name="Wingdings Charset1 5oWZlXKbATK"><glyphs><g i="0" c="256" p="%^6yAq6yljlFljlFAq" /><g i="1" c="257" p="#" /></glyphs></font><font id="80" name="ArialBold Charset238 5d47Ybwc4Dt"><glyphs><g i="0" c="880" p="#^Qx5e%pE5eFG5eRHreqJWeyK7gGLkheM2jPMLkPMgnPMtpaMfryL1tkKcuoJ5vPHCvCG$vBE$v%Qx$v%Qxbo%Zvbo%ZvWl%QxWl^rB7h%rBWl%gFWl%gFbo%rBbo%rBZs%8EZsWFZsJGGsMHisjIkr5JYp5J7n5J6lMI0krIWiPHfibHAhaGjhoF7h3D7h" /></glyphs></font><font id="90" name="ArticulateBold Charset1 6BNh9fkrR7g"><glyphs><g i="0" c="256" p="#^TDnh%OBnh%TDJd%iHJd^nG$v%nGeu%kGeuDF5vzEIvwDiw3CiwXAiw6AWvhzxvLySueybuZxftJxjsJxbr%Jx6j%4B6j%4BYp4BGq7BmraB1soBysDB2t3CntvCHtfDHt2EHtCEltaF_swFosTFNr1G_qcGaqcGip%cG6j%zJ6j%zJ$v" /><g i="1" c="257" p="#^cG$v%cG_ocGdo7Gzn2GUmOFqmyFXl6FHlGEqlZDql4DqlwCSlYBimEBYmkBBncBko4B3p4BEp%4B$v%Jx$v%Jx6j%UA6j%UASk%XASkdBskBB5kZBKjtCsjZC9jCD_igEPi7FPipHPiuIdkzJClzJYn%zJ$v" /><g i="2" c="258" p="#^cGmpcGxo0GPnRF5nvFzmaF1mDEKl5EqloDqlUBql8BzmpAHnpArppAbqAAUqMAAr7B8svBIs0C2tyCotfDotDEotpFmscGjrcGmp^zJMuzJ9wdJoxTIEy4IzziHuA_F0BHEyBLCyBtByBoAjBjz5BiyFA%zyOxWy$xozbySznynAyyUAKypBQyWBXylCXy$CXyLDLywEAy5F0yHFpxXFvwcGBvcGXt%8GXtAFWutEtvnD$v8C$vJA$vKztvLyXu6y3utxatbx_rVwNqVwtpVwjodx7nxxXlbyZkRy$jTzpjWAPinCPicDPiQD_isE9jVEsjnFKjIF6k2GukiGSk%mGSk%mG6j%zJ6j%zJMu" /><g i="3" c="259" p="#^MI1rMIlsiIktQHjuZGZu6GCvUEYvGDiwaCiwVAiwUz6wUyXvJxCv%2yts8z1t6Ait5Byt$BytyCyt5DptFDgt5E_syEHsQEhs6FSr6Fjr6FtqxEZpZDsp7D4phCIogBlogA_nqzpnAyPm0yVlsx$ksxxjsx9iWx9hoy9gdzwf2ASe9ByehCeeyDeeFEeeIFoeLGxeKHSe%pHKhIGphMFchQE_gVD_g9D_gCCbh4CnhKBJhpB2ifBui6BWi6Bnj6B9kGBDkeC4l4DrlWDNlWE8mXFvmNG6nDHInbIEoMIzpMI1r" /><g i="4" c="260" p="#^LD2qaC2q8Byq6A1r6Ads6AVsBAnt4BRtcCRtNCRtjDFtRDtthE1tNExs1FRrhF9rhF2q^AF$vwFBvuF9vsFJuqF3u%nF3ucFruQEQutEdvXDyvqDTvNC4w8CiwsBiwyAiwJz1wUyMvgyhvExOugx4uVwmtVwtsVw3rtxcq2ylpZySoVzmo4BcofC2oqD2o%hF2ohFumyETlQDglqCglyBglxAylwzQloyFm%iyNjbznjlA5jvBPiRCPiLFPi1H5kkInlkI9okIbpkIUpkIzqkI5rlICrmI2snItsnIXsoIEtqIhusIWuwI$v" /><g i="5" c="261" p="%^Ox$vOx6j9B6j9B$v^OxMgOxzd9Bzd9BMg" /></glyphs></font><font id="a0" name="Arial Charset238 640O54M7OU0"><glyphs><g i="0" c="880" p="#^Wx$v%WxSn%YvSn%Yvfm%Wxfm%Wx5e%4E5e9G5efHleOIIeTJDfiLQg$LHiIMykIMXmIMGpQLFrZKDtLJwuyIpvZGNv6G$vmE$v^iAUt%6EUtUFUtTGztTHdttIEsjJOrNJnqgKYogKWmgKPkNJzjjJiizIyhPHNgTGvgYFcg2Ecg%iAcg%iAfm%dFfm%dFSn%iASn" /><g i="1" c="881" p="#^4G7h%IB7h%IBvf%VFvf%VF5e%6I5e%6Ivf%TJvf%TJ7h%6I7h%6I$v%4G$v%4GmuQEiwrCiwUAiwAzrvhyAuzx2tSwwrSwwpSwAnwx$laypkuzAjOAKirCKiDDKiyEejuFJj4Gvk^7zwp7z$raAftdBuuECuu5Euu5Fjt6G7s6GIp6G1n4FOl2EykyCyk4Byk5ALl7zXm7zwp" /></glyphs></font><font id="b0" name="Articulate Charset1 5vzJsPfEwem"><glyphs><g i="0" c="256" p="#^ZCth%iBth%wDSd%fGSd^AFWpdFWpNEVplETpZDTp4DTphC0qvB8qVArqkAKq_zcrFzFrFzhsFzKsRz7t2AwtnAOtIA4u7BeuyBou0Cou4DouMD2usEItREdtfFJspF9sAFBrAF8r^QF$v%QFlu%NFluxFHu9F2vOEoviEGvODXvaD6wyCiwOBiwWAiw5A6whzWvCytvYx0vyxfu9xut9xls9x5rLxhqlytpez_o8AuobBjofC7o7D7o8E7oGE8ocF8oAFaoyFBntF0noFqm4FXlMErl8E8lwDRkqCRk8BRkaAhldzJlJy8m%By8kWyYjkzLjKzxjgAljOA9jrB2j5CXiUCXilEXiiFkjgGIjRGpkqH6lGH5mXH3nXHeo%XHetXHHtXHquXH8v1I$v" /><g i="1" c="257" p="#^EHxpEHknIG5mNFRk7ERk6DRkoCilGBKldBqmNA6nzAZnmAPomABpmArqAAirOA8sfBQsIBwtpCYt7Dou6EouTEouxF1ubGFtEG0t6HmsnHtrEHAqEHxp^8Kop8KNqOJ1ssJhtNIeu6Ibv3HLv1GiwDEiw$Ciw_BKv_A9vpAeu%mAeu%mAfB%$xfB%$xej%fAej%fA1l%iA1lRAckYBAj4DXiAEXiYFXi$Gsj3IYjLIQkrJIlNJUm8K3o8Kop" /><g i="2" c="258" p="#" /><g i="3" c="259" p="#^WG$v%WGopWGPnGGVmqG_lZFxlBF9l5F$kBERkbERkaDRkrCflJBElfBmmNA3nzA1omA_omA6q%mA$v%$x$v%$xej%gAej%gAfl%jAflOAhkVBCj0DXisEXiYGXi6IlkhJLlhJoo%hJ$v" /><g i="4" c="260" p="#^FDth%$Bth%dESd%YGSd^$G$v%$GZt%YGZtLGounGPu$FdvtFzvYEUvgE5wADiwMCiwlAiwazTu$xrt$xPq%$xej%mAej%mAHpmAxqpA9rsANrAAgsIALsUA6t5BstnBKtIB3uaCeuECou8DouXEouWF0tWGDrWG7p%WGej%hJej%hJ$v" /><g i="5" c="261" p="#^WGKpWGNoHGVntG0n$FlmyFFlREfl8ERkdDRkjCRkFBhl$AJlyAom5A3nTzVnFzKoFzzpFzwqUzlr8A9sCANs4BotKBLtoC5ubD5u$D5uGELtlFptRFRslGgsDGtrWGFqWGKp^hJwvhJhxKIrybICzgHiAmG_A9FgBZDyBFCyBkByBfAhBbz1B6yFA%myuy_yLywzZy3AbzAAkz6BuzGBzzeCEzVCEzNDEzwEmzgF4zNFxyjG_xCG9xWGlwWGdv%WG0u%SG0udGUu6Fsv0E$vDC$v7B$v4Aqv2zRunyXtJx0trxVr9xNq9xHp9xCotxqnNxemtyel9zekeABjkBXiTCXivDXi5E1jIE7jfFnjOFDjfG3kIGuk2H7l%5H7l%5Hej%hJej%hJwv" /><g i="6" c="262" p="%^uz$vuzcthCcthC$v^YB4rOz4ruzxehCxe" /><g i="7" c="263" p="#^KG5rKGrpBFLosE2okC2o%AA2o%AAYt%yCYtqDYtbEQtYEHtwFnt4G2tpGvsKGXrKG5r^rG7jrGsiaGZhWFthtFah1FTgqEKgQDAg9DAg%AAAg%AA$l%YB$lWC$lLDVlAEPlaFwlNFdl6GFkrG4krG7j^oJhroJps0JitFIauSHMu3HmvMFHvuE$vDC$v%4y$v%4yxe%LCxepExeAFQeLG7fvHIffIhgBI5hXIVhXIXiXINkWHKlWGHmkF4n%kF7ncHjniIqooJxpoJhr" /><g i="8" c="264" p="#^AFWpdFWpNEVplETpZDTp4DTphC0qvB8qVArqkAKq_zcrFzFrFzhsFzKsRz7t2AwtnAOtIA4u7BeuyBou0Cou4DouMD2usEItREdtfFJspF9sAFBrAF8r^QF$v%QFlu%NFluxFHu9F2vOEoviEGvODXvaD6wyCiwOBiwWAiw5A6whzWvCytvYx0vyxfu9xut9xls9x5rLxhqlytpez_o8AuobBjofC7o7D7o8E7oGE8ocF8oAFaoyFBntF0noFqm4FXlMErl8E8lwDRkqCRk8BRkaAhldzJlJy8m%By8kWyYjkzLjKzxjgAljOA9jrB2j5CXiUCXilEXiiFkjgGIjRGpkqH6lGH5mXH3nXHeo%XHetXHHtXHquXH8v1I$v" /><g i="9" c="265" p="#^cHxe$GOfrGAgTFlhTElhlElhRDahlD_gSCMgnCxgTBmgoBbgWAbgqAbg8AygTzVgTzlh%HylhJy1hRyzgZy4gezDfvzafXzSenAxe2BxewBxe1CIeyCTe1D6fwDkf$DwfvEHfYEHfVFHf2Gxe%cHxe^AFWpdFWpNEVplETpZDTp4DTphC0qvB8qVArqkAKq_zcrFzFrFzhsFzKsRz7t2AwtnAOtIA4u7BeuyBou0Cou4DouMD2usEItREdtfFJspF9sAFBrAF8r^QF$v%QFlu%NFluxFHu9F2vOEoviEGvODXvaD6wyCiwOBiwWAiw5A6whzWvCytvYx0vyxfu9xut9xls9x5rLxhqlytpez_o8AuobBjofC7o7D7o8E7oGE8ocF8oAFaoyFBntF0noFqm4FXlMErl8E8lwDRkqCRk8BRkaAhldzJlJy8m%By8kWyYjkzLjKzxjgAljOA9jrB2j5CXiUCXilEXiiFkjgGIjRGpkqH6lGH5mXH3nXHeo%XHetXHHtXHquXH8v1I$v" /><g i="10" c="266" p="#^pGMvLF3wZEawcEiwsDiw1CiwRANvGzgvOynuWxttrxfsYw0rYwBpYweoox0nQxNlFyUkvz_jJAtjYBXivDXi8EXiUE4jFFcjiGrj%5GolLERkADRkDCRkSBel5BClyAgm0AVmKzNnszEoszApszkqFzbrTz1snALsTAstGBWttCouGDousEou1FbuDF_tdGHt%pGMv" /><g i="11" c="267" p="#^WG$v%WGjpWGSnGGYmrG1mXFxlyF8l2F$kzERkbERkaDRkrCflJBElfBmmNA3nzA1omA_omA6q%mA$v%$x$v%$xed%mAed%mA3l%pA3lDAIkZAkkkBYjQBEjkCkj_C8jFDXitEXiYGXi6IlkhJLlhJoo%hJ$v" /><g i="12" c="268" p="#^EHApEHHomHQn4HYmAGim4GElkFflAERkFDRkICRkYBfldBElIAimcAYmWzQnFzHoFzApFzrqUzir7A9sCARs5BxtRBZtCCouFDouGEouqFZtbGxtGGRs9H9soHjrEHsqEHAp^8KBp8K0rFJesbJrtjIlusHevgGMv4FiwFDiwaCiw_AMvOzdvXyju4yotCxas9xXq9xzp9x9oCxYm4yKlWyRkNzYjZAsjaCXiFDXi7FXikGsjxHYjmIRkcJKlGJZm8Kbo8KBp" /><g i="13" c="269" p="%^4y$v4yctTActTA$v" /><g i="14" c="270" p="%^cEKgcE$vIB$vIBKggwKggwxeDJxeDJKg" /><g i="15" c="271" p="%^iy$viyejFAejFA$v^9yog9yKdPAKdPAog" /><g i="16" c="272" p="#^AEth%WC0f%iBth%jzth%OBSd%4ESd%AGth^fGoofGKn3G5nTFsmtFYl3FsltE9lUDRk4DRk2CRkoBglLAHlnAhm$zSmQztnGz3oFzoo%fGoo^Fz8qFz4r_zSrkAEsUActtBMteC4u$CouTDoutEou3FguFF8uaGXtIGKt6HxtxHjtNH6t%NHrv1HNv2G1w4FiwJDiwdCiw$ATvOzrvXyBu4yKtCxrs9x8r9xpp9xXnAxKm0yxlPyIkDzSjJApjQBXiaDXiJEXiNFtjRG$jvHZkaIXlsIgnLIAoLI8q" /><g i="17" c="273" p="#^ZEXvDE3w3EawvDiwWCiw7CiwqB5wJAVvbAtvGz1vmzku2zCt2zxs%2z8l%9w8l%9wej%2zej%2zhg%pBxf%pBej%NEej%NE8l%pB8l%pB3spBusvBVsBBjtRBFt5C_ttCbuRCouqDoufEouZEXt%ZEXv" /><g i="18" c="274" p="#^$G$v%$GZt%YGZtLGounGPu$FdvtFzvYEUvgE5wADiwMCiwlAiwazTu$xrt$xPq%$xej%mAej%mAHpmAxqpA9rsANrAAgsIALsUA6t5BstnBKtIB3uaCeuECou8DouXEouWF0tWGDrWG7p%WGej%hJej%hJ$v" /><g i="19" c="275" p="%^3G$vmArpmA$v$x$v$xedmAedmApouFejHIejLCUorJ$v" /><g i="20" c="276" p="#^gFth%DD0f%$Bth%0Ath%vCSd%MESd%hHth^EHApEHHomHQn4HYmAGim4GElkFflAERkFDRkICRkYBfldBElIAimcAYmWzQnFzHoFzApFzrqUzir7A9sCARs5BxtRBZtCCouFDouGEouqFZtbGxtGGRs9H9soHjrEHsqEHAp^8KBp8K0rFJesbJrtjIlusHevgGMv4FiwFDiwaCiw_AMvOzdvXyju4yotCxas9xXq9xzp9x9oCxYm4yKlWyRkNzYjZAsjaCXiFDXi7FXikGsjxHYjmIRkcJKlGJZm8Kbo8KBp" /></glyphs></font><font id="c0" name="Arial Charset163 5jLrjcyE9SS"><glyphs><g i="0" c="880" p="%^smZzsmtxYotxYoZz" /><g i="1" c="881" p="%^0tI9YvI98t7dnr7d" /></glyphs></font></bwFonts>