<?xml version="1.0" encoding="utf-8"?><bwFrame xmlns:xsi="http://www.w3.org/2001/XMLSchema-instance" xmlns:xsd="http://www.w3.org/2001/XMLSchema" default_layout="pxnsnfns1111000101" textdirection="ltr" device="true" fontscale="100" kbshortcuts="false" skip_nav_enabled="true" outputtype="undefined"><layouts><layout name="npnxsnfns1111000101" font="Open Sans" controllayout="npnxsnfns1111000101" colorscheme="pxnsnfns1111000101" string_table="pxnsnfns1111000101" /><layout name="pxnsnfns1111000101" font="Open Sans" controllayout="pxnsnfns1111000101" colorscheme="pxnsnfns1111000101" string_table="pxnsnfns1111000101" /><layout name="npxnsnfns1111000101" font="Open Sans" controllayout="npxnsnfns1111000101" colorscheme="pxnsnfns1111000101" string_table="pxnsnfns1111000101" /><layout name="npnxnsnfns1111000101" font="Open Sans" controllayout="npnxnsnfns1111000101" colorscheme="pxnsnfns1111000101" string_table="pxnsnfns1111000101" /><layout name="pxnsnfns1111000100" font="Open Sans" controllayout="pxnsnfns1111000100" colorscheme="pxnsnfns1111000101" string_table="pxnsnfns1111000101" /></layouts><control_options><optiongroups><optiongroup name="sidebaroptions"><options><option name="title_enabled" value="true"><options><option name="title_text" value="BÀI 4 KẾ TOÁN VỐN ĐẦU TƯ CỦA CSH, CÁC NGUỒN VỐN CSH VÀ QUỸ CỦA DN" /></options></option><option name="logo_enabled" value="true"><options><option name="logo_url" value="story_content/logo.swf"><properties><property name="width" value="211" /><property name="height" value="175" /></properties></option><option name="html5_logo_url" value="mobile/5in02gboso5.jpg" /></options></option><option name="sidebar_enabled" value="true"><options><option name="sidebarpos" value="left" /></options></option><optionlist name="tabs"><listitems><listitem name="resources" value="false" group="linkright" /><listitem name="outline" value="true" group="sidebar" /><listitem name="glossary" value="false" group="sidebar" /><listitem name="transcript" value="false" group="sidebar" /></listitems></optionlist><option name="time_enabled" value="false"><options><option name="time_format" value="totalelapsed" /></options></option><option name="video_enabled" value="false"><options><option name="height" value="135" /></options></option></options></optiongroup><optiongroup name="menuoptions"><options><option name="flow" value="free" /><option name="wraplistitems" value="false" /><option name="tooltips" value="true" /><option name="autocollapse" value="true" /><option name="autonumber" value="false" /><option name="enableresultsicons" value="true" /></options></optiongroup><optiongroup name="controls"><options><option name="volume" value="true" /><option name="seekbar" value="true"><options><option name="readonly" value="false" /></options></option><option name="search" value="false" /><option name="pauseplay" value="true" /><option name="replay" value="true" /></options></optiongroup><optiongroup name="bottombaroptions"><options><option name="bottombar_enabled" value="true" /></options></optiongroup></optiongroups></control_options><control_layouts><control_layout name="npnxsnfns1111000101"><control name="volume" enabled="true" /><control name="seekbar" enabled="true" /><control name="replay" enabled="true" /><control name="pauseplay" enabled="true" /><control name="logo" enabled="true" /><control name="previous" enabled="false" /><control name="next" enabled="false" /><control name="submit" enabled="true" /><control name="finish" enabled="false" /><control name="submitall" enabled="false" /><control name="resources" enabled="false" /><control name="glossary" enabled="false" /><control name="transcript" enabled="false" /><control name="outline" enabled="true"><controls><control name="search" enabled="false" /></controls></control><control name="close_btn" enabled="true" /></control_layout><control_layout name="pxnsnfns1111000101"><control name="volume" enabled="true" /><control name="seekbar" enabled="true" /><control name="replay" enabled="true" /><control name="pauseplay" enabled="true" /><control name="logo" enabled="true" /><control name="previous" enabled="true" /><control name="next" enabled="true" /><control name="submit" enabled="false" /><control name="finish" enabled="false" /><control name="submitall" enabled="false" /><control name="resources" enabled="false" /><control name="glossary" enabled="false" /><control name="transcript" enabled="false" /><control name="outline" enabled="true"><controls><control name="search" enabled="false" /></controls></control><control name="close_btn" enabled="true" /></control_layout><control_layout name="npxnsnfns1111000101"><control name="volume" enabled="true" /><control name="seekbar" enabled="true" /><control name="replay" enabled="true" /><control name="pauseplay" enabled="true" /><control name="logo" enabled="true" /><control name="previous" enabled="false" /><control name="next" enabled="true" /><control name="submit" enabled="false" /><control name="finish" enabled="false" /><control name="submitall" enabled="false" /><control name="resources" enabled="false" /><control name="glossary" enabled="false" /><control name="transcript" enabled="false" /><control name="outline" enabled="true"><controls><control name="search" enabled="false" /></controls></control><control name="close_btn" enabled="true" /></control_layout><control_layout name="npnxnsnfns1111000101"><control name="volume" enabled="true" /><control name="seekbar" enabled="true" /><control name="replay" enabled="true" /><control name="pauseplay" enabled="true" /><control name="logo" enabled="true" /><control name="previous" enabled="false" /><control name="next" enabled="false" /><control name="submit" enabled="false" /><control name="finish" enabled="false" /><control name="submitall" enabled="false" /><control name="resources" enabled="false" /><control name="glossary" enabled="false" /><control name="transcript" enabled="false" /><control name="outline" enabled="true"><controls><control name="search" enabled="false" /></controls></control><control name="close_btn" enabled="true" /></control_layout><control_layout name="pxnsnfns1111000100"><control name="volume" enabled="true" /><control name="seekbar" enabled="true" /><control name="replay" enabled="true" /><control name="pauseplay" enabled="true" /><control name="logo" enabled="true" /><control name="previous" enabled="true" /><control name="next" enabled="true" /><control name="submit" enabled="false" /><control name="finish" enabled="false" /><control name="submitall" enabled="false" /><control name="resources" enabled="false" /><control name="glossary" enabled="false" /><control name="transcript" enabled="false" /><control name="outline" enabled="true"><controls><control name="search" enabled="false" /></controls></control><control name="close_btn" enabled="false" /></control_layout></control_layouts><colorschemes><colorscheme name="pxnsnfns1111000101"><color_group name="infopanel"><group_colors><color name="link_text"><fill type="linear" rotation="90"><colors><color rgb="0x7C2280" alpha="100" stop="0" /></colors></fill></color><color name="link_hover"><fill type="linear" rotation="90"><colors><color rgb="0x0000EE" alpha="100" stop="0" /></colors></fill></color><color name="shadow"><fill type="linear" rotation="90"><colors><color rgb="0x6DA1CE" alpha="100" stop="0" /></colors></fill></color><color name="bg"><fill type="linear" rotation="90"><colors><color rgb="0xFFFFFF" alpha="100" stop="0" /></colors></fill></color><color name="name_text"><fill type="linear" rotation="90"><colors><color rgb="0x444444" alpha="100" stop="0" /></colors></fill></color><color name="title_text"><fill type="linear" rotation="90"><colors><color rgb="0x999999" alpha="100" stop="0" /></colors></fill></color></group_colors></color_group><color_group name="infopanelpopup"><group_colors><color name="link_text"><fill type="linear" rotation="90"><colors><color rgb="0x000295" alpha="100" stop="0" /></colors></fill></color><color name="link_hover"><fill type="linear" rotation="90"><colors><color rgb="0xE2EEF8" alpha="100" stop="0" /></colors></fill></color><color name="bg"><fill type="linear" rotation="90"><colors><color rgb="0xD1E3F2" alpha="100" stop="0" /><color rgb="0x9BC3E3" alpha="100" stop="255" /></colors></fill></color><color name="shadow"><fill type="linear" rotation="90"><colors><color rgb="0xB8B8B8" alpha="100" stop="0" /></colors></fill></color><color name="name_text"><fill type="linear" rotation="90"><colors><color rgb="0x125EAC" alpha="100" stop="0" /></colors></fill></color><color name="bio_text"><fill type="linear" rotation="90"><colors><color rgb="0x5189D8" alpha="100" stop="0" /></colors></fill></color></group_colors></color_group><color_group name="timer"><group_colors><color name="duration"><fill type="linear" rotation="90"><colors><color rgb="0x00D7FF" alpha="100" stop="0" /><color rgb="0x00ABFF" alpha="100" stop="255" /></colors></fill></color><color name="elapsed"><fill type="linear" rotation="90"><colors><color rgb="0xFEE347" alpha="100" stop="0" /><color rgb="0xFCCC2A" alpha="100" stop="255" /></colors></fill></color><color name="stroke"><fill type="linear" rotation="90"><colors><color rgb="0xC7C7C7" alpha="100" stop="0" /></colors></fill></color><color name="inner"><fill type="linear" rotation="90"><colors><color rgb="0xFFFFFF" alpha="100" stop="0" /></colors></fill></color><color name="text"><fill type="linear" rotation="90"><colors><color rgb="0x0B5295" alpha="100" stop="0" /></colors></fill></color></group_colors></color_group><color_group name="window"><group_colors><color name="text"><fill type="linear" rotation="90"><colors><color rgb="0x0B5295" alpha="100" stop="0" /></colors></fill></color><color name="inner"><fill type="linear" rotation="90"><colors><color rgb="0xD1E3F2" alpha="100" stop="0" /><color rgb="0x9BC3E3" alpha="100" stop="255" /></colors></fill></color><color name="bg"><fill type="linear" rotation="90"><colors><color rgb="0xD6E6F3" alpha="100" stop="0" /></colors></fill></color><color name="diva"><fill type="linear" rotation="90"><colors><color rgb="0xFFFFFF" alpha="100" stop="0" /></colors></fill></color><color name="divb"><fill type="linear" rotation="90"><colors><color rgb="0x79A9D2" alpha="100" stop="0" /></colors></fill></color><color name="shadow"><fill type="linear" rotation="90"><colors><color rgb="0x000000" alpha="20" stop="0" /></colors></fill></color></group_colors></color_group><color_group name="editor"><group_colors><color name="slide_text"><fill type="linear" rotation="90"><colors><color rgb="0x0B5295" alpha="100" stop="0" /></colors></fill></color><color name="html_text"><fill type="linear" rotation="90"><colors><color rgb="0x0B5295" alpha="100" stop="0" /></colors></fill></color><color name="btn_text_shadow"><fill type="linear" rotation="90"><colors><color rgb="0xFFFFFF" alpha="100" stop="0" /></colors></fill></color><color name="btn_text"><fill type="linear" rotation="90"><colors><color rgb="0x336AA3" alpha="100" stop="0" /></colors></fill></color><color name="btn_border"><fill type="linear" rotation="90"><colors><color rgb="0x6DA1CE" alpha="100" stop="0" /></colors></fill></color><color name="btn_hover"><fill type="linear" rotation="90"><colors><color rgb="0xE2EEF8" alpha="100" stop="0" /><color rgb="0xABCCE7" alpha="100" stop="255" /></colors></fill></color><color name="btn_down"><fill type="linear" rotation="90"><colors><color rgb="0xB5D2EA" alpha="100" stop="0" /><color rgb="0xD8E8F5" alpha="100" stop="255" /></colors></fill></color><color name="btn_bg"><fill type="linear" rotation="90"><colors><color rgb="0xD8E8F5" alpha="100" stop="0" /><color rgb="0xB4D2EA" alpha="100" stop="255" /></colors></fill></color></group_colors></color_group><color_group name="listitem"><group_colors><color name="selected"><fill type="linear" rotation="90"><colors><color rgb="0x8DBEE5" alpha="100" stop="0" /></colors></fill></color><color name="selected_text"><fill type="linear" rotation="90"><colors><color rgb="0xFFFFFF" alpha="100" stop="0" /></colors></fill></color><color name="text"><fill type="linear" rotation="90"><colors><color rgb="0x0B5295" alpha="100" stop="0" /></colors></fill></color><color name="hover"><fill type="linear" rotation="90"><colors><color rgb="0xB0D2ED" alpha="100" stop="0" /></colors></fill></color><color name="viewed"><fill type="linear" rotation="90"><colors><color rgb="0x74A4DE" alpha="100" stop="0" /></colors></fill></color><color name="shadow"><fill type="linear" rotation="90"><colors><color rgb="0x6DA1CE" alpha="100" stop="0" /></colors></fill></color><color name="lines"><fill type="linear" rotation="90"><colors><color rgb="0x8CBCE5" alpha="100" stop="0" /></colors></fill></color></group_colors></color_group><color_group name="glossary"><group_colors><color name="selected_text"><fill type="linear" rotation="90"><colors><color rgb="0xFFFFFF" alpha="100" stop="0" /></colors></fill></color><color name="selected"><fill type="linear" rotation="90"><colors><color rgb="0x8DBEE5" alpha="100" stop="0" /></colors></fill></color><color name="text"><fill type="linear" rotation="90"><colors><color rgb="0x000295" alpha="100" stop="0" /></colors></fill></color><color name="hover"><fill type="linear" rotation="90"><colors><color rgb="0xB0D2ED" alpha="100" stop="0" /></colors></fill></color><color name="heading_text"><fill type="linear" rotation="90"><colors><color rgb="0x0B5295" alpha="100" stop="0" /></colors></fill></color><color name="diva"><fill type="linear" rotation="90"><colors><color rgb="0xACCFED" alpha="100" stop="0" /></colors></fill></color><color name="divb"><fill type="linear" rotation="90"><colors><color rgb="0xACCFED" alpha="100" stop="0" /></colors></fill></color><color name="divc"><fill type="linear" rotation="90"><colors><color rgb="0xE0EEF7" alpha="100" stop="0" /></colors></fill></color><color name="bg"><fill type="linear" rotation="90"><colors><color rgb="0xE0EDF6" alpha="100" stop="0" /></colors></fill></color></group_colors></color_group><color_group name="resource"><group_colors><color name="separator"><fill type="linear" rotation="90"><colors><color rgb="0x92C0E6" alpha="100" stop="0" /></colors></fill></color></group_colors></color_group><color_group name="outline"><group_colors><color name="search_hover"><fill type="linear" rotation="90"><colors><color rgb="0x125EAC" alpha="100" stop="0" /></colors></fill></color><color name="search_text"><fill type="linear" rotation="90"><colors><color rgb="0x5189D8" alpha="100" stop="0" /></colors></fill></color><color name="divc"><fill type="linear" rotation="90"><colors><color rgb="0xA0C8E9" alpha="100" stop="0" /></colors></fill></color><color name="divb"><fill type="linear" rotation="90"><colors><color rgb="0xD8E8F5" alpha="100" stop="0" /></colors></fill></color><color name="diva"><fill type="linear" rotation="90"><colors><color rgb="0xA0C8E9" alpha="100" stop="0" /></colors></fill></color></group_colors></color_group><color_group name="transcript"><group_colors><color name="heading_text"><fill type="linear" rotation="90"><colors><color rgb="0x0B5295" alpha="100" stop="0" /></colors></fill></color><color name="div"><fill type="linear" rotation="90"><colors><color rgb="0x92C0E6" alpha="100" stop="0" /></colors></fill></color></group_colors></color_group><color_group name="tabs"><group_colors><color name="shadow"><fill type="linear" rotation="90"><colors><color rgb="0xFCFDFE" alpha="100" stop="0" /></colors></fill></color><color name="hover"><fill type="linear" rotation="90"><colors><color rgb="0x0B5295" alpha="100" stop="0" /></colors></fill></color><color name="selected"><fill type="linear" rotation="90"><colors><color rgb="0x0B5295" alpha="100" stop="0" /></colors></fill></color><color name="text"><fill type="linear" rotation="90"><colors><color rgb="0x125EAC" alpha="100" stop="0" /></colors></fill></color><color name="bg"><fill type="linear" rotation="90"><colors><color rgb="0xCFE3F4" alpha="100" stop="0" /></colors></fill></color></group_colors></color_group><color_group name="seekcontrol"><group_colors><color name="btn_icon_hover"><fill type="linear" rotation="90"><colors><color rgb="0x336AA3" alpha="100" stop="0" /></colors></fill></color><color name="btn_icon_shadow"><fill type="linear" rotation="90"><colors><color rgb="0xFFFFFF" alpha="100" stop="0" /></colors></fill></color><color name="btn_icon_color"><fill type="linear" rotation="90"><colors><color rgb="0x336AA3" alpha="100" stop="0" /></colors></fill></color><color name="seek_position"><fill type="linear" rotation="90"><colors><color rgb="0xFFFFFF" alpha="100" stop="0" /></colors></fill></color><color name="seek_bg"><fill type="linear" rotation="90"><colors><color rgb="0x8ABAE1" alpha="100" stop="0" /></colors></fill></color><color name="seek_border"><fill type="linear" rotation="90"><colors><color rgb="0x7AA9D2" alpha="100" stop="0" /><color rgb="0xE7F1FA" alpha="100" stop="255" /></colors></fill></color><color name="border"><fill type="linear" rotation="90"><colors><color rgb="0x6DA1CE" alpha="100" stop="0" /></colors></fill></color><color name="bg"><fill type="linear" rotation="90"><colors><color rgb="0xD9E8F5" alpha="100" stop="0" /><color rgb="0xB4D3EA" alpha="100" stop="255" /></colors></fill></color></group_colors></color_group><color_group name="searchinput"><group_colors><color name="text_active"><fill type="linear" rotation="90"><colors><color rgb="0x2D2D2D" alpha="100" stop="0" /></colors></fill></color><color name="bg_active"><fill type="linear" rotation="90"><colors><color rgb="0xFFFFFF" alpha="100" stop="0" /></colors></fill></color><color name="search_text"><fill type="linear" rotation="90"><colors><color rgb="0x2D2D2D" alpha="100" stop="0" /></colors></fill></color><color name="hover_glow"><fill type="linear" rotation="90"><colors><color rgb="0xB1D1EA" alpha="0" stop="0" /></colors></fill></color><color name="button_hover"><fill type="linear" rotation="90"><colors><color rgb="0xD8E8F5" alpha="100" stop="0" /><color rgb="0xB4D2EA" alpha="100" stop="255" /></colors></fill></color><color name="icon"><fill type="linear" rotation="90"><colors><color rgb="0x336AA3" alpha="100" stop="0" /></colors></fill></color><color name="border"><fill type="linear" rotation="90"><colors><color rgb="0xC9DFF1" alpha="100" stop="0" /><color rgb="0x75A5D0" alpha="100" stop="255" /></colors></fill></color><color name="bg"><fill type="linear" rotation="90"><colors><color rgb="0xFFFFFF" alpha="100" stop="0" /></colors></fill></color></group_colors></color_group><color_group name="scrollarea"><group_colors><color name="detailb"><fill type="linear" rotation="90"><colors><color rgb="0xD1E3F2" alpha="100" stop="0" /></colors></fill></color><color name="detaila"><fill type="linear" rotation="90"><colors><color rgb="0x5A8BB9" alpha="100" stop="0" /></colors></fill></color><color name="shadow"><fill type="linear" rotation="90"><colors><color rgb="0x6CA1CE" alpha="100" stop="0" /></colors></fill></color><color name="icons"><fill type="linear" rotation="90"><colors><color rgb="0xFFFFFF" alpha="100" stop="0" /></colors></fill></color><color name="button_border"><fill type="linear" rotation="90"><colors><color rgb="0x6CA1CE" alpha="100" stop="0" /></colors></fill></color><color name="button_inner"><fill type="linear" rotation="90"><colors><color rgb="0xB2D1E9" alpha="100" stop="0" /><color rgb="0x9AC3E3" alpha="100" stop="255" /></colors></fill></color><color name="button_bg"><fill type="linear" rotation="90"><colors><color rgb="0xA8CAE7" alpha="100" stop="0" /><color rgb="0x91BEE0" alpha="100" stop="255" /></colors></fill></color><color name="border"><fill type="linear" rotation="90"><colors><color rgb="0xE1EEF8" alpha="100" stop="0" /><color rgb="0xE1EEF8" alpha="100" stop="255" /></colors></fill></color><color name="bg"><fill type="linear" rotation="0"><colors><color rgb="0xB1D0E9" alpha="100" stop="0" /><color rgb="0xB8D4EB" alpha="100" stop="128" /></colors></fill></color></group_colors></color_group><color_group name="menu"><group_colors><color name="shadow"><fill type="linear" rotation="90"><colors><color rgb="0x95C2E7" alpha="100" stop="0" /></colors></fill></color><color name="bg"><fill type="linear" rotation="90"><colors><color rgb="0xCFE3F4" alpha="100" stop="0" /></colors></fill></color></group_colors></color_group><color_group name="logo"><group_colors><color name="shadow"><fill type="linear" rotation="90"><colors><color rgb="0x6DA1CE" alpha="100" stop="0" /></colors></fill></color><color name="bg"><fill type="linear" rotation="90"><colors><color rgb="0xFFFFFF" alpha="100" stop="0" /></colors></fill></color></group_colors></color_group><color_group name="checkbox"><group_colors><color name="hover"><fill type="linear" rotation="90"><colors><color rgb="0xB1D1EA" alpha="100" stop="0" /></colors></fill></color><color name="text"><fill type="linear" rotation="90"><colors><color rgb="0xFFFFFF" alpha="100" stop="0" /></colors></fill></color><color name="check"><fill type="linear" rotation="90"><colors><color rgb="0x2BC400" alpha="100" stop="0" /></colors></fill></color><color name="bg"><fill type="linear" rotation="90"><colors><color rgb="0xFFFFFF" alpha="100" stop="0" /></colors></fill></color><color name="border"><fill type="linear" rotation="90"><colors><color rgb="0x6CA1CE" alpha="100" stop="0" /></colors></fill></color></group_colors></color_group><color_group name="button"><group_colors><color name="btn_icon_color"><fill type="linear" rotation="90"><colors><color rgb="0x336AA3" alpha="100" stop="0" /></colors></fill></color><color name="btn_text_shadow"><fill type="linear" rotation="90"><colors><color rgb="0xFFFFFF" alpha="100" stop="0" /></colors></fill></color><color name="btn_text"><fill type="linear" rotation="90"><colors><color rgb="0x336AA3" alpha="100" stop="0" /></colors></fill></color><color name="btn_border"><fill type="linear" rotation="90"><colors><color rgb="0x6DA1CE" alpha="100" stop="0" /></colors></fill></color><color name="btn_hover"><fill type="linear" rotation="90"><colors><color rgb="0xE2EEF8" alpha="100" stop="0" /><color rgb="0xABCCE7" alpha="100" stop="255" /></colors></fill></color><color name="btn_down"><fill type="linear" rotation="90"><colors><color rgb="0xB5D2EA" alpha="100" stop="0" /><color rgb="0xD8E8F5" alpha="100" stop="255" /></colors></fill></color><color name="btn_bg"><fill type="linear" rotation="90"><colors><color rgb="0xD8E8F5" alpha="100" stop="0" /><color rgb="0xB4D2EA" alpha="100" stop="255" /></colors></fill></color><color name="btn_glow"><fill type="linear" rotation="90"><colors><color rgb="0xA5C9E7" alpha="10" stop="0" /></colors></fill></color></group_colors></color_group><color_group name="base"><group_colors><color name="text"><fill type="linear" rotation="90"><colors><color rgb="0x0B5295" alpha="100" stop="0" /></colors></fill></color><color name="diva"><fill type="linear" rotation="90"><colors><color rgb="0x79A9D2" alpha="100" stop="0" /></colors></fill></color><color name="divb"><fill type="linear" rotation="90"><colors><color rgb="0xFFFFFF" alpha="100" stop="0" /></colors></fill></color><color name="menu_shade"><fill type="linear" rotation="90"><colors><color rgb="0xA7CCEB" alpha="100" stop="0" /><color rgb="0x8CBCE5" alpha="100" stop="255" /></colors></fill></color><color name="border"><fill type="linear" rotation="90"><colors><color rgb="0xD6E9F8" alpha="100" stop="0" /><color rgb="0xD6E9F8" alpha="100" stop="255" /></colors></fill></color><color name="bg"><fill type="linear" rotation="90"><colors><color rgb="0xD1E3F2" alpha="100" stop="0" /><color rgb="0x9BC3E3" alpha="100" stop="255" /></colors></fill></color><color name="slide_bg"><fill type="linear" rotation="90"><colors><color rgb="0xD1E3F2" alpha="100" stop="0" /><color rgb="0x9BC3E3" alpha="100" stop="255" /></colors></fill></color></group_colors></color_group><color_group name="volume"><group_colors><color name="thumb_border"><fill type="linear" rotation="90"><colors><color rgb="0x6CA1CE" alpha="100" stop="0" /></colors></fill></color><color name="thumb_inner"><fill type="linear" rotation="90"><colors><color rgb="0xB0D0E9" alpha="100" stop="0" /></colors></fill></color><color name="thumb_bg"><fill type="linear" rotation="90"><colors><color rgb="0xA3C8E6" alpha="100" stop="0" /></colors></fill></color><color name="slider_border"><fill type="linear" rotation="90"><colors><color rgb="0xDEEBF7" alpha="100" stop="0" /></colors></fill></color><color name="slider_bg"><fill type="linear" rotation="90"><colors><color rgb="0x9EC6E5" alpha="100" stop="0" /><color rgb="0xA8CAE7" alpha="100" stop="128" /><color rgb="0x9EC6E5" alpha="100" stop="255" /></colors></fill></color></group_colors></color_group></colorscheme></colorschemes><string_tables><string_table name="pxnsnfns1111000101"><string id="prev">TRƯỚC</string><string id="next">TIẾP THEO</string><string id="submit">GỬI</string><string id="outline">Trình đơn</string><string id="resources">Tài nguyên</string><string id="glossary">Chú giải thuật ngữ</string><string id="transcript">Ghi chú</string><string id="clear">Xóa và quay lại Trình đơn</string><string id="search_results">Kết quả Tìm kiếm</string><string id="filter">Bộ lọc</string><string id="slide_text_chk">Văn bản Bản chiếu</string><string id="transcript_chk">Ghi chú</string><string id="search_in">Tìm kiếm trong:</string><string id="check_include">Chọn để bao gồm</string><string id="search">Đang tìm kiếm…</string><string id="terms">Cụm từ</string><string id="definition">Định nghĩa</string><string id="acc_definition">định nghĩa</string><string id="acc_resources">tài nguyên</string><string id="acc_search_input">tìm kiếm</string><string id="acc_pause">tạm dừng</string><string id="acc_play">phát</string><string id="acc_replay">phát lại</string><string id="acc_submit">gửi</string><string id="acc_next">tiếp theo</string><string id="acc_previous">trước</string><string id="acc_volume">âm lượng</string><string id="acc_skipnavigation">Bỏ qua Điều hướng. Nhấn vào enter để quay lại trang trình chiếu.</string><string id="finish">HOÀN TẤT</string><string id="acc_finish">hoàn tất</string><string id="submitall">GỬI TẤT CẢ</string><string id="acc_submitall">gửi tất cả</string><string id="question_list">Danh sách Câu hỏi</string><string id="more_info">Thông tin thêm</string><string id="send_an_email">Gửi email</string><string id="close">Đóng</string><string id="bio">Sinh học</string><string id="exit">Thoát</string></string_table></string_tables><sounds enabled="false" /><nav_data><outline><links><slidelink slideid="_player.5xzMCRZsOqS" displaytext="BÀI 4 KẾ TOÁN VỐN ĐẦU TƯ CỦA CSH, CÁC NGUỒN VỐN CSH VÀ QUỸ CỦA DN" expand="true" type="slide"><links><slidelink slideid="_player.5xzMCRZsOqS.6qpj4KbU3pT" displaytext="MỤC TIÊU" expand="true" type="slide" /><slidelink slideid="_player.5xzMCRZsOqS.6mdosaXkscU" displaytext="TÀI LIỆU HỌC TẬP" expand="true" type="slide" /><slidelink slideid="_player.5xzMCRZsOqS.6puM86GKXot" displaytext="NỘI DUNG BÀI HỌC" expand="true" type="slide" /><slidelink slideid="_player.5xzMCRZsOqS.6DE4zl9Je2C" displaytext="KẾ TOÁN VỐN ĐẦU TƯ CỦA CHỦ SỞ HỮU" expand="true" type="slide"><links><slidelink slideid="_player.5xzMCRZsOqS.6jgWgBYSp5T" displaytext="Khái niệm vốn csh" expand="true" type="slide" /><slidelink slideid="_player.5xzMCRZsOqS.6VqDvBzGc04" displaytext="Nguyên tắc kế toán" expand="true" type="slide" /><slidelink slideid="_player.5xzMCRZsOqS.69ubqJbMkh6" displaytext="Tài khoản sử dụng" expand="true" type="slide" /><slidelink slideid="_player.5xzMCRZsOqS.6hgFGvu08Nc" displaytext="Phương pháp kế toán một số nghiệp vụ cơ bản " expand="true" type="slide" /></links></slidelink><slidelink slideid="_player.5xzMCRZsOqS.5ZPn9PsH30T" displaytext="KẾ TOÁN CHÊNH LỆCH ĐÁNH GIÁ LẠI TÀI SẢN" expand="true" type="slide"><links><slidelink slideid="_player.5xzMCRZsOqS.5ZPn9PsH30T" displaytext="Chênh lệch đánh giá lại tài sản phát sinh" expand="true" type="slide" /><slidelink slideid="_player.5xzMCRZsOqS.5sIKHYPugy9" displaytext="Kết cấu tài khoản 412 - Chênh lệch đánh giá lại tài sản" expand="true" type="slide" /><slidelink slideid="_player.5xzMCRZsOqS.6XxWf3fxSm0" displaytext="Phương pháp kế toán một số nghiệp vụ cơ bản" expand="true" type="slide" /></links></slidelink><slidelink slideid="_player.5xzMCRZsOqS.5st5Zu32P4n" displaytext="KẾ TOÁN QUỸ ĐẦU TƯ PHÁT TRIỂN" expand="true" type="slide"><links><slidelink slideid="_player.5xzMCRZsOqS.5st5Zu32P4n" displaytext="Mục đích sử dụng và nguyên tắc kế toán" expand="true" type="slide" /><slidelink slideid="_player.5xzMCRZsOqS.6VhKANKcsac" displaytext="Tài khoản sử dụng và phương pháp kế toán" expand="true" type="slide" /><slidelink slideid="_player.5xzMCRZsOqS.60ykSPAmvtX" displaytext="Phương pháp kế toán một số nghiệp vụ cơ bản" expand="true" type="slide" /><slidelink slideid="_player.5xzMCRZsOqS.5mJMX5skShy" displaytext="Mục đích sử dụng và nguyên tắc kế toán" expand="true" type="slide" /><slidelink slideid="_player.5xzMCRZsOqS.6HKFVt72bLx" displaytext="Tài khoản sử dụng và phương pháp kế toán" expand="true" type="slide" /><slidelink slideid="_player.5xzMCRZsOqS.5oNLIpMr7kf" displaytext="Phương pháp kế toán một số giao dịch kinh tế chủ yếu" expand="true" type="slide" /></links></slidelink><slidelink slideid="_player.5xzMCRZsOqS.692qi3HQg47" displaytext="CÁC QUỸ KHÁC THUỘC VỐN CHỦ SỞ HỮU" expand="true" type="slide"><links><slidelink slideid="_player.5xzMCRZsOqS.61jTC0C6Mw0" displaytext="Phương pháp kế toán một số giao dịch kinh tế chủ yếu" expand="true" type="slide" /></links></slidelink><slidelink slideid="_player.5xzMCRZsOqS.5gTzIfvmUJB" displaytext="KẾ TOÁN NGUỒN VỐN ĐẦU TƯ XÂY DỰNG CƠ BẢN" expand="true" type="slide"><links><slidelink slideid="_player.5xzMCRZsOqS.5gTzIfvmUJB" displaytext="Mục đích và nguồn vốn hình thành XD cơ bản" expand="true" type="slide" /><slidelink slideid="_player.5xzMCRZsOqS.68TazWYpv7O" displaytext="Phương pháp kế toán một số giao dịch kinh tế chủ yếu" expand="true" type="slide" /></links></slidelink><slidelink slideid="_player.5xzMCRZsOqS.5yXUU6pkgGy" displaytext="QUỸ KHEN THƯỞNG, PHÚC LỢI" expand="true" type="slide"><links><slidelink slideid="_player.5xzMCRZsOqS.5yXUU6pkgGy" displaytext="Mục đích sử dụng và nguyên tắc kế toán" expand="true" type="slide" /><slidelink slideid="_player.5xzMCRZsOqS.6AtOFMZSjVJ" displaytext="Phương pháp kế toán một số giao dịch kinh tế chủ yếu" expand="true" type="slide" /></links></slidelink><slidelink slideid="_player.5xzMCRZsOqS.6dazbRMUoe2" displaytext="KẾ TOÁN QUỸ PHÁT TRIỂN KHOA HỌC VÀ CN" expand="true" type="slide"><links><slidelink slideid="_player.5xzMCRZsOqS.6dazbRMUoe2" displaytext="Mục đích sử dụng và nguyên tắc kế toán" expand="true" type="slide" /><slidelink slideid="_player.5xzMCRZsOqS.5frsuchQpP4" displaytext="Tài khoản sử dụng và phương pháp kế toán" expand="true" type="slide" /></links></slidelink><slidelink slideid="_player.5xzMCRZsOqS.5wIJ2aOEQuj" displaytext="KẾ TOÁN QUỸ BÌNH ỔN GIÁ" expand="true" type="slide"><links><slidelink slideid="_player.5xzMCRZsOqS.6OB9bpZU44F" displaytext="Phương pháp kế toán Quỹ bình ổn giá" expand="true" type="slide" /></links></slidelink><slidelink slideid="_player.5xzMCRZsOqS.5jKmnyRk2NP" displaytext="KẾ TOÁN CỔ PHIẾU QUỸ" expand="true" type="slide"><links><slidelink slideid="_player.5xzMCRZsOqS.5jKmnyRk2NP" displaytext="Khái niệm, nguyên tắc kế toán" expand="true" type="slide" /><slidelink slideid="_player.5xzMCRZsOqS.6ka51OUaOfW" displaytext="Tài khoản và phương pháp kế toán" expand="true" type="slide" /></links></slidelink><slidelink slideid="_player.5xzMCRZsOqS.5xH6fB0JppY" displaytext="TỔNG KẾT" expand="true" type="slide" /><slidelink slideid="_player.5xzMCRZsOqS.5X9YHxIPQ0I" displaytext="HƯỚNG DẪN LÀM BÀI TẬP TRẮC NGHIỆM" expand="true" type="slide" /><slidelink slideid="_player.5xzMCRZsOqS.5YSRbmvSOuf" displaytext="KẾT THÚC BÀI GIẢNG" expand="true" type="slide" /></links></slidelink></links></outline></nav_data><resource_data description="" /><transcript_data /><glossary_data /></bwFrame>