<?xml version="1.0" standalone="no"?>
<manifest identifier="_5cjt18OJSPI_course_id" version="1.3" xmlns="http://www.imsglobal.org/xsd/imscp_v1p1" xmlns:adlcp="http://www.adlnet.org/xsd/adlcp_v1p3" xmlns:adlseq="http://www.adlnet.org/xsd/adlseq_v1p3" xmlns:adlnav="http://www.adlnet.org/xsd/adlnav_v1p3" xmlns:imsss="http://www.imsglobal.org/xsd/imsss" xmlns:xsi="http://www.w3.org/2001/XMLSchema-instance" xsi:schemaLocation="http://www.imsglobal.org/xsd/imscp_v1p1 imscp_v1p1.xsd
                        http://www.adlnet.org/xsd/adlcp_v1p3 adlcp_v1p3.xsd
                        http://www.adlnet.org/xsd/adlseq_v1p3 adlseq_v1p3.xsd
                        http://www.adlnet.org/xsd/adlnav_v1p3 adlnav_v1p3.xsd
                        http://www.imsglobal.org/xsd/imsss imsss_v1p0.xsd">
  <metadata>
    <schema>ADL SCORM</schema>
    <schemaversion>CAM 1.3</schemaversion>
    <adlcp:location>metadata.xml</adlcp:location>
  </metadata>
  <organizations default="B?I_7_B?O_C?O_T?I_CH?NH_ORG">
    <organization identifier="B?I_7_B?O_C?O_T?I_CH?NH_ORG" adlseq:objectivesGlobalToSystem="false">
      <title>B?I 7 B?O C?O T?I CH?NH</title>
      <item identifier="B?I_7_B?O_C?O_T?I_CH?NH_SCO" identifierref="__5cjt18OJSPI_course_id_RES" isvisible="true">
        <title>B?I 7 B?O C?O T?I CH?NH</title>
        <imsss:sequencing>
          <imsss:controlMode choice="true" flow="true" />
          <imsss:deliveryControls tracked="true" completionSetByContent="true" objectiveSetByContent="true" />
        </imsss:sequencing>
      </item>
      <metadata>
        <adlcp:location>metadata.xml</adlcp:location>
      </metadata>
      <imsss:sequencing>
        <imsss:controlMode choice="true" flow="true" />
        <imsss:deliveryControls tracked="true" completionSetByContent="false" objectiveSetByContent="false" />
      </imsss:sequencing>
    </organization>
  </organizations>
  <resources>
    <resource identifier="__5cjt18OJSPI_course_id_RES" type="webcontent" adlcp:scormType="sco" href="index_lms.html">
      <file href="story_content/thumbnail.jpg" />
      <file href="story_content/5jZONCXsgLc_22050_48.mp3" />
      <file href="story_content/6T7oSBMEyWH_80_DX624_DY624.jpg" />
      <file href="mobile/6T7oSBMEyWH_80_DX624_DY624_CX312_CY208.jpg" />
      <file href="story_content/6oLVY8coJJ6_80_DX1304_DY1304.swf" />
      <file href="mobile/6oLVY8coJJ6_80_DX1304_DY1304_CX652_CY177.png" />
      <file href="mobile/6oLVY8coJJ6_80_DX1304_DY1304_CX652_CY177.swf" />
      <file href="story_content/6WaT7znnyP3_80_DX198_DY198.swf" />
      <file href="mobile/6WaT7znnyP3_80_DX198_DY198_CX65_CY99.png" />
      <file href="mobile/6WaT7znnyP3_80_DX198_DY198_CX65_CY99.swf" />
      <file href="story_content/5z1EvwQOXdh_80_DX196_DY196.swf" />
      <file href="mobile/5z1EvwQOXdh_80_DX196_DY196_CX70_CY98.png" />
      <file href="mobile/5z1EvwQOXdh_80_DX196_DY196_CX70_CY98.swf" />
      <file href="story_content/5b41o7qoGXf_80_DX224_DY224.swf" />
      <file href="mobile/5b41o7qoGXf_80_DX224_DY224_CX112_CY43.png" />
      <file href="mobile/5b41o7qoGXf_80_DX224_DY224_CX112_CY43.swf" />
      <file href="story_content/6JCDxqkSKJb_80_DX138_DY138.swf" />
      <file href="mobile/6JCDxqkSKJb_80_DX138_DY138_CX45_CY69.png" />
      <file href="mobile/6JCDxqkSKJb_80_DX138_DY138_CX45_CY69.swf" />
      <file href="story_content/5dMA0RYyZrD_80_DX136_DY136.swf" />
      <file href="mobile/5dMA0RYyZrD_80_DX136_DY136_CX51_CY68.png" />
      <file href="mobile/5dMA0RYyZrD_80_DX136_DY136_CX51_CY68.swf" />
      <file href="story_content/6H5R0Deg7Pa_80_DX156_DY156.swf" />
      <file href="mobile/6H5R0Deg7Pa_80_DX156_DY156_CX78_CY33.png" />
      <file href="mobile/6H5R0Deg7Pa_80_DX156_DY156_CX78_CY33.swf" />
      <file href="story_content/6cpZe3KgdsK_22050_48.mp3" />
      <file href="story_content/63kW2FCEEp2_80_DX1316_DY1316.swf" />
      <file href="mobile/63kW2FCEEp2_80_DX1316_DY1316_CX658_CY363.png" />
      <file href="mobile/63kW2FCEEp2_80_DX1316_DY1316_CX658_CY363.swf" />
      <file href="story_content/6Ku9ZJNzHGA_22050_48.mp3" />
      <file href="story_content/64xiSZQQCx3_80_DX464_DY464.swf" />
      <file href="mobile/64xiSZQQCx3_80_DX464_DY464_CX232_CY202.png" />
      <file href="mobile/64xiSZQQCx3_80_DX464_DY464_CX232_CY202.swf" />
      <file href="story_content/6RSSW5HjW2t_22050_48.mp3" />
      <file href="story_content/5sCUQV1Nwwz_22050_48.mp3" />
      <file href="story_content/6e007VFxARA_22050_48.mp3" />
      <file href="story_content/6lAsG2uIYt1_Y_80_DX236_DY236.swf" />
      <file href="mobile/6lAsG2uIYt1_Y_80_DX236_DY236_CX64_CY118.png" />
      <file href="mobile/6lAsG2uIYt1_Y_80_DX236_DY236_CX64_CY118.swf" />
      <file href="story_content/6FNpIsSYTIi_80_DX234_DY234.swf" />
      <file href="mobile/6FNpIsSYTIi_80_DX234_DY234_CX74_CY117.png" />
      <file href="mobile/6FNpIsSYTIi_80_DX234_DY234_CX74_CY117.swf" />
      <file href="story_content/6KnzWdfFsIg_80_DX348_DY348.swf" />
      <file href="mobile/6KnzWdfFsIg_80_DX348_DY348_CX174_CY76.png" />
      <file href="mobile/6KnzWdfFsIg_80_DX348_DY348_CX174_CY76.swf" />
      <file href="story_content/608AKRsbPyJ_XY_80_DX238_DY238.swf" />
      <file href="mobile/608AKRsbPyJ_XY_80_DX238_DY238_CX61_CY119.png" />
      <file href="mobile/608AKRsbPyJ_XY_80_DX238_DY238_CX61_CY119.swf" />
      <file href="story_content/64GIqWHk6ie_X_80_DX240_DY240.swf" />
      <file href="mobile/64GIqWHk6ie_X_80_DX240_DY240_CX77_CY120.png" />
      <file href="mobile/64GIqWHk6ie_X_80_DX240_DY240_CX77_CY120.swf" />
      <file href="story_content/61KxqAbbnaK_X_80_DX348_DY348.swf" />
      <file href="mobile/61KxqAbbnaK_X_80_DX348_DY348_CX174_CY81.png" />
      <file href="mobile/61KxqAbbnaK_X_80_DX348_DY348_CX174_CY81.swf" />
      <file href="story_content/5gdeVnn8xFR_80_DX234_DY234.swf" />
      <file href="mobile/5gdeVnn8xFR_80_DX234_DY234_CX117_CY60.png" />
      <file href="mobile/5gdeVnn8xFR_80_DX234_DY234_CX117_CY60.swf" />
      <file href="story_content/6VN3YelHPhQ_80_DX78_DY78.swf" />
      <file href="mobile/6VN3YelHPhQ_80_DX78_DY78_CX39_CY18.png" />
      <file href="mobile/6VN3YelHPhQ_80_DX78_DY78_CX39_CY18.swf" />
      <file href="story_content/txt__default_6pWcOl5N9wl.swf" />
      <file href="story_content/txt__default_6LhKCbLL4bc.swf" />
      <file href="story_content/5euZW8SsSzP_80_DX78_DY78.swf" />
      <file href="mobile/5euZW8SsSzP_80_DX78_DY78_CX39_CY19.png" />
      <file href="mobile/5euZW8SsSzP_80_DX78_DY78_CX39_CY19.swf" />
      <file href="story_content/6Gid9cRgckw_80_DX78_DY78.swf" />
      <file href="mobile/6Gid9cRgckw_80_DX78_DY78_CX39_CY19.png" />
      <file href="mobile/6Gid9cRgckw_80_DX78_DY78_CX39_CY19.swf" />
      <file href="story_content/5gL8FETelQi_80_DX74_DY74.swf" />
      <file href="mobile/5gL8FETelQi_80_DX74_DY74_CX37_CY17.png" />
      <file href="mobile/5gL8FETelQi_80_DX74_DY74_CX37_CY17.swf" />
      <file href="story_content/5gp8iX44WnM_80_DX78_DY78.swf" />
      <file href="mobile/5gp8iX44WnM_80_DX78_DY78_CX39_CY19.png" />
      <file href="mobile/5gp8iX44WnM_80_DX78_DY78_CX39_CY19.swf" />
      <file href="story_content/txt__default_6Cp317wxk1i.swf" />
      <file href="story_content/txt__default_5uzcILuCPF2.swf" />
      <file href="story_content/txt__default_5jli8GIzETG.swf" />
      <file href="story_content/txt__default_5zbQERsfhty.swf" />
      <file href="story_content/txt__default_64IzGjmMqA9.swf" />
      <file href="story_content/txt__default_65PgBfWExTG.swf" />
      <file href="story_content/txt__default_6pt93SLtfn4.swf" />
      <file href="story_content/txt__default_6dfNAWxaKRx.swf" />
      <file href="story_content/txt__default_6BBps0jaE7A.swf" />
      <file href="story_content/txt__default_5b5c4Oe5SMN.swf" />
      <file href="story_content/60f5mznNC4z_80_DX78_DY78.swf" />
      <file href="mobile/60f5mznNC4z_80_DX78_DY78_CX39_CY19.png" />
      <file href="mobile/60f5mznNC4z_80_DX78_DY78_CX39_CY19.swf" />
      <file href="story_content/61OO2BwqOw0_22050_48.mp3" />
      <file href="story_content/5vZzTtbH6kT_80_DX676_DY676.swf" />
      <file href="mobile/5vZzTtbH6kT_80_DX676_DY676_CX338_CY52.png" />
      <file href="mobile/5vZzTtbH6kT_80_DX676_DY676_CX338_CY52.swf" />
      <file href="story_content/5bwFREZfskm_80_DX438_DY438.swf" />
      <file href="mobile/5bwFREZfskm_80_DX438_DY438_CX145_CY219.png" />
      <file href="mobile/5bwFREZfskm_80_DX438_DY438_CX145_CY219.swf" />
      <file href="story_content/6o1PFf9xqxL_80_DX434_DY434.swf" />
      <file href="mobile/6o1PFf9xqxL_80_DX434_DY434_CX158_CY217.png" />
      <file href="mobile/6o1PFf9xqxL_80_DX434_DY434_CX158_CY217.swf" />
      <file href="story_content/684Hs0qMlbj_80_DX502_DY502.swf" />
      <file href="mobile/684Hs0qMlbj_80_DX502_DY502_CX251_CY96.png" />
      <file href="mobile/684Hs0qMlbj_80_DX502_DY502_CX251_CY96.swf" />
      <file href="story_content/6kzULzAhWe7_80_DX306_DY306.swf" />
      <file href="mobile/6kzULzAhWe7_80_DX306_DY306_CX101_CY153.png" />
      <file href="mobile/6kzULzAhWe7_80_DX306_DY306_CX101_CY153.swf" />
      <file href="story_content/600gCaB5Zpb_80_DX302_DY302.swf" />
      <file href="mobile/600gCaB5Zpb_80_DX302_DY302_CX114_CY151.png" />
      <file href="mobile/600gCaB5Zpb_80_DX302_DY302_CX114_CY151.swf" />
      <file href="story_content/5e6AM5baBpk_80_DX350_DY350.swf" />
      <file href="mobile/5e6AM5baBpk_80_DX350_DY350_CX175_CY73.png" />
      <file href="mobile/5e6AM5baBpk_80_DX350_DY350_CX175_CY73.swf" />
      <file href="story_content/67cVr5i1ojg_22050_48.mp3" />
      <file href="story_content/5c0W2KWv9md_22050_48.mp3" />
      <file href="story_content/txt__default_6oNUXu23Ovg.swf" />
      <file href="story_content/6lGUkNH8O4c_80_DX40_DY40.swf" />
      <file href="mobile/6lGUkNH8O4c_80_DX40_DY40_CX10_CY20.png" />
      <file href="mobile/6lGUkNH8O4c_80_DX40_DY40_CX10_CY20.swf" />
      <file href="story_content/txt__default_6gmcF2eaUnU.swf" />
      <file href="story_content/64NnX9qPDPM_80_DX40_DY40.swf" />
      <file href="mobile/64NnX9qPDPM_80_DX40_DY40_CX10_CY20.png" />
      <file href="mobile/64NnX9qPDPM_80_DX40_DY40_CX10_CY20.swf" />
      <file href="story_content/txt__default_6CeeLRfMod4.swf" />
      <file href="story_content/5hL51gYOCAH_80_DX40_DY40.swf" />
      <file href="mobile/5hL51gYOCAH_80_DX40_DY40_CX10_CY20.png" />
      <file href="mobile/5hL51gYOCAH_80_DX40_DY40_CX10_CY20.swf" />
      <file href="story_content/6JdTKLgiCkS_22050_48.mp3" />
      <file href="story_content/5udA8HlrBc7_22050_48.mp3" />
      <file href="story_content/5ptLJTfg8BD_22050_48.mp3" />
      <file href="story_content/6Ecar5JzBoT_80_DX868_DY868.swf" />
      <file href="mobile/6Ecar5JzBoT_80_DX868_DY868_CX434_CY162.png" />
      <file href="mobile/6Ecar5JzBoT_80_DX868_DY868_CX434_CY162.swf" />
      <file href="story_content/6r5H8nHcho2_22050_48.mp3" />
      <file href="story_content/5Zw9eDJshn3_80_DX910_DY910.swf" />
      <file href="mobile/5Zw9eDJshn3_80_DX910_DY910_CX455_CY232.png" />
      <file href="mobile/5Zw9eDJshn3_80_DX910_DY910_CX455_CY232.swf" />
      <file href="story_content/5yJioRe1qIc_22050_48.mp3" />
      <file href="story_content/5pkQt9VoLCs_22050_48.mp3" />
      <file href="story_content/5c9nytGzcxI_80_DX602_DY602.swf" />
      <file href="mobile/5c9nytGzcxI_80_DX602_DY602_CX301_CY206.png" />
      <file href="mobile/5c9nytGzcxI_80_DX602_DY602_CX301_CY206.swf" />
      <file href="story_content/5y8DkkBDfXG_22050_48.mp3" />
      <file href="story_content/6akHVEHXWO6_80_DX702_DY702.swf" />
      <file href="mobile/6akHVEHXWO6_80_DX702_DY702_CX351_CY210.png" />
      <file href="mobile/6akHVEHXWO6_80_DX702_DY702_CX351_CY210.swf" />
      <file href="story_content/6YUWxzaoHQt_22050_48.mp3" />
      <file href="story_content/5uZeiMLVxvr_22050_48.mp3" />
      <file href="story_content/6RMdwNt7q3h_80_DX602_DY602.swf" />
      <file href="mobile/6RMdwNt7q3h_80_DX602_DY602_CX177_CY301.png" />
      <file href="mobile/6RMdwNt7q3h_80_DX602_DY602_CX177_CY301.swf" />
      <file href="story_content/5pJmHDSBOEZ_80_DX176_DY176.swf" />
      <file href="mobile/5pJmHDSBOEZ_80_DX176_DY176_CX58_CY88.png" />
      <file href="mobile/5pJmHDSBOEZ_80_DX176_DY176_CX58_CY88.swf" />
      <file href="story_content/5zr6V0QquYK_80_DX176_DY176.swf" />
      <file href="mobile/5zr6V0QquYK_80_DX176_DY176_CX64_CY88.png" />
      <file href="mobile/5zr6V0QquYK_80_DX176_DY176_CX64_CY88.swf" />
      <file href="story_content/5hFtkU8Iz8z_80_DX202_DY202.swf" />
      <file href="mobile/5hFtkU8Iz8z_80_DX202_DY202_CX101_CY39.png" />
      <file href="mobile/5hFtkU8Iz8z_80_DX202_DY202_CX101_CY39.swf" />
      <file href="story_content/5ti2WLJKJMm_80_DX124_DY124.swf" />
      <file href="mobile/5ti2WLJKJMm_80_DX124_DY124_CX41_CY62.png" />
      <file href="mobile/5ti2WLJKJMm_80_DX124_DY124_CX41_CY62.swf" />
      <file href="story_content/6nwWg2xIK1g_80_DX122_DY122.swf" />
      <file href="mobile/6nwWg2xIK1g_80_DX122_DY122_CX46_CY61.png" />
      <file href="mobile/6nwWg2xIK1g_80_DX122_DY122_CX46_CY61.swf" />
      <file href="story_content/5ywoIQGMBEL_80_DX140_DY140.swf" />
      <file href="mobile/5ywoIQGMBEL_80_DX140_DY140_CX70_CY30.png" />
      <file href="mobile/5ywoIQGMBEL_80_DX140_DY140_CX70_CY30.swf" />
      <file href="story_content/6kINn7348Q4_80_DX698_DY698.swf" />
      <file href="mobile/6kINn7348Q4_80_DX698_DY698_CX349_CY199.png" />
      <file href="mobile/6kINn7348Q4_80_DX698_DY698_CX349_CY199.swf" />
      <file href="story_content/5uILl4fB9kC_22050_48.mp3" />
      <file href="story_content/5fP3X0PpCOC_22050_48.mp3" />
      <file href="story_content/5jDeuzRjCl2_22050_48.mp3" />
      <file href="story_content/5tCRuoKWgAP_22050_48.mp3" />
      <file href="story_content/6KQw8bB9nMY_22050_48.mp3" />
      <file href="story_content/5pTAJB8dRPf_80_DX1318_DY1318.swf" />
      <file href="mobile/5pTAJB8dRPf_80_DX1318_DY1318_CX659_CY332.png" />
      <file href="mobile/5pTAJB8dRPf_80_DX1318_DY1318_CX659_CY332.swf" />
      <file href="story_content/6K8shBla7XO_22050_48.mp3" />
      <file href="story_content/6MPAIIH4u1Y_80_DX602_DY602.swf" />
      <file href="mobile/6MPAIIH4u1Y_80_DX602_DY602_CX177_CY301.png" />
      <file href="mobile/6MPAIIH4u1Y_80_DX602_DY602_CX177_CY301.swf" />
      <file href="story_content/6iQsE3IJXby_80_DX176_DY176.swf" />
      <file href="mobile/6iQsE3IJXby_80_DX176_DY176_CX58_CY88.png" />
      <file href="mobile/6iQsE3IJXby_80_DX176_DY176_CX58_CY88.swf" />
      <file href="story_content/6Br71LRt35T_80_DX176_DY176.swf" />
      <file href="mobile/6Br71LRt35T_80_DX176_DY176_CX64_CY88.png" />
      <file href="mobile/6Br71LRt35T_80_DX176_DY176_CX64_CY88.swf" />
      <file href="story_content/6I7rY9y8XK6_80_DX202_DY202.swf" />
      <file href="mobile/6I7rY9y8XK6_80_DX202_DY202_CX101_CY39.png" />
      <file href="mobile/6I7rY9y8XK6_80_DX202_DY202_CX101_CY39.swf" />
      <file href="story_content/6JeFursK7yh_80_DX124_DY124.swf" />
      <file href="mobile/6JeFursK7yh_80_DX124_DY124_CX41_CY62.png" />
      <file href="mobile/6JeFursK7yh_80_DX124_DY124_CX41_CY62.swf" />
      <file href="story_content/6Yuyy5GkJcj_80_DX122_DY122.swf" />
      <file href="mobile/6Yuyy5GkJcj_80_DX122_DY122_CX46_CY61.png" />
      <file href="mobile/6Yuyy5GkJcj_80_DX122_DY122_CX46_CY61.swf" />
      <file href="story_content/6WBIWuUIilH_80_DX140_DY140.swf" />
      <file href="mobile/6WBIWuUIilH_80_DX140_DY140_CX70_CY30.png" />
      <file href="mobile/6WBIWuUIilH_80_DX140_DY140_CX70_CY30.swf" />
      <file href="story_content/6YCmF9a4pbs_22050_48.mp3" />
      <file href="story_content/6cBM5KHE7RA_22050_48.mp3" />
      <file href="story_content/6gy0uod7Z9p_80_DX108_DY108.swf" />
      <file href="mobile/6gy0uod7Z9p_80_DX108_DY108_CX54_CY48.png" />
      <file href="mobile/6gy0uod7Z9p_80_DX108_DY108_CX54_CY48.swf" />
      <file href="story_content/6RnNujjMNxO_80_DX108_DY108.swf" />
      <file href="mobile/6RnNujjMNxO_80_DX108_DY108_CX54_CY48.png" />
      <file href="mobile/6RnNujjMNxO_80_DX108_DY108_CX54_CY48.swf" />
      <file href="story_content/6foGvVkJ9HR_80_DX108_DY108.swf" />
      <file href="mobile/6foGvVkJ9HR_80_DX108_DY108_CX54_CY48.png" />
      <file href="mobile/6foGvVkJ9HR_80_DX108_DY108_CX54_CY48.swf" />
      <file href="story_content/5lYc9iOzjuX_80_DX108_DY108.swf" />
      <file href="mobile/5lYc9iOzjuX_80_DX108_DY108_CX54_CY48.png" />
      <file href="mobile/5lYc9iOzjuX_80_DX108_DY108_CX54_CY48.swf" />
      <file href="story_content/6gbM46XIYoi_80_DX108_DY108.swf" />
      <file href="mobile/6gbM46XIYoi_80_DX108_DY108_CX54_CY48.png" />
      <file href="mobile/6gbM46XIYoi_80_DX108_DY108_CX54_CY48.swf" />
      <file href="story_content/680fuJazAq1_22050_48.mp3" />
      <file href="story_content/6M8AXR0dmLF_80_DX58_DY58.swf" />
      <file href="mobile/6M8AXR0dmLF_80_DX58_DY58_CX29_CY13.png" />
      <file href="mobile/6M8AXR0dmLF_80_DX58_DY58_CX29_CY13.swf" />
      <file href="story_content/5l5kObQqYZH_80_DX58_DY58.swf" />
      <file href="mobile/5l5kObQqYZH_80_DX58_DY58_CX29_CY13.png" />
      <file href="mobile/5l5kObQqYZH_80_DX58_DY58_CX29_CY13.swf" />
      <file href="story_content/5i4cI9ufA2D_80_DX58_DY58.swf" />
      <file href="mobile/5i4cI9ufA2D_80_DX58_DY58_CX29_CY13.png" />
      <file href="mobile/5i4cI9ufA2D_80_DX58_DY58_CX29_CY13.swf" />
      <file href="story_content/5f9T5RMTcTw_80_DX58_DY58.swf" />
      <file href="mobile/5f9T5RMTcTw_80_DX58_DY58_CX29_CY13.png" />
      <file href="mobile/5f9T5RMTcTw_80_DX58_DY58_CX29_CY13.swf" />
      <file href="story_content/5kpmif6PAxa_80_DX58_DY58.swf" />
      <file href="mobile/5kpmif6PAxa_80_DX58_DY58_CX29_CY13.png" />
      <file href="mobile/5kpmif6PAxa_80_DX58_DY58_CX29_CY13.swf" />
      <file href="story_content/6XW2bpIavcr_80_DX58_DY58.swf" />
      <file href="mobile/6XW2bpIavcr_80_DX58_DY58_CX29_CY13.png" />
      <file href="mobile/6XW2bpIavcr_80_DX58_DY58_CX29_CY13.swf" />
      <file href="story_content/5pcpOj87Qnr_80_DX80_DY80.swf" />
      <file href="mobile/5pcpOj87Qnr_80_DX80_DY80_CX40_CY32.png" />
      <file href="mobile/5pcpOj87Qnr_80_DX80_DY80_CX40_CY32.swf" />
      <file href="story_content/66cJTjAjrNm_80_DX58_DY58.swf" />
      <file href="mobile/66cJTjAjrNm_80_DX58_DY58_CX29_CY13.png" />
      <file href="mobile/66cJTjAjrNm_80_DX58_DY58_CX29_CY13.swf" />
      <file href="story_content/6Ywh6lyg4We_80_DX58_DY58.swf" />
      <file href="mobile/6Ywh6lyg4We_80_DX58_DY58_CX29_CY13.png" />
      <file href="mobile/6Ywh6lyg4We_80_DX58_DY58_CX29_CY13.swf" />
      <file href="story_content/5xHCOjHdhV3_22050_48.mp3" />
      <file href="story_content/6p3vtKb8PG9_80_DX58_DY58.swf" />
      <file href="mobile/6p3vtKb8PG9_80_DX58_DY58_CX29_CY13.png" />
      <file href="mobile/6p3vtKb8PG9_80_DX58_DY58_CX29_CY13.swf" />
      <file href="story_content/6n9ntV1R8Sy_80_DX58_DY58.swf" />
      <file href="mobile/6n9ntV1R8Sy_80_DX58_DY58_CX29_CY13.png" />
      <file href="mobile/6n9ntV1R8Sy_80_DX58_DY58_CX29_CY13.swf" />
      <file href="story_content/5edkuSMmKfi_80_DX58_DY58.swf" />
      <file href="mobile/5edkuSMmKfi_80_DX58_DY58_CX29_CY13.png" />
      <file href="mobile/5edkuSMmKfi_80_DX58_DY58_CX29_CY13.swf" />
      <file href="story_content/6kihlroB1Pc_80_DX58_DY58.swf" />
      <file href="mobile/6kihlroB1Pc_80_DX58_DY58_CX29_CY13.png" />
      <file href="mobile/6kihlroB1Pc_80_DX58_DY58_CX29_CY13.swf" />
      <file href="story_content/6R2Dj3zrKtI_80_DX58_DY58.swf" />
      <file href="mobile/6R2Dj3zrKtI_80_DX58_DY58_CX29_CY13.png" />
      <file href="mobile/6R2Dj3zrKtI_80_DX58_DY58_CX29_CY13.swf" />
      <file href="story_content/5zjVPgu3n09_80_DX58_DY58.swf" />
      <file href="mobile/5zjVPgu3n09_80_DX58_DY58_CX29_CY13.png" />
      <file href="mobile/5zjVPgu3n09_80_DX58_DY58_CX29_CY13.swf" />
      <file href="story_content/6KtEX6V9Uw8_80_DX80_DY80.swf" />
      <file href="mobile/6KtEX6V9Uw8_80_DX80_DY80_CX40_CY32.png" />
      <file href="mobile/6KtEX6V9Uw8_80_DX80_DY80_CX40_CY32.swf" />
      <file href="story_content/5sUsc59mH9B_80_DX58_DY58.swf" />
      <file href="mobile/5sUsc59mH9B_80_DX58_DY58_CX29_CY13.png" />
      <file href="mobile/5sUsc59mH9B_80_DX58_DY58_CX29_CY13.swf" />
      <file href="story_content/5u1m14Gloqy_80_DX58_DY58.swf" />
      <file href="mobile/5u1m14Gloqy_80_DX58_DY58_CX29_CY13.png" />
      <file href="mobile/5u1m14Gloqy_80_DX58_DY58_CX29_CY13.swf" />
      <file href="story_content/5kc9aG95PeN_22050_48.mp3" />
      <file href="story_content/6LuZEK9tW4d_80_DX1296_DY1296.swf" />
      <file href="mobile/6LuZEK9tW4d_80_DX1296_DY1296_CX648_CY310.png" />
      <file href="mobile/6LuZEK9tW4d_80_DX1296_DY1296_CX648_CY310.swf" />
      <file href="story_content/5W9NtoaXibO_22050_48.mp3" />
      <file href="story_content/5xyS1IPoM8C_80_DX602_DY602.swf" />
      <file href="mobile/5xyS1IPoM8C_80_DX602_DY602_CX177_CY301.png" />
      <file href="mobile/5xyS1IPoM8C_80_DX602_DY602_CX177_CY301.swf" />
      <file href="story_content/5uG6XTxJX1e_80_DX176_DY176.swf" />
      <file href="mobile/5uG6XTxJX1e_80_DX176_DY176_CX58_CY88.png" />
      <file href="mobile/5uG6XTxJX1e_80_DX176_DY176_CX58_CY88.swf" />
      <file href="story_content/5i3ig20sqVe_80_DX176_DY176.swf" />
      <file href="mobile/5i3ig20sqVe_80_DX176_DY176_CX64_CY88.png" />
      <file href="mobile/5i3ig20sqVe_80_DX176_DY176_CX64_CY88.swf" />
      <file href="story_content/643os5r4H46_80_DX202_DY202.swf" />
      <file href="mobile/643os5r4H46_80_DX202_DY202_CX101_CY39.png" />
      <file href="mobile/643os5r4H46_80_DX202_DY202_CX101_CY39.swf" />
      <file href="story_content/677zmeEvbkj_80_DX124_DY124.swf" />
      <file href="mobile/677zmeEvbkj_80_DX124_DY124_CX41_CY62.png" />
      <file href="mobile/677zmeEvbkj_80_DX124_DY124_CX41_CY62.swf" />
      <file href="story_content/6CyEbElahTQ_80_DX122_DY122.swf" />
      <file href="mobile/6CyEbElahTQ_80_DX122_DY122_CX46_CY61.png" />
      <file href="mobile/6CyEbElahTQ_80_DX122_DY122_CX46_CY61.swf" />
      <file href="story_content/5iGgSgJft40_80_DX140_DY140.swf" />
      <file href="mobile/5iGgSgJft40_80_DX140_DY140_CX70_CY30.png" />
      <file href="mobile/5iGgSgJft40_80_DX140_DY140_CX70_CY30.swf" />
      <file href="story_content/txt__default_62I9IUS6G5Q.swf" />
      <file href="story_content/txt__default_5YbUyemaE6z.swf" />
      <file href="story_content/txt__default_6oAtFxvnhYn.swf" />
      <file href="story_content/txt__default_6qSa8B6cFqx.swf" />
      <file href="story_content/txt__default_60BxBCH9oBW.swf" />
      <file href="story_content/txt__default_69sUephO48V.swf" />
      <file href="story_content/txt__default_5fku5nRhO0w.swf" />
      <file href="story_content/5bE5euxy1FV_22050_48.mp3" />
      <file href="story_content/62YDLYgGoQd_22050_48.mp3" />
      <file href="story_content/5Y4aVwYMwi2_22050_48.mp3" />
      <file href="story_content/5kfjqoGv9Kn_22050_48.mp3" />
      <file href="story_content/5lq4sjzujyi_22050_48.mp3" />
      <file href="story_content/67MAP08DWJ1_80_DX602_DY602.swf" />
      <file href="mobile/67MAP08DWJ1_80_DX602_DY602_CX177_CY301.png" />
      <file href="mobile/67MAP08DWJ1_80_DX602_DY602_CX177_CY301.swf" />
      <file href="story_content/6Er9hCwqHwM_80_DX176_DY176.swf" />
      <file href="mobile/6Er9hCwqHwM_80_DX176_DY176_CX58_CY88.png" />
      <file href="mobile/6Er9hCwqHwM_80_DX176_DY176_CX58_CY88.swf" />
      <file href="story_content/5aXu0ChP24q_80_DX176_DY176.swf" />
      <file href="mobile/5aXu0ChP24q_80_DX176_DY176_CX64_CY88.png" />
      <file href="mobile/5aXu0ChP24q_80_DX176_DY176_CX64_CY88.swf" />
      <file href="story_content/5cBtgMnrXgb_80_DX202_DY202.swf" />
      <file href="mobile/5cBtgMnrXgb_80_DX202_DY202_CX101_CY39.png" />
      <file href="mobile/5cBtgMnrXgb_80_DX202_DY202_CX101_CY39.swf" />
      <file href="story_content/5bIbZNRmvLT_80_DX124_DY124.swf" />
      <file href="mobile/5bIbZNRmvLT_80_DX124_DY124_CX41_CY62.png" />
      <file href="mobile/5bIbZNRmvLT_80_DX124_DY124_CX41_CY62.swf" />
      <file href="story_content/5fFsz6Y7Aie_80_DX122_DY122.swf" />
      <file href="mobile/5fFsz6Y7Aie_80_DX122_DY122_CX46_CY61.png" />
      <file href="mobile/5fFsz6Y7Aie_80_DX122_DY122_CX46_CY61.swf" />
      <file href="story_content/5agGgWIOQA4_80_DX140_DY140.swf" />
      <file href="mobile/5agGgWIOQA4_80_DX140_DY140_CX70_CY30.png" />
      <file href="mobile/5agGgWIOQA4_80_DX140_DY140_CX70_CY30.swf" />
      <file href="story_content/6bQ8wuQDXhM_22050_48.mp3" />
      <file href="story_content/61UGtae95R2_22050_48.mp3" />
      <file href="story_content/6EWH69BvK5P_80_DX1304_DY1304.swf" />
      <file href="mobile/6EWH69BvK5P_80_DX1304_DY1304_CX652_CY177.png" />
      <file href="mobile/6EWH69BvK5P_80_DX1304_DY1304_CX652_CY177.swf" />
      <file href="story_content/5kPOcGjCeM0_80_DX198_DY198.swf" />
      <file href="mobile/5kPOcGjCeM0_80_DX198_DY198_CX65_CY99.png" />
      <file href="mobile/5kPOcGjCeM0_80_DX198_DY198_CX65_CY99.swf" />
      <file href="story_content/64bFHlQPu7k_80_DX196_DY196.swf" />
      <file href="mobile/64bFHlQPu7k_80_DX196_DY196_CX70_CY98.png" />
      <file href="mobile/64bFHlQPu7k_80_DX196_DY196_CX70_CY98.swf" />
      <file href="story_content/5eYR1xA8mSH_80_DX224_DY224.swf" />
      <file href="mobile/5eYR1xA8mSH_80_DX224_DY224_CX112_CY43.png" />
      <file href="mobile/5eYR1xA8mSH_80_DX224_DY224_CX112_CY43.swf" />
      <file href="story_content/5cY1fVaG8aR_80_DX138_DY138.swf" />
      <file href="mobile/5cY1fVaG8aR_80_DX138_DY138_CX45_CY69.png" />
      <file href="mobile/5cY1fVaG8aR_80_DX138_DY138_CX45_CY69.swf" />
      <file href="story_content/6iRRnonVwQG_80_DX136_DY136.swf" />
      <file href="mobile/6iRRnonVwQG_80_DX136_DY136_CX51_CY68.png" />
      <file href="mobile/6iRRnonVwQG_80_DX136_DY136_CX51_CY68.swf" />
      <file href="story_content/5hdXznJcsnp_80_DX156_DY156.swf" />
      <file href="mobile/5hdXznJcsnp_80_DX156_DY156_CX78_CY33.png" />
      <file href="mobile/5hdXznJcsnp_80_DX156_DY156_CX78_CY33.swf" />
      <file href="story_content/67iSDeogrMj_22050_48.mp3" />
      <file href="story_content/6cz5NqvkWGp_80_P_737_289_762_835_DX1040_DY1040.swf" />
      <file href="mobile/6cz5NqvkWGp_80_P_737_289_762_835_DX1040_DY1040_CX154_CY169.png" />
      <file href="mobile/6cz5NqvkWGp_80_P_737_289_762_835_DX1040_DY1040_CX154_CY169.swf" />
      <file href="story_content/6cz5NqvkWGp_80_DX1040_DY1040.swf" />
      <file href="mobile/6cz5NqvkWGp_80_DX1040_DY1040_CX520_CY390.png" />
      <file href="mobile/6cz5NqvkWGp_80_DX1040_DY1040_CX520_CY390.swf" />
      <file href="meta.xml" />
      <file href="mobile/5Ul2ZLdmPXJ.jpg" />
      <file href="story_content/logo.swf" />
      <file href="story_content/frame.xml" />
      <file href="story_content/frame.js" />
      <file href="story_content/user.js" />
      <file href="mobile/app_store.png" />
      <file href="mobile/mobile_icon.png" />
      <file href="mobile/linen_background.jpg" />
      <file href="story_unsupported.html" />
      <file href="mobile/txt__default_6pWcOl5N9wl.png" />
      <file href="mobile/txt__default_6LhKCbLL4bc.png" />
      <file href="mobile/txt__default_6Cp317wxk1i.png" />
      <file href="mobile/txt__default_5uzcILuCPF2.png" />
      <file href="mobile/txt__default_5jli8GIzETG.png" />
      <file href="mobile/txt__default_5zbQERsfhty.png" />
      <file href="mobile/txt__default_64IzGjmMqA9.png" />
      <file href="mobile/txt__default_65PgBfWExTG.png" />
      <file href="mobile/txt__default_6pt93SLtfn4.png" />
      <file href="mobile/txt__default_6dfNAWxaKRx.png" />
      <file href="mobile/txt__default_6BBps0jaE7A.png" />
      <file href="mobile/txt__default_5b5c4Oe5SMN.png" />
      <file href="mobile/txt__default_6oNUXu23Ovg.png" />
      <file href="mobile/txt__default_6gmcF2eaUnU.png" />
      <file href="mobile/txt__default_6CeeLRfMod4.png" />
      <file href="mobile/txt__default_62I9IUS6G5Q.png" />
      <file href="mobile/txt__default_5YbUyemaE6z.png" />
      <file href="mobile/txt__default_6oAtFxvnhYn.png" />
      <file href="mobile/txt__default_6qSa8B6cFqx.png" />
      <file href="mobile/txt__default_60BxBCH9oBW.png" />
      <file href="mobile/txt__default_69sUephO48V.png" />
      <file href="mobile/txt__default_5fku5nRhO0w.png" />
      <file href="mobile/player.css" />
      <file href="mobile/player_compiled.js" />
      <file href="story_content/FontFactory.swf" />
      <file href="story_content/fonts.swf" />
      <file href="story_content/fonts.xml" />
      <file href="mobile/fonts.js" />
      <file href="story.swf" />
      <file href="story_content/frame.swf" />
      <file href="story_content/slides/5jDWLiqBaxl.swf" />
      <file href="mobile/slides/5jDWLiqBaxl.gz" />
      <file href="story_content/slides/5x5akDGxLMI.swf" />
      <file href="mobile/slides/5x5akDGxLMI.gz" />
      <file href="story_content/slides/61fU71D54yM.swf" />
      <file href="mobile/slides/61fU71D54yM.gz" />
      <file href="story_content/slides/6UIFsgpm5pe.swf" />
      <file href="mobile/slides/6UIFsgpm5pe.gz" />
      <file href="story_content/slides/5sF9jQ9ajUc.swf" />
      <file href="mobile/slides/5sF9jQ9ajUc.gz" />
      <file href="story_content/slides/6Fr41oj19RO.swf" />
      <file href="mobile/slides/6Fr41oj19RO.gz" />
      <file href="mobile/slides/61fU71D54yM.js" />
      <file href="story_content/slides/6FcabDumU0E.swf" />
      <file href="mobile/slides/6FcabDumU0E.gz" />
      <file href="mobile/slides/6Fr41oj19RO.js" />
      <file href="story_content/slides/5e899asDeDS.swf" />
      <file href="mobile/slides/5e899asDeDS.gz" />
      <file href="mobile/slides/6FcabDumU0E.js" />
      <file href="mobile/slides/5jDWLiqBaxl.js" />
      <file href="story_content/slides/5XWF5HbNTG5.swf" />
      <file href="mobile/slides/5XWF5HbNTG5.gz" />
      <file href="mobile/slides/5sF9jQ9ajUc.js" />
      <file href="story_content/slides/5d0YTjzTiPv.swf" />
      <file href="mobile/slides/5d0YTjzTiPv.gz" />
      <file href="mobile/slides/5x5akDGxLMI.js" />
      <file href="story_content/slides/63hc3Vmuduw.swf" />
      <file href="mobile/slides/63hc3Vmuduw.gz" />
      <file href="mobile/slides/5XWF5HbNTG5.js" />
      <file href="mobile/slides/6UIFsgpm5pe.js" />
      <file href="mobile/slides/5e899asDeDS.js" />
      <file href="story_content/slides/5vFfuKSxhVi.swf" />
      <file href="mobile/slides/5vFfuKSxhVi.gz" />
      <file href="mobile/slides/5d0YTjzTiPv.js" />
      <file href="story_content/slides/6Z38HKHmlOi.swf" />
      <file href="story_content/slides/6UBa9ye8ntz.swf" />
      <file href="mobile/slides/6Z38HKHmlOi.gz" />
      <file href="mobile/slides/6UBa9ye8ntz.gz" />
      <file href="story_content/slides/5uZGZAMtGGS.swf" />
      <file href="mobile/slides/63hc3Vmuduw.js" />
      <file href="mobile/slides/5uZGZAMtGGS.gz" />
      <file href="story_content/slides/64HwkI0ZJtw.swf" />
      <file href="mobile/slides/64HwkI0ZJtw.gz" />
      <file href="story_content/slides/6YfvTdAAcLl.swf" />
      <file href="mobile/slides/6YfvTdAAcLl.gz" />
      <file href="mobile/slides/5uZGZAMtGGS.js" />
      <file href="mobile/slides/5vFfuKSxhVi.js" />
      <file href="story_content/slides/5tJXHjwLGRY.swf" />
      <file href="mobile/slides/5tJXHjwLGRY.gz" />
      <file href="story_content/slides/6TCIGNuVaKy.swf" />
      <file href="mobile/slides/6TCIGNuVaKy.gz" />
      <file href="mobile/slides/6Z38HKHmlOi.js" />
      <file href="mobile/slides/6UBa9ye8ntz.js" />
      <file href="story_content/slides/6KXLENEDZCh.swf" />
      <file href="story_content/slides/6Hck45xmlLx.swf" />
      <file href="mobile/slides/6KXLENEDZCh.gz" />
      <file href="mobile/slides/6Hck45xmlLx.gz" />
      <file href="mobile/slides/64HwkI0ZJtw.js" />
      <file href="mobile/slides/6YfvTdAAcLl.js" />
      <file href="story_content/slides/69zk7eQwCNT.swf" />
      <file href="mobile/slides/5tJXHjwLGRY.js" />
      <file href="mobile/slides/69zk7eQwCNT.gz" />
      <file href="mobile/slides/6KXLENEDZCh.js" />
      <file href="story_content/slides/5cdBEnofvEq.swf" />
      <file href="story_content/slides/6ohTA7HnVwh.swf" />
      <file href="mobile/slides/6TCIGNuVaKy.js" />
      <file href="mobile/slides/6ohTA7HnVwh.gz" />
      <file href="story_content/slides/6gZjvYgS438.swf" />
      <file href="mobile/slides/5cdBEnofvEq.gz" />
      <file href="mobile/slides/6gZjvYgS438.gz" />
      <file href="mobile/slides/6Hck45xmlLx.js" />
      <file href="mobile/slides/69zk7eQwCNT.js" />
      <file href="story_content/slides/6gdDeBkLkaW.swf" />
      <file href="mobile/slides/6ohTA7HnVwh.js" />
      <file href="story_content/slides/6LiiviJVWco.swf" />
      <file href="mobile/slides/6LiiviJVWco.gz" />
      <file href="mobile/slides/5cdBEnofvEq.js" />
      <file href="story_content/slides/6JBSOeoWl4n.swf" />
      <file href="mobile/slides/6JBSOeoWl4n.gz" />
      <file href="mobile/slides/6gdDeBkLkaW.gz" />
      <file href="mobile/slides/6LiiviJVWco.js" />
      <file href="story_content/slides/6rb1IKgqtVf.swf" />
      <file href="mobile/slides/6rb1IKgqtVf.gz" />
      <file href="story_content/slides/6Bi53qIbuNz.swf" />
      <file href="mobile/slides/6Bi53qIbuNz.gz" />
      <file href="mobile/slides/6gZjvYgS438.js" />
      <file href="story_content/slides/5qY7oZGxRZI.swf" />
      <file href="mobile/slides/5qY7oZGxRZI.gz" />
      <file href="story_content/slides/6kLIXcdCIAd.swf" />
      <file href="mobile/slides/6kLIXcdCIAd.gz" />
      <file href="mobile/slides/6JBSOeoWl4n.js" />
      <file href="mobile/slides/6kLIXcdCIAd.js" />
      <file href="mobile/slides/6Bi53qIbuNz.js" />
      <file href="mobile/slides/5qY7oZGxRZI.js" />
      <file href="story_content/slides/6AKoevIqkel.swf" />
      <file href="mobile/slides/6gdDeBkLkaW.js" />
      <file href="mobile/slides/6AKoevIqkel.gz" />
      <file href="story_content/slides/5deVeh3DqBH.swf" />
      <file href="story_content/slides/6Jsz4SXjbtV.swf" />
      <file href="story_content/slides/5sEz2VVwYFC.swf" />
      <file href="mobile/slides/6Jsz4SXjbtV.gz" />
      <file href="mobile/slides/5sEz2VVwYFC.gz" />
      <file href="mobile/slides/5deVeh3DqBH.gz" />
      <file href="mobile/slides/6AKoevIqkel.js" />
      <file href="mobile/slides/5deVeh3DqBH.js" />
      <file href="mobile/slides/5sEz2VVwYFC.js" />
      <file href="story_content/slides/63cSZpxx479.swf" />
      <file href="mobile/slides/6rb1IKgqtVf.js" />
      <file href="mobile/slides/63cSZpxx479.gz" />
      <file href="mobile/slides/6Jsz4SXjbtV.js" />
      <file href="story_content/slides/6pHCTyDvFGO.swf" />
      <file href="story_content/slides/5dO4kabLyGR.swf" />
      <file href="story_content/slides/5nHHnNJzahf.swf" />
      <file href="mobile/slides/5dO4kabLyGR.gz" />
      <file href="mobile/slides/5nHHnNJzahf.gz" />
      <file href="mobile/slides/6pHCTyDvFGO.gz" />
      <file href="mobile/slides/63cSZpxx479.js" />
      <file href="mobile/slides/6pHCTyDvFGO.js" />
      <file href="mobile/slides/5dO4kabLyGR.js" />
      <file href="story_content/slides/6As7m2MZy9B.swf" />
      <file href="mobile/slides/6As7m2MZy9B.gz" />
      <file href="story_content/slides/5kQtzlQ1OGB.swf" />
      <file href="mobile/slides/6As7m2MZy9B.js" />
      <file href="mobile/slides/5kQtzlQ1OGB.gz" />
      <file href="mobile/slides/5nHHnNJzahf.js" />
      <file href="story_content/slides/60RgCvS9tQB.swf" />
      <file href="mobile/slides/60RgCvS9tQB.gz" />
      <file href="mobile/slides/60RgCvS9tQB.js" />
      <file href="story_content/slides/6JuG07Rc8C7.swf" />
      <file href="mobile/slides/6JuG07Rc8C7.gz" />
      <file href="mobile/slides/5kQtzlQ1OGB.js" />
      <file href="mobile/slides/6JuG07Rc8C7.js" />
      <file href="story_content/slides/6YkTjn9uJRJ.swf" />
      <file href="mobile/slides/6YkTjn9uJRJ.gz" />
      <file href="story_content/slides/5ekoeVTeYcI.swf" />
      <file href="mobile/slides/5ekoeVTeYcI.gz" />
      <file href="mobile/slides/5ekoeVTeYcI.js" />
      <file href="mobile/slides/6YkTjn9uJRJ.js" />
      <file href="story_content/data.swf" />
      <file href="mobile/data.gz" />
      <file href="mobile/data.js" />
      <file href="mobile/masks.js" />
      <file href="story.html" />
      <file href="story_html5.html" />
      <file href="index_lms_html5.html" />
      <file href="story_content/blank.html" />
      <file href="story_content/story.js" />
      <file href="amplaunch.html" />
      <file href="mobile/mobileinstall.html" />
      <file href="index_lms.html" />
      <file href="lms/AICCComm.html" />
      <file href="lms/AICCFunctions.js" />
      <file href="lms/API.js" />
      <file href="lms/APIConstants.js" />
      <file href="lms/blank.html" />
      <file href="lms/browsersniff.js" />
      <file href="lms/Configuration.js" />
      <file href="lms/goodbye.html" />
      <file href="lms/lms.js" />
      <file href="lms/LMSAPI.js" />
      <file href="lms/NONEFunctions.js" />
      <file href="lms/SCORM2004Functions.js" />
      <file href="lms/SCORMFunctions.js" />
      <file href="lms/UtilityFunctions.js" />
    </resource>
  </resources>
</manifest>