<?xml version="1.0" standalone="no"?>
<manifest identifier="_6gCkHrj2z9g_course_id" version="1.3" xmlns="http://www.imsglobal.org/xsd/imscp_v1p1" xmlns:adlcp="http://www.adlnet.org/xsd/adlcp_v1p3" xmlns:adlseq="http://www.adlnet.org/xsd/adlseq_v1p3" xmlns:adlnav="http://www.adlnet.org/xsd/adlnav_v1p3" xmlns:imsss="http://www.imsglobal.org/xsd/imsss" xmlns:xsi="http://www.w3.org/2001/XMLSchema-instance" xmlns:lom="http://ltsc.ieee.org/xsd/LOM" xsi:schemaLocation="http://www.imsglobal.org/xsd/imscp_v1p1 imscp_v1p1.xsd
                              http://www.adlnet.org/xsd/adlcp_v1p3 adlcp_v1p3.xsd
                              http://www.adlnet.org/xsd/adlseq_v1p3 adlseq_v1p3.xsd
                              http://www.adlnet.org/xsd/adlnav_v1p3 adlnav_v1p3.xsd
							  http://www.imsglobal.org/xsd/imsss imsss_v1p0.xsd
							  http://ltsc.ieee.org/xsd/LOM lom.xsd">
  <metadata>
    <schema>ADL SCORM</schema>
    <schemaversion>2004 4th Edition</schemaversion>
    <adlcp:location>metadata.xml</adlcp:location>
  </metadata>
  <organizations default="B?I_4_K?_TO?N_V?N_??U_T?_C?A_CSH,_C?C_NGU?N_V?N_CSH_V?_QU?_C?A_DN_ORG">
    <organization identifier="B?I_4_K?_TO?N_V?N_??U_T?_C?A_CSH,_C?C_NGU?N_V?N_CSH_V?_QU?_C?A_DN_ORG" adlseq:objectivesGlobalToSystem="false">
      <title>B?I 4 K? TO?N V?N ??U T? C?A CSH, C?C NGU?N V?N CSH V? QU? C?A DN</title>
      <item identifier="B?I_4_K?_TO?N_V?N_??U_T?_C?A_CSH,_C?C_NGU?N_V?N_CSH_V?_QU?_C?A_DN_SCO" identifierref="__6gCkHrj2z9g_course_id_RES" isvisible="true">
        <title>B?I 4 K? TO?N V?N ??U T? C?A CSH, C?C NGU?N V?N CSH V? QU? C?A DN</title>
        <imsss:sequencing>
          <imsss:controlMode choice="true" flow="true" />
          <imsss:deliveryControls tracked="true" completionSetByContent="true" objectiveSetByContent="true" />
        </imsss:sequencing>
      </item>
      <metadata>
        <adlcp:location>metadata.xml</adlcp:location>
      </metadata>
      <imsss:sequencing>
        <imsss:controlMode choice="true" flow="true" />
      </imsss:sequencing>
    </organization>
  </organizations>
  <resources>
    <resource identifier="__6gCkHrj2z9g_course_id_RES" type="webcontent" adlcp:scormType="sco" href="index_lms.html">
      <file href="story_content/thumbnail.jpg" />
      <file href="story_content/6Yd6oN0ozVw_80_DX1440_DY1440.swf" />
      <file href="mobile/6Yd6oN0ozVw_80_DX1440_DY1440_CX720_CY89.png" />
      <file href="mobile/6Yd6oN0ozVw_80_DX1440_DY1440_CX720_CY89.swf" />
      <file href="story_content/5l2dq75n47b_80_DX1440_DY1440.swf" />
      <file href="mobile/5l2dq75n47b_80_DX1440_DY1440_CX720_CY167.png" />
      <file href="mobile/5l2dq75n47b_80_DX1440_DY1440_CX720_CY167.swf" />
      <file href="story_content/5n79wNvEcfU_80_DX856_DY856.swf" />
      <file href="mobile/5n79wNvEcfU_80_DX856_DY856_CX428_CY223.png" />
      <file href="mobile/5n79wNvEcfU_80_DX856_DY856_CX428_CY223.swf" />
      <file href="story_content/5v1SxtdDbQr_22050_48.mp3" />
      <file href="story_content/6lfoBmFPccI_80_DX940_DY940.swf" />
      <file href="mobile/6lfoBmFPccI_80_DX940_DY940_CX470_CY75.png" />
      <file href="mobile/6lfoBmFPccI_80_DX940_DY940_CX470_CY75.swf" />
      <file href="story_content/5d4DqDAGeQ8_80_DX620_DY620.swf" />
      <file href="mobile/5d4DqDAGeQ8_80_DX620_DY620_CX218_CY310.png" />
      <file href="mobile/5d4DqDAGeQ8_80_DX620_DY620_CX218_CY310.swf" />
      <file href="story_content/6eknkNaoBdC_22050_48.mp3" />
      <file href="story_content/5duuPTTxX4u_80_DX560_DY560.jpg" />
      <file href="mobile/5duuPTTxX4u_80_DX560_DY560_CX280_CY140.jpg" />
      <file href="story_content/6YqRRlBDSTg_22050_48.mp3" />
      <file href="story_content/6CnBWvuRU10_80_DX626_DY626.swf" />
      <file href="mobile/6CnBWvuRU10_80_DX626_DY626_CX232_CY313.png" />
      <file href="mobile/6CnBWvuRU10_80_DX626_DY626_CX232_CY313.swf" />
      <file href="story_content/6e6NtRdQD9D_80_DX626_DY626.swf" />
      <file href="mobile/6e6NtRdQD9D_80_DX626_DY626_CX232_CY313.png" />
      <file href="mobile/6e6NtRdQD9D_80_DX626_DY626_CX232_CY313.swf" />
      <file href="story_content/5vtcWsmiEE7_22050_48.mp3" />
      <file href="story_content/5Yl39xkVX80_22050_48.mp3" />
      <file href="story_content/6bfbDofVCfe_80_DX1174_DY1174.swf" />
      <file href="mobile/6bfbDofVCfe_80_DX1174_DY1174_CX587_CY88.png" />
      <file href="mobile/6bfbDofVCfe_80_DX1174_DY1174_CX587_CY88.swf" />
      <file href="story_content/5g7Ww2t6ktz_80_DX1208_DY1208.swf" />
      <file href="mobile/5g7Ww2t6ktz_80_DX1208_DY1208_CX604_CY83.png" />
      <file href="mobile/5g7Ww2t6ktz_80_DX1208_DY1208_CX604_CY83.swf" />
      <file href="story_content/642p7ZdU3Yu_80_DX1104_DY1104.swf" />
      <file href="mobile/642p7ZdU3Yu_80_DX1104_DY1104_CX552_CY88.png" />
      <file href="mobile/642p7ZdU3Yu_80_DX1104_DY1104_CX552_CY88.swf" />
      <file href="story_content/6MIiyfe1mAR_22050_48.mp3" />
      <file href="story_content/6ro5eTwxajx_80_DX404_DY404.jpg" />
      <file href="mobile/6ro5eTwxajx_80_DX404_DY404_CX202_CY174.jpg" />
      <file href="story_content/5fEv2UpzgFz_22050_48.mp3" />
      <file href="story_content/6BoN7tpS1GN_80_DX534_DY534.swf" />
      <file href="mobile/6BoN7tpS1GN_80_DX534_DY534_CX267_CY144.png" />
      <file href="mobile/6BoN7tpS1GN_80_DX534_DY534_CX267_CY144.swf" />
      <file href="story_content/5nMFLxCdp8p_80_DX144_DY144.swf" />
      <file href="mobile/5nMFLxCdp8p_80_DX144_DY144_CX53_CY72.png" />
      <file href="mobile/5nMFLxCdp8p_80_DX144_DY144_CX53_CY72.swf" />
      <file href="story_content/5YWs8qnxHAL_80_DX144_DY144.swf" />
      <file href="mobile/5YWs8qnxHAL_80_DX144_DY144_CX60_CY72.png" />
      <file href="mobile/5YWs8qnxHAL_80_DX144_DY144_CX60_CY72.swf" />
      <file href="story_content/6Ku5Qqiw2tp_80_DX572_DY572.swf" />
      <file href="mobile/6Ku5Qqiw2tp_80_DX572_DY572_CX214_CY286.png" />
      <file href="mobile/6Ku5Qqiw2tp_80_DX572_DY572_CX214_CY286.swf" />
      <file href="story_content/6iMyAT6s9AO_80_DX160_DY160.swf" />
      <file href="mobile/6iMyAT6s9AO_80_DX160_DY160_CX58_CY80.png" />
      <file href="mobile/6iMyAT6s9AO_80_DX160_DY160_CX58_CY80.swf" />
      <file href="mobile/6Ku5Qqiw2tp_80_DX572_DY572_CX245_CY254.png" />
      <file href="mobile/6Ku5Qqiw2tp_80_DX572_DY572_CX245_CY254.swf" />
      <file href="story_content/6XUibvQJW4T_22050_48.mp3" />
      <file href="mobile/6Ku5Qqiw2tp_80_DX572_DY572_CX272_CY279.png" />
      <file href="mobile/6Ku5Qqiw2tp_80_DX572_DY572_CX272_CY279.swf" />
      <file href="story_content/6cX1Tlvhigl_22050_48.mp3" />
      <file href="story_content/6lF1aXVuLeI_80_DX1292_DY1292.swf" />
      <file href="mobile/6lF1aXVuLeI_80_DX1292_DY1292_CX646_CY326.png" />
      <file href="mobile/6lF1aXVuLeI_80_DX1292_DY1292_CX646_CY326.swf" />
      <file href="story_content/64ahM7dO5gc_22050_48.mp3" />
      <file href="story_content/5tFIufNKngV_22050_48.mp3" />
      <file href="story_content/6DanJpDvP0C_22050_48.mp3" />
      <file href="story_content/5X7k3AxcR7C_80_DX1440_DY1440.swf" />
      <file href="mobile/5X7k3AxcR7C_80_DX1440_DY1440_CX720_CY376.png" />
      <file href="mobile/5X7k3AxcR7C_80_DX1440_DY1440_CX720_CY376.swf" />
      <file href="story_content/6OcWDbrHJes_22050_48.mp3" />
      <file href="story_content/60QBssjzH09_80_DX1380_DY1380.swf" />
      <file href="mobile/60QBssjzH09_80_DX1380_DY1380_CX690_CY373.png" />
      <file href="mobile/60QBssjzH09_80_DX1380_DY1380_CX690_CY373.swf" />
      <file href="story_content/5tBASmZXu8D_22050_48.mp3" />
      <file href="story_content/5xbqfXYr4Cu_80_DX1410_DY1410.swf" />
      <file href="mobile/5xbqfXYr4Cu_80_DX1410_DY1410_CX705_CY386.png" />
      <file href="mobile/5xbqfXYr4Cu_80_DX1410_DY1410_CX705_CY386.swf" />
      <file href="story_content/6Wv2DXid0X3_22050_48.mp3" />
      <file href="story_content/6fcUNvBMCbS_80_DX1142_DY1142.swf" />
      <file href="mobile/6fcUNvBMCbS_80_DX1142_DY1142_CX571_CY130.png" />
      <file href="mobile/6fcUNvBMCbS_80_DX1142_DY1142_CX571_CY130.swf" />
      <file href="story_content/5d6q00UM4vF_80_DX1140_DY1140.swf" />
      <file href="mobile/5d6q00UM4vF_80_DX1140_DY1140_CX570_CY129.png" />
      <file href="mobile/5d6q00UM4vF_80_DX1140_DY1140_CX570_CY129.swf" />
      <file href="story_content/6gxsJI65ltD_80_DX1440_DY1440.swf" />
      <file href="mobile/6gxsJI65ltD_80_DX1440_DY1440_CX720_CY120.png" />
      <file href="mobile/6gxsJI65ltD_80_DX1440_DY1440_CX720_CY120.swf" />
      <file href="story_content/6hUTaoK50Vf_22050_48.mp3" />
      <file href="story_content/5jm0rxFjQgK_80_DX1440_DY1440.swf" />
      <file href="mobile/5jm0rxFjQgK_80_DX1440_DY1440_CX720_CY385.png" />
      <file href="mobile/5jm0rxFjQgK_80_DX1440_DY1440_CX720_CY385.swf" />
      <file href="story_content/5aLHCnSZMFY_22050_48.mp3" />
      <file href="story_content/6ecYhF3g7qJ_80_DX1440_DY1440.swf" />
      <file href="mobile/6ecYhF3g7qJ_80_DX1440_DY1440_CX720_CY326.png" />
      <file href="mobile/6ecYhF3g7qJ_80_DX1440_DY1440_CX720_CY326.swf" />
      <file href="story_content/69lFXEaLWOc_22050_48.mp3" />
      <file href="story_content/5r1k7s7EoW7_80_DX1440_DY1440.swf" />
      <file href="mobile/5r1k7s7EoW7_80_DX1440_DY1440_CX720_CY303.png" />
      <file href="mobile/5r1k7s7EoW7_80_DX1440_DY1440_CX720_CY303.swf" />
      <file href="story_content/6QCwp7waf7U_22050_48.mp3" />
      <file href="story_content/5fvLSjnJbDK_80_DX1256_DY1256.swf" />
      <file href="mobile/5fvLSjnJbDK_80_DX1256_DY1256_CX628_CY219.png" />
      <file href="mobile/5fvLSjnJbDK_80_DX1256_DY1256_CX628_CY219.swf" />
      <file href="story_content/6cvWOSn5Lbg_22050_48.mp3" />
      <file href="story_content/6cxJnShg1u2_80_DX1164_DY1164.swf" />
      <file href="mobile/6cxJnShg1u2_80_DX1164_DY1164_CX582_CY272.png" />
      <file href="mobile/6cxJnShg1u2_80_DX1164_DY1164_CX582_CY272.swf" />
      <file href="story_content/6j49X1qDkvO_22050_48.mp3" />
      <file href="story_content/6HXSPQDBxYi_80_DX1306_DY1306.swf" />
      <file href="mobile/6HXSPQDBxYi_80_DX1306_DY1306_CX653_CY374.png" />
      <file href="mobile/6HXSPQDBxYi_80_DX1306_DY1306_CX653_CY374.swf" />
      <file href="story_content/6nxeAswa6UN_22050_48.mp3" />
      <file href="story_content/5dGeFwWRvzq_80_DX1440_DY1440.swf" />
      <file href="mobile/5dGeFwWRvzq_80_DX1440_DY1440_CX720_CY377.png" />
      <file href="mobile/5dGeFwWRvzq_80_DX1440_DY1440_CX720_CY377.swf" />
      <file href="story_content/5lkVC7uEI02_22050_48.mp3" />
      <file href="story_content/6J3f5g1A5Rj_80_DX1210_DY1210.swf" />
      <file href="mobile/6J3f5g1A5Rj_80_DX1210_DY1210_CX605_CY337.png" />
      <file href="mobile/6J3f5g1A5Rj_80_DX1210_DY1210_CX605_CY337.swf" />
      <file href="story_content/5wykJFJqlGX_22050_48.mp3" />
      <file href="story_content/5xO6E1IJja7_80_DX1304_DY1304.swf" />
      <file href="mobile/5xO6E1IJja7_80_DX1304_DY1304_CX652_CY383.png" />
      <file href="mobile/5xO6E1IJja7_80_DX1304_DY1304_CX652_CY383.swf" />
      <file href="story_content/6AkKZJkPDOv_22050_48.mp3" />
      <file href="story_content/5Z6NOhNko3n_80_DX1348_DY1348.swf" />
      <file href="mobile/5Z6NOhNko3n_80_DX1348_DY1348_CX674_CY349.png" />
      <file href="mobile/5Z6NOhNko3n_80_DX1348_DY1348_CX674_CY349.swf" />
      <file href="story_content/6KbEYNrdTut_22050_48.mp3" />
      <file href="story_content/6Zdid6XSBSE_22050_48.mp3" />
      <file href="story_content/6nV5fjfellg_80_DX1304_DY1304.swf" />
      <file href="mobile/6nV5fjfellg_80_DX1304_DY1304_CX652_CY357.png" />
      <file href="mobile/6nV5fjfellg_80_DX1304_DY1304_CX652_CY357.swf" />
      <file href="story_content/6n2lVOCKDFj_22050_48.mp3" />
      <file href="story_content/61NyBbYIwp2_80_DX1382_DY1382.swf" />
      <file href="mobile/61NyBbYIwp2_80_DX1382_DY1382_CX691_CY376.png" />
      <file href="mobile/61NyBbYIwp2_80_DX1382_DY1382_CX691_CY376.swf" />
      <file href="story_content/6CD66Y1p0b0_22050_48.mp3" />
      <file href="story_content/6ONb69zgZRG_80_DX1356_DY1356.swf" />
      <file href="mobile/6ONb69zgZRG_80_DX1356_DY1356_CX678_CY383.png" />
      <file href="mobile/6ONb69zgZRG_80_DX1356_DY1356_CX678_CY383.swf" />
      <file href="story_content/5wYWD13mJsF_22050_48.mp3" />
      <file href="story_content/5Y2KL7bWrh6_80_DX1318_DY1318.swf" />
      <file href="mobile/5Y2KL7bWrh6_80_DX1318_DY1318_CX659_CY388.png" />
      <file href="mobile/5Y2KL7bWrh6_80_DX1318_DY1318_CX659_CY388.swf" />
      <file href="story_content/6FzzKmUwMQe_22050_48.mp3" />
      <file href="story_content/68gWzjtUJpb_80_DX1306_DY1306.swf" />
      <file href="mobile/68gWzjtUJpb_80_DX1306_DY1306_CX653_CY356.png" />
      <file href="mobile/68gWzjtUJpb_80_DX1306_DY1306_CX653_CY356.swf" />
      <file href="story_content/6ZYJlnLmLuZ_22050_48.mp3" />
      <file href="story_content/65XDgDVcrVt_80_DX1290_DY1290.swf" />
      <file href="mobile/65XDgDVcrVt_80_DX1290_DY1290_CX645_CY206.png" />
      <file href="mobile/65XDgDVcrVt_80_DX1290_DY1290_CX645_CY206.swf" />
      <file href="story_content/6fRRAD2e1gI_80_DX1440_DY1440.swf" />
      <file href="mobile/6fRRAD2e1gI_80_DX1440_DY1440_CX720_CY85.png" />
      <file href="mobile/6fRRAD2e1gI_80_DX1440_DY1440_CX720_CY85.swf" />
      <file href="story_content/6RfzXAp4vDU_22050_48.mp3" />
      <file href="story_content/67820ijC832_80_DX1342_DY1342.swf" />
      <file href="mobile/67820ijC832_80_DX1342_DY1342_CX671_CY330.png" />
      <file href="mobile/67820ijC832_80_DX1342_DY1342_CX671_CY330.swf" />
      <file href="story_content/5wIjuMMiDmW_22050_48.mp3" />
      <file href="story_content/6OJlG16g11h_80_DX1376_DY1376.swf" />
      <file href="mobile/6OJlG16g11h_80_DX1376_DY1376_CX688_CY436.png" />
      <file href="mobile/6OJlG16g11h_80_DX1376_DY1376_CX688_CY436.swf" />
      <file href="story_content/6VP6m8NbxaW_22050_48.mp3" />
      <file href="story_content/6ci3sVQzlHv_80_DX1354_DY1354.swf" />
      <file href="mobile/6ci3sVQzlHv_80_DX1354_DY1354_CX677_CY382.png" />
      <file href="mobile/6ci3sVQzlHv_80_DX1354_DY1354_CX677_CY382.swf" />
      <file href="story_content/6lreewL8KC5_22050_48.mp3" />
      <file href="story_content/6aAjUH4jCnQ_80_DX1396_DY1396.swf" />
      <file href="mobile/6aAjUH4jCnQ_80_DX1396_DY1396_CX698_CY253.png" />
      <file href="mobile/6aAjUH4jCnQ_80_DX1396_DY1396_CX698_CY253.swf" />
      <file href="story_content/6mSMbra3Ror_22050_48.mp3" />
      <file href="story_content/6fxkcKP0TC3_80_DX1330_DY1330.swf" />
      <file href="mobile/6fxkcKP0TC3_80_DX1330_DY1330_CX665_CY388.png" />
      <file href="mobile/6fxkcKP0TC3_80_DX1330_DY1330_CX665_CY388.swf" />
      <file href="story_content/5sRurwXlYxl_22050_48.mp3" />
      <file href="story_content/5keKSSZpmRS_80_DX1300_DY1300.swf" />
      <file href="mobile/5keKSSZpmRS_80_DX1300_DY1300_CX650_CY457.png" />
      <file href="mobile/5keKSSZpmRS_80_DX1300_DY1300_CX650_CY457.swf" />
      <file href="story_content/6LK7VRasMOk_22050_48.mp3" />
      <file href="story_content/6KvQI22LeCb_80_DX1354_DY1354.swf" />
      <file href="mobile/6KvQI22LeCb_80_DX1354_DY1354_CX677_CY239.png" />
      <file href="mobile/6KvQI22LeCb_80_DX1354_DY1354_CX677_CY239.swf" />
      <file href="story_content/6A0OqcuZ2mE_22050_48.mp3" />
      <file href="story_content/5hOfkArFDKG_80_DX1348_DY1348.swf" />
      <file href="mobile/5hOfkArFDKG_80_DX1348_DY1348_CX674_CY395.png" />
      <file href="mobile/5hOfkArFDKG_80_DX1348_DY1348_CX674_CY395.swf" />
      <file href="story_content/6IqOEzw64mz_22050_48.mp3" />
      <file href="story_content/6Qxsg44w0pr_80_DX1186_DY1186.swf" />
      <file href="mobile/6Qxsg44w0pr_80_DX1186_DY1186_CX593_CY346.png" />
      <file href="mobile/6Qxsg44w0pr_80_DX1186_DY1186_CX593_CY346.swf" />
      <file href="story_content/6QqSflTxKRd_22050_48.mp3" />
      <file href="story_content/6H8i0VEeovU_80_DX1440_DY1440.swf" />
      <file href="mobile/6H8i0VEeovU_80_DX1440_DY1440_CX720_CY388.png" />
      <file href="mobile/6H8i0VEeovU_80_DX1440_DY1440_CX720_CY388.swf" />
      <file href="story_content/6hxyfOkoK2V_22050_48.mp3" />
      <file href="story_content/67FrhFvWqbX_80_DX1264_DY1264.swf" />
      <file href="mobile/67FrhFvWqbX_80_DX1264_DY1264_CX632_CY354.png" />
      <file href="mobile/67FrhFvWqbX_80_DX1264_DY1264_CX632_CY354.swf" />
      <file href="story_content/6FR8sUiXXH9_22050_48.mp3" />
      <file href="story_content/5hXCHajcJcN_80_DX1342_DY1342.swf" />
      <file href="mobile/5hXCHajcJcN_80_DX1342_DY1342_CX671_CY432.png" />
      <file href="mobile/5hXCHajcJcN_80_DX1342_DY1342_CX671_CY432.swf" />
      <file href="story_content/6PD1dZtuWjT_22050_48.mp3" />
      <file href="story_content/6pEcvdYTxlS_80_DX1324_DY1324.swf" />
      <file href="mobile/6pEcvdYTxlS_80_DX1324_DY1324_CX662_CY474.png" />
      <file href="mobile/6pEcvdYTxlS_80_DX1324_DY1324_CX662_CY474.swf" />
      <file href="story_content/5chYNnniE3K_22050_48.mp3" />
      <file href="story_content/6VXueYrZ9el_80_DX1120_DY1120.swf" />
      <file href="mobile/6VXueYrZ9el_80_DX1120_DY1120_CX560_CY90.png" />
      <file href="mobile/6VXueYrZ9el_80_DX1120_DY1120_CX560_CY90.swf" />
      <file href="story_content/673ObR5YGwN_80_DX1294_DY1294.swf" />
      <file href="mobile/673ObR5YGwN_80_DX1294_DY1294_CX647_CY84.png" />
      <file href="mobile/673ObR5YGwN_80_DX1294_DY1294_CX647_CY84.swf" />
      <file href="story_content/5pHoGtmYO2l_80_DX1298_DY1298.swf" />
      <file href="mobile/5pHoGtmYO2l_80_DX1298_DY1298_CX649_CY88.png" />
      <file href="mobile/5pHoGtmYO2l_80_DX1298_DY1298_CX649_CY88.swf" />
      <file href="story_content/6WieyGzY6i8_80_DX1288_DY1288.swf" />
      <file href="mobile/6WieyGzY6i8_80_DX1288_DY1288_CX644_CY80.png" />
      <file href="mobile/6WieyGzY6i8_80_DX1288_DY1288_CX644_CY80.swf" />
      <file href="story_content/6msizTMx03i_22050_48.mp3" />
      <file href="story_content/66zy6Dx8Ip5_80_P_0_0_1000_787_DX416_DY416.swf" />
      <file href="mobile/66zy6Dx8Ip5_80_P_0_0_1000_787_DX416_DY416_CX208_CY164.png" />
      <file href="mobile/66zy6Dx8Ip5_80_P_0_0_1000_787_DX416_DY416_CX208_CY164.swf" />
      <file href="story_content/6drxHvVGJEI_80_DX1040_DY1040.swf" />
      <file href="mobile/6drxHvVGJEI_80_DX1040_DY1040_CX520_CY390.png" />
      <file href="mobile/6drxHvVGJEI_80_DX1040_DY1040_CX520_CY390.swf" />
      <file href="meta.xml" />
      <file href="mobile/5in02gboso5.jpg" />
      <file href="story_content/logo.swf" />
      <file href="story_content/frame.xml" />
      <file href="story_content/frame.js" />
      <file href="story_content/user.js" />
      <file href="mobile/app_store.png" />
      <file href="mobile/mobile_icon.png" />
      <file href="mobile/linen_background.jpg" />
      <file href="story_unsupported.html" />
      <file href="mobile/player.css" />
      <file href="mobile/player_compiled.js" />
      <file href="story_content/FontFactory.swf" />
      <file href="story_content/fonts.swf" />
      <file href="story_content/fonts.xml" />
      <file href="mobile/fonts.js" />
      <file href="story.swf" />
      <file href="story_content/frame.swf" />
      <file href="story_content/slides/5r9bGcsjfMV.swf" />
      <file href="mobile/slides/5r9bGcsjfMV.gz" />
      <file href="story_content/slides/692qi3HQg47.swf" />
      <file href="mobile/slides/692qi3HQg47.gz" />
      <file href="story_content/slides/69NYxszZcKc.swf" />
      <file href="mobile/slides/69NYxszZcKc.gz" />
      <file href="story_content/slides/5gnzcQTRu0h.swf" />
      <file href="mobile/slides/5gnzcQTRu0h.gz" />
      <file href="story_content/slides/63qOtK5PQ9J.swf" />
      <file href="mobile/slides/63qOtK5PQ9J.gz" />
      <file href="story_content/slides/6qpj4KbU3pT.swf" />
      <file href="mobile/slides/6qpj4KbU3pT.gz" />
      <file href="mobile/slides/692qi3HQg47.js" />
      <file href="story_content/slides/61jTC0C6Mw0.swf" />
      <file href="mobile/slides/5r9bGcsjfMV.js" />
      <file href="mobile/slides/61jTC0C6Mw0.gz" />
      <file href="story_content/slides/6mdosaXkscU.swf" />
      <file href="mobile/slides/6mdosaXkscU.gz" />
      <file href="mobile/slides/61jTC0C6Mw0.js" />
      <file href="story_content/slides/5gTzIfvmUJB.swf" />
      <file href="mobile/slides/5gnzcQTRu0h.js" />
      <file href="mobile/slides/5gTzIfvmUJB.gz" />
      <file href="mobile/slides/6qpj4KbU3pT.js" />
      <file href="story_content/slides/5ZPn9PsH30T.swf" />
      <file href="mobile/slides/5ZPn9PsH30T.gz" />
      <file href="story_content/slides/6puM86GKXot.swf" />
      <file href="mobile/slides/6puM86GKXot.gz" />
      <file href="mobile/slides/69NYxszZcKc.js" />
      <file href="mobile/slides/5ZPn9PsH30T.js" />
      <file href="story_content/slides/5sIKHYPugy9.swf" />
      <file href="mobile/slides/5sIKHYPugy9.gz" />
      <file href="story_content/slides/5wIJ2aOEQuj.swf" />
      <file href="mobile/slides/5wIJ2aOEQuj.gz" />
      <file href="mobile/slides/6mdosaXkscU.js" />
      <file href="story_content/slides/5tDMcpTNrYq.swf" />
      <file href="mobile/slides/5tDMcpTNrYq.gz" />
      <file href="mobile/slides/5sIKHYPugy9.js" />
      <file href="story_content/slides/6XxWf3fxSm0.swf" />
      <file href="mobile/slides/6XxWf3fxSm0.gz" />
      <file href="mobile/slides/5wIJ2aOEQuj.js" />
      <file href="story_content/slides/6OB9bpZU44F.swf" />
      <file href="mobile/slides/6OB9bpZU44F.gz" />
      <file href="mobile/slides/6XxWf3fxSm0.js" />
      <file href="story_content/slides/5i9wAtmlfkI.swf" />
      <file href="mobile/slides/6puM86GKXot.js" />
      <file href="mobile/slides/5i9wAtmlfkI.gz" />
      <file href="mobile/slides/63qOtK5PQ9J.js" />
      <file href="mobile/slides/6OB9bpZU44F.js" />
      <file href="mobile/slides/5tDMcpTNrYq.js" />
      <file href="story_content/slides/5jKmnyRk2NP.swf" />
      <file href="mobile/slides/5jKmnyRk2NP.gz" />
      <file href="mobile/slides/5i9wAtmlfkI.js" />
      <file href="story_content/slides/6ULdmO7bjKk.swf" />
      <file href="story_content/slides/67R6wIgPJ0K.swf" />
      <file href="story_content/slides/6jgWgBYSp5T.swf" />
      <file href="mobile/slides/6ULdmO7bjKk.gz" />
      <file href="story_content/slides/6DE4zl9Je2C.swf" />
      <file href="mobile/slides/67R6wIgPJ0K.gz" />
      <file href="mobile/slides/5gTzIfvmUJB.js" />
      <file href="mobile/slides/6DE4zl9Je2C.gz" />
      <file href="mobile/slides/6jgWgBYSp5T.gz" />
      <file href="mobile/slides/5jKmnyRk2NP.js" />
      <file href="mobile/slides/67R6wIgPJ0K.js" />
      <file href="story_content/slides/68TazWYpv7O.swf" />
      <file href="mobile/slides/68TazWYpv7O.gz" />
      <file href="story_content/slides/5st5Zu32P4n.swf" />
      <file href="mobile/slides/5st5Zu32P4n.gz" />
      <file href="mobile/slides/6DE4zl9Je2C.js" />
      <file href="story_content/slides/6hgFGvu08Nc.swf" />
      <file href="mobile/slides/6hgFGvu08Nc.gz" />
      <file href="story_content/slides/6ka51OUaOfW.swf" />
      <file href="mobile/slides/5st5Zu32P4n.js" />
      <file href="mobile/slides/6ka51OUaOfW.gz" />
      <file href="mobile/slides/68TazWYpv7O.js" />
      <file href="story_content/slides/6VhKANKcsac.swf" />
      <file href="mobile/slides/6VhKANKcsac.gz" />
      <file href="story_content/slides/6RfUUfZPm1z.swf" />
      <file href="mobile/slides/6RfUUfZPm1z.gz" />
      <file href="mobile/slides/6ka51OUaOfW.js" />
      <file href="mobile/slides/6RfUUfZPm1z.js" />
      <file href="mobile/slides/6VhKANKcsac.js" />
      <file href="story_content/slides/5yXUU6pkgGy.swf" />
      <file href="story_content/slides/60ykSPAmvtX.swf" />
      <file href="mobile/slides/60ykSPAmvtX.gz" />
      <file href="mobile/slides/5yXUU6pkgGy.gz" />
      <file href="mobile/slides/6hgFGvu08Nc.js" />
      <file href="story_content/slides/5lJWozqbfq3.swf" />
      <file href="mobile/slides/5lJWozqbfq3.gz" />
      <file href="mobile/slides/6ULdmO7bjKk.js" />
      <file href="mobile/slides/60ykSPAmvtX.js" />
      <file href="story_content/slides/5mJMX5skShy.swf" />
      <file href="story_content/slides/5YSRbmvSOuf.swf" />
      <file href="mobile/slides/5YSRbmvSOuf.gz" />
      <file href="mobile/slides/5mJMX5skShy.gz" />
      <file href="mobile/slides/6jgWgBYSp5T.js" />
      <file href="story_content/slides/6Hz1kCSevBn.swf" />
      <file href="mobile/slides/5yXUU6pkgGy.js" />
      <file href="mobile/slides/5lJWozqbfq3.js" />
      <file href="story_content/slides/6mcbhKM0HQ7.swf" />
      <file href="mobile/slides/6mcbhKM0HQ7.gz" />
      <file href="mobile/slides/6Hz1kCSevBn.gz" />
      <file href="story_content/slides/5p8D0zOHHPa.swf" />
      <file href="story_content/slides/6VqDvBzGc04.swf" />
      <file href="mobile/slides/5p8D0zOHHPa.gz" />
      <file href="mobile/slides/6VqDvBzGc04.gz" />
      <file href="mobile/slides/5YSRbmvSOuf.js" />
      <file href="mobile/slides/5mJMX5skShy.js" />
      <file href="story_content/slides/6AtOFMZSjVJ.swf" />
      <file href="story_content/slides/6HKFVt72bLx.swf" />
      <file href="mobile/slides/6AtOFMZSjVJ.gz" />
      <file href="mobile/slides/6HKFVt72bLx.gz" />
      <file href="mobile/slides/5p8D0zOHHPa.js" />
      <file href="mobile/slides/6VqDvBzGc04.js" />
      <file href="mobile/slides/6mcbhKM0HQ7.js" />
      <file href="mobile/slides/6HKFVt72bLx.js" />
      <file href="mobile/slides/6Hz1kCSevBn.js" />
      <file href="story_content/slides/6aT0x0jGEmf.swf" />
      <file href="story_content/slides/5oNLIpMr7kf.swf" />
      <file href="story_content/slides/5frsuchQpP4.swf" />
      <file href="mobile/slides/5oNLIpMr7kf.gz" />
      <file href="mobile/slides/5frsuchQpP4.gz" />
      <file href="mobile/slides/6aT0x0jGEmf.gz" />
      <file href="story_content/slides/5xH6fB0JppY.swf" />
      <file href="story_content/slides/6Tb0dJvOUBc.swf" />
      <file href="mobile/slides/6Tb0dJvOUBc.gz" />
      <file href="mobile/slides/5xH6fB0JppY.gz" />
      <file href="mobile/slides/6AtOFMZSjVJ.js" />
      <file href="mobile/slides/5frsuchQpP4.js" />
      <file href="mobile/slides/5oNLIpMr7kf.js" />
      <file href="story_content/slides/5hDNyP4qOQo.swf" />
      <file href="story_content/slides/6Vrjgbt48r1.swf" />
      <file href="mobile/slides/6Vrjgbt48r1.gz" />
      <file href="mobile/slides/5hDNyP4qOQo.gz" />
      <file href="mobile/slides/5xH6fB0JppY.js" />
      <file href="story_content/slides/5c0I6xNWNZC.swf" />
      <file href="mobile/slides/5c0I6xNWNZC.gz" />
      <file href="mobile/slides/5hDNyP4qOQo.js" />
      <file href="mobile/slides/6aT0x0jGEmf.js" />
      <file href="story_content/slides/5X9YHxIPQ0I.swf" />
      <file href="mobile/slides/6Tb0dJvOUBc.js" />
      <file href="mobile/slides/5X9YHxIPQ0I.gz" />
      <file href="story_content/slides/69ubqJbMkh6.swf" />
      <file href="mobile/slides/69ubqJbMkh6.gz" />
      <file href="mobile/slides/6Vrjgbt48r1.js" />
      <file href="mobile/slides/5c0I6xNWNZC.js" />
      <file href="mobile/slides/5X9YHxIPQ0I.js" />
      <file href="story_content/slides/6mbzVjS2EKe.swf" />
      <file href="mobile/slides/6mbzVjS2EKe.gz" />
      <file href="mobile/slides/69ubqJbMkh6.js" />
      <file href="mobile/slides/6mbzVjS2EKe.js" />
      <file href="story_content/slides/6dazbRMUoe2.swf" />
      <file href="mobile/slides/6dazbRMUoe2.gz" />
      <file href="story_content/slides/5x9OhDDgjVE.swf" />
      <file href="mobile/slides/5x9OhDDgjVE.gz" />
      <file href="mobile/slides/6dazbRMUoe2.js" />
      <file href="mobile/slides/5x9OhDDgjVE.js" />
      <file href="story_content/slides/5aCrYcCONMp.swf" />
      <file href="mobile/slides/5aCrYcCONMp.gz" />
      <file href="mobile/slides/5aCrYcCONMp.js" />
      <file href="story_content/slides/6n7k4yJFsmn.swf" />
      <file href="mobile/slides/6n7k4yJFsmn.gz" />
      <file href="mobile/slides/6n7k4yJFsmn.js" />
      <file href="story_content/slides/5z1LxGmw6wc.swf" />
      <file href="mobile/slides/5z1LxGmw6wc.gz" />
      <file href="mobile/slides/5z1LxGmw6wc.js" />
      <file href="story_content/data.swf" />
      <file href="mobile/data.gz" />
      <file href="mobile/data.js" />
      <file href="mobile/masks.js" />
      <file href="story.html" />
      <file href="story_html5.html" />
      <file href="index_lms_html5.html" />
      <file href="story_content/blank.html" />
      <file href="story_content/story.js" />
      <file href="amplaunch.html" />
      <file href="mobile/mobileinstall.html" />
      <file href="index_lms.html" />
      <file href="lms/AICCComm.html" />
      <file href="lms/AICCFunctions.js" />
      <file href="lms/API.js" />
      <file href="lms/APIConstants.js" />
      <file href="lms/blank.html" />
      <file href="lms/browsersniff.js" />
      <file href="lms/Configuration.js" />
      <file href="lms/goodbye.html" />
      <file href="lms/lms.js" />
      <file href="lms/LMSAPI.js" />
      <file href="lms/NONEFunctions.js" />
      <file href="lms/SCORM2004Functions.js" />
      <file href="lms/SCORMFunctions.js" />
      <file href="lms/UtilityFunctions.js" />
    </resource>
  </resources>
</manifest>