<?xml version="1.0" standalone="no"?>
<manifest identifier="_6DGa0Mgezss_course_id" version="1.3" xmlns="http://www.imsglobal.org/xsd/imscp_v1p1" xmlns:adlcp="http://www.adlnet.org/xsd/adlcp_v1p3" xmlns:adlseq="http://www.adlnet.org/xsd/adlseq_v1p3" xmlns:adlnav="http://www.adlnet.org/xsd/adlnav_v1p3" xmlns:imsss="http://www.imsglobal.org/xsd/imsss" xmlns:xsi="http://www.w3.org/2001/XMLSchema-instance" xmlns:lom="http://ltsc.ieee.org/xsd/LOM" xsi:schemaLocation="http://www.imsglobal.org/xsd/imscp_v1p1 imscp_v1p1.xsd
                              http://www.adlnet.org/xsd/adlcp_v1p3 adlcp_v1p3.xsd
                              http://www.adlnet.org/xsd/adlseq_v1p3 adlseq_v1p3.xsd
                              http://www.adlnet.org/xsd/adlnav_v1p3 adlnav_v1p3.xsd
							  http://www.imsglobal.org/xsd/imsss imsss_v1p0.xsd
							  http://ltsc.ieee.org/xsd/LOM lom.xsd">
  <metadata>
    <schema>ADL SCORM</schema>
    <schemaversion>2004 4th Edition</schemaversion>
    <adlcp:location>metadata.xml</adlcp:location>
  </metadata>
  <organizations default="B?I_1_K?_TO?N_V?N_B?NG_TI?N_ORG">
    <organization identifier="B?I_1_K?_TO?N_V?N_B?NG_TI?N_ORG" adlseq:objectivesGlobalToSystem="false">
      <title>B?I 1 K? TO?N V?N B?NG TI?N</title>
      <item identifier="B?I_1_K?_TO?N_V?N_B?NG_TI?N_SCO" identifierref="__6DGa0Mgezss_course_id_RES" isvisible="true">
        <title>B?I 1 K? TO?N V?N B?NG TI?N</title>
        <imsss:sequencing>
          <imsss:controlMode choice="true" flow="true" />
          <imsss:deliveryControls tracked="true" completionSetByContent="true" objectiveSetByContent="true" />
        </imsss:sequencing>
      </item>
      <metadata>
        <adlcp:location>metadata.xml</adlcp:location>
      </metadata>
      <imsss:sequencing>
        <imsss:controlMode choice="true" flow="true" />
      </imsss:sequencing>
    </organization>
  </organizations>
  <resources>
    <resource identifier="__6DGa0Mgezss_course_id_RES" type="webcontent" adlcp:scormType="sco" href="index_lms.html">
      <file href="story_content/thumbnail.jpg" />
      <file href="story_content/5zBp8kMtkvL_22050_48.mp3" />
      <file href="story_content/6k15cuRNnP9_80_DX728_DY728.jpg" />
      <file href="mobile/6k15cuRNnP9_80_DX728_DY728_CX364_CY241.jpg" />
      <file href="story_content/5jxIsZB5sGU_22050_48.mp3" />
      <file href="story_content/txt__default_62KaXJEOyjA.swf" />
      <file href="story_content/5UmANCT4Q9g_80_DX760_DY760.swf" />
      <file href="mobile/5UmANCT4Q9g_80_DX760_DY760_CX380_CY376.png" />
      <file href="mobile/5UmANCT4Q9g_80_DX760_DY760_CX380_CY376.swf" />
      <file href="story_content/6M1ule7TeEV_X_80_DX636_DY636.swf" />
      <file href="mobile/6M1ule7TeEV_X_80_DX636_DY636_CX318_CY310.png" />
      <file href="mobile/6M1ule7TeEV_X_80_DX636_DY636_CX318_CY310.swf" />
      <file href="story_content/5zmEK9krz0g_22050_48.mp3" />
      <file href="story_content/6rQp5AzFo98_22050_48.mp3" />
      <file href="story_content/6hGQTGRMTZU_80_DX212_DY212.jpg" />
      <file href="mobile/6hGQTGRMTZU_80_DX212_DY212_CX106_CY106.jpg" />
      <file href="story_content/6gCCL87Sgap_80_DX302_DY302.jpg" />
      <file href="mobile/6gCCL87Sgap_80_DX302_DY302_CX151_CY112.jpg" />
      <file href="story_content/6q012aw0rNh_80_DX302_DY302.jpg" />
      <file href="mobile/6q012aw0rNh_80_DX302_DY302_CX151_CY101.jpg" />
      <file href="story_content/5uYNdpRykpz_80_DX876_DY876.swf" />
      <file href="mobile/5uYNdpRykpz_80_DX876_DY876_CX438_CY247.png" />
      <file href="mobile/5uYNdpRykpz_80_DX876_DY876_CX438_CY247.swf" />
      <file href="story_content/6E9ywauv4yg_22050_48.mp3" />
      <file href="story_content/6i7pt9asFgd_80_DX570_DY570.swf" />
      <file href="mobile/6i7pt9asFgd_80_DX570_DY570_CX285_CY180.png" />
      <file href="mobile/6i7pt9asFgd_80_DX570_DY570_CX285_CY180.swf" />
      <file href="story_content/5x6J9PMs9Q7_22050_48.mp3" />
      <file href="story_content/6GAYb2cObv3_22050_48.mp3" />
      <file href="story_content/6QRCi220hNk_80_DX738_DY738.jpg" />
      <file href="mobile/6QRCi220hNk_80_DX738_DY738_CX369_CY227.jpg" />
      <file href="story_content/6TMp7R8ppmK_22050_48.mp3" />
      <file href="story_content/txt__default_65fgCrOUeMo.swf" />
      <file href="story_content/txt__default_6Krf6aYMunq.swf" />
      <file href="story_content/txt__default_6qo8gtfAaxg.swf" />
      <file href="story_content/txt__default_5YE3SfeQg4U.swf" />
      <file href="story_content/6ivIgxXn6jS_Y_80_DX378_DY378.swf" />
      <file href="mobile/6ivIgxXn6jS_Y_80_DX378_DY378_CX189_CY54.png" />
      <file href="mobile/6ivIgxXn6jS_Y_80_DX378_DY378_CX189_CY54.swf" />
      <file href="story_content/txt__default_5orrurDYtLx.swf" />
      <file href="story_content/6rka1l7dInm_22050_48.mp3" />
      <file href="story_content/6ol1dzs8czq_80_DX748_DY748.swf" />
      <file href="mobile/6ol1dzs8czq_80_DX748_DY748_CX374_CY187.png" />
      <file href="mobile/6ol1dzs8czq_80_DX748_DY748_CX374_CY187.swf" />
      <file href="story_content/6PEeGb33m21_22050_48.mp3" />
      <file href="story_content/txt__default_67W1FQun4Ci_link00000004-0000-0000-0000-000000000000.swf" />
      <file href="story_content/txt__default_67W1FQun4Ci_link00000003-0000-0000-0000-000000000000.swf" />
      <file href="story_content/txt__default_67W1FQun4Ci_link00000002-0000-0000-0000-000000000000.swf" />
      <file href="story_content/txt__default_67W1FQun4Ci_link00000001-0000-0000-0000-000000000000.swf" />
      <file href="story_content/txt__default_67W1FQun4Ci.swf" />
      <file href="story_content/5bKZGaz2QWS_22050_48.mp3" />
      <file href="story_content/69Q6SszZEax_22050_48.mp3" />
      <file href="story_content/6a7pAa1JPiX_80_P_0_0_1252_126_DX1248_DY1248.swf" />
      <file href="mobile/6a7pAa1JPiX_80_P_0_0_1252_126_DX1248_DY1248_CX624_CY62.png" />
      <file href="mobile/6a7pAa1JPiX_80_P_0_0_1252_126_DX1248_DY1248_CX624_CY62.swf" />
      <file href="story_content/6a7pAa1JPiX_80_P_0_539_1252_128_DX1248_DY1248.swf" />
      <file href="mobile/6a7pAa1JPiX_80_P_0_539_1252_128_DX1248_DY1248_CX624_CY63.png" />
      <file href="mobile/6a7pAa1JPiX_80_P_0_539_1252_128_DX1248_DY1248_CX624_CY63.swf" />
      <file href="story_content/6a7pAa1JPiX_80_DX1248_DY1248.swf" />
      <file href="mobile/6a7pAa1JPiX_80_DX1248_DY1248_CX624_CY328.png" />
      <file href="mobile/6a7pAa1JPiX_80_DX1248_DY1248_CX624_CY328.swf" />
      <file href="story_content/6a7pAa1JPiX_80_P_0_397_1252_138_DX1248_DY1248.swf" />
      <file href="mobile/6a7pAa1JPiX_80_P_0_397_1252_138_DX1248_DY1248_CX624_CY68.png" />
      <file href="mobile/6a7pAa1JPiX_80_P_0_397_1252_138_DX1248_DY1248_CX624_CY68.swf" />
      <file href="story_content/6a7pAa1JPiX_80_P_0_260_1252_144_DX1248_DY1248.swf" />
      <file href="mobile/6a7pAa1JPiX_80_P_0_260_1252_144_DX1248_DY1248_CX624_CY71.png" />
      <file href="mobile/6a7pAa1JPiX_80_P_0_260_1252_144_DX1248_DY1248_CX624_CY71.swf" />
      <file href="story_content/6a7pAa1JPiX_80_P_0_130_1252_134_DX1248_DY1248.swf" />
      <file href="mobile/6a7pAa1JPiX_80_P_0_130_1252_134_DX1248_DY1248_CX624_CY66.png" />
      <file href="mobile/6a7pAa1JPiX_80_P_0_130_1252_134_DX1248_DY1248_CX624_CY66.swf" />
      <file href="story_content/6arWRVqN1xw_80_DX176_DY176.swf" />
      <file href="mobile/6arWRVqN1xw_80_DX176_DY176_CX88_CY88.png" />
      <file href="mobile/6arWRVqN1xw_80_DX176_DY176_CX88_CY88.swf" />
      <file href="story_content/6BXlslU4laC_80_DX176_DY176.swf" />
      <file href="mobile/6BXlslU4laC_80_DX176_DY176_CX88_CY88.png" />
      <file href="mobile/6BXlslU4laC_80_DX176_DY176_CX88_CY88.swf" />
      <file href="story_content/6F8WRPEYjRn_80_DX176_DY176.swf" />
      <file href="mobile/6F8WRPEYjRn_80_DX176_DY176_CX88_CY88.png" />
      <file href="mobile/6F8WRPEYjRn_80_DX176_DY176_CX88_CY88.swf" />
      <file href="story_content/61mOVQiywkt_22050_48.mp3" />
      <file href="story_content/5rAPn47OQsP_80_DX388_DY388.swf" />
      <file href="mobile/5rAPn47OQsP_80_DX388_DY388_CX194_CY168.png" />
      <file href="mobile/5rAPn47OQsP_80_DX388_DY388_CX194_CY168.swf" />
      <file href="story_content/5X4oYTVL48r_22050_48.mp3" />
      <file href="story_content/6DUEmFB8GQo_80_DX196_DY196.swf" />
      <file href="mobile/6DUEmFB8GQo_80_DX196_DY196_CX71_CY98.png" />
      <file href="mobile/6DUEmFB8GQo_80_DX196_DY196_CX71_CY98.swf" />
      <file href="story_content/6d4l9rrl9XD_X_80_DX196_DY196.swf" />
      <file href="mobile/6d4l9rrl9XD_X_80_DX196_DY196_CX71_CY98.png" />
      <file href="mobile/6d4l9rrl9XD_X_80_DX196_DY196_CX71_CY98.swf" />
      <file href="story_content/6IahSMuYMyM_22050_48.mp3" />
      <file href="story_content/6ZevEmjtkty_80_DX1124_DY1124.swf" />
      <file href="mobile/6ZevEmjtkty_80_DX1124_DY1124_CX562_CY401.png" />
      <file href="mobile/6ZevEmjtkty_80_DX1124_DY1124_CX562_CY401.swf" />
      <file href="story_content/6msRw96svXu_22050_48.mp3" />
      <file href="story_content/5bBCN0236Se_80_DX134_DY134.swf" />
      <file href="mobile/5bBCN0236Se_80_DX134_DY134_CX67_CY30.png" />
      <file href="mobile/5bBCN0236Se_80_DX134_DY134_CX67_CY30.swf" />
      <file href="story_content/6Lq5SZBojaI_80_DX132_DY132.swf" />
      <file href="mobile/6Lq5SZBojaI_80_DX132_DY132_CX66_CY30.png" />
      <file href="mobile/6Lq5SZBojaI_80_DX132_DY132_CX66_CY30.swf" />
      <file href="story_content/6gz5qjVMwad_80_DX134_DY134.swf" />
      <file href="mobile/6gz5qjVMwad_80_DX134_DY134_CX67_CY30.png" />
      <file href="mobile/6gz5qjVMwad_80_DX134_DY134_CX67_CY30.swf" />
      <file href="story_content/6AE1NJzj2OV_22050_48.mp3" />
      <file href="story_content/6OebjgeJw8f_80_DX270_DY270.swf" />
      <file href="mobile/6OebjgeJw8f_80_DX270_DY270_CX133_CY135.png" />
      <file href="mobile/6OebjgeJw8f_80_DX270_DY270_CX133_CY135.swf" />
      <file href="story_content/6H1kupuUsmG_80_DX218_DY218.swf" />
      <file href="mobile/6H1kupuUsmG_80_DX218_DY218_CX106_CY109.png" />
      <file href="mobile/6H1kupuUsmG_80_DX218_DY218_CX106_CY109.swf" />
      <file href="story_content/6RlKDreJhyq_80_DX164_DY164.swf" />
      <file href="mobile/6RlKDreJhyq_80_DX164_DY164_CX77_CY82.png" />
      <file href="mobile/6RlKDreJhyq_80_DX164_DY164_CX77_CY82.swf" />
      <file href="story_content/6UkZ59Jrwct_80_DX110_DY110.swf" />
      <file href="mobile/6UkZ59Jrwct_80_DX110_DY110_CX50_CY55.png" />
      <file href="mobile/6UkZ59Jrwct_80_DX110_DY110_CX50_CY55.swf" />
      <file href="story_content/5jaos8XosKl_80_DX270_DY270.swf" />
      <file href="mobile/5jaos8XosKl_80_DX270_DY270_CX54_CY135.png" />
      <file href="mobile/5jaos8XosKl_80_DX270_DY270_CX54_CY135.swf" />
      <file href="story_content/6BSiItHXGaB_80_DX272_DY272.swf" />
      <file href="mobile/6BSiItHXGaB_80_DX272_DY272_CX136_CY129.png" />
      <file href="mobile/6BSiItHXGaB_80_DX272_DY272_CX136_CY129.swf" />
      <file href="story_content/5nWeYDooOzL_80_DX218_DY218.swf" />
      <file href="mobile/5nWeYDooOzL_80_DX218_DY218_CX109_CY103.png" />
      <file href="mobile/5nWeYDooOzL_80_DX218_DY218_CX109_CY103.swf" />
      <file href="story_content/6Am2sTAC2Ds_80_DX158_DY158.swf" />
      <file href="mobile/6Am2sTAC2Ds_80_DX158_DY158_CX79_CY78.png" />
      <file href="mobile/6Am2sTAC2Ds_80_DX158_DY158_CX79_CY78.swf" />
      <file href="story_content/5p6w5kKeV87_80_DX104_DY104.swf" />
      <file href="mobile/5p6w5kKeV87_80_DX104_DY104_CX51_CY52.png" />
      <file href="mobile/5p6w5kKeV87_80_DX104_DY104_CX51_CY52.swf" />
      <file href="story_content/6hlHcMYiewY_80_DX258_DY258.swf" />
      <file href="mobile/6hlHcMYiewY_80_DX258_DY258_CX55_CY129.png" />
      <file href="mobile/6hlHcMYiewY_80_DX258_DY258_CX55_CY129.swf" />
      <file href="story_content/5qRt0P5mN9a_80_DX176_DY176.swf" />
      <file href="mobile/5qRt0P5mN9a_80_DX176_DY176_CX13_CY88.png" />
      <file href="mobile/5qRt0P5mN9a_80_DX176_DY176_CX13_CY88.swf" />
      <file href="story_content/5Z9WA1iF3jY_22050_48.mp3" />
      <file href="story_content/txt__default_5UfoHzEy2gP.swf" />
      <file href="story_content/txt__default_62zZ3EtNO6G.swf" />
      <file href="story_content/txt__default_68x97bUZqTW.swf" />
      <file href="story_content/txt__default_5kE2iCREVMD.swf" />
      <file href="story_content/txt__default_5YdhGeG1XyL.swf" />
      <file href="story_content/txt__default_6fL7Hp09eUe.swf" />
      <file href="story_content/txt__default_6rS8HUiGH8k.swf" />
      <file href="story_content/txt__default_63Xgn45CJsP.swf" />
      <file href="story_content/txt__default_66jjKaHd3gN.swf" />
      <file href="story_content/txt__default_62JesJAPQDd.swf" />
      <file href="story_content/txt__default_6cLqafXG7z8.swf" />
      <file href="story_content/txt__default_66kNsZNVeZY.swf" />
      <file href="story_content/5v7PwB5BYE9_22050_48.mp3" />
      <file href="story_content/txt__default_6KLBQFbBDTQ.swf" />
      <file href="story_content/txt__default_6lyoTGbvpF7.swf" />
      <file href="story_content/6bBgtyWHxuf_22050_48.mp3" />
      <file href="story_content/5dEhAC9NnD2_80_DX134_DY134.swf" />
      <file href="mobile/5dEhAC9NnD2_80_DX134_DY134_CX67_CY30.png" />
      <file href="mobile/5dEhAC9NnD2_80_DX134_DY134_CX67_CY30.swf" />
      <file href="story_content/5WwbdfWyQjg_80_DX132_DY132.swf" />
      <file href="mobile/5WwbdfWyQjg_80_DX132_DY132_CX66_CY30.png" />
      <file href="mobile/5WwbdfWyQjg_80_DX132_DY132_CX66_CY30.swf" />
      <file href="story_content/5WFnUSHA2ir_80_DX134_DY134.swf" />
      <file href="mobile/5WFnUSHA2ir_80_DX134_DY134_CX67_CY30.png" />
      <file href="mobile/5WFnUSHA2ir_80_DX134_DY134_CX67_CY30.swf" />
      <file href="story_content/6KXzH9mcecd_22050_48.mp3" />
      <file href="story_content/6iyvVUzuaO6_80_DX270_DY270.swf" />
      <file href="mobile/6iyvVUzuaO6_80_DX270_DY270_CX133_CY135.png" />
      <file href="mobile/6iyvVUzuaO6_80_DX270_DY270_CX133_CY135.swf" />
      <file href="story_content/5b4943YCydo_80_DX218_DY218.swf" />
      <file href="mobile/5b4943YCydo_80_DX218_DY218_CX106_CY109.png" />
      <file href="mobile/5b4943YCydo_80_DX218_DY218_CX106_CY109.swf" />
      <file href="story_content/6gSALBs06Ye_80_DX164_DY164.swf" />
      <file href="mobile/6gSALBs06Ye_80_DX164_DY164_CX77_CY82.png" />
      <file href="mobile/6gSALBs06Ye_80_DX164_DY164_CX77_CY82.swf" />
      <file href="story_content/6QlKInSQZVW_80_DX110_DY110.swf" />
      <file href="mobile/6QlKInSQZVW_80_DX110_DY110_CX50_CY55.png" />
      <file href="mobile/6QlKInSQZVW_80_DX110_DY110_CX50_CY55.swf" />
      <file href="story_content/6NTeh9gEVYs_80_DX270_DY270.swf" />
      <file href="mobile/6NTeh9gEVYs_80_DX270_DY270_CX54_CY135.png" />
      <file href="mobile/6NTeh9gEVYs_80_DX270_DY270_CX54_CY135.swf" />
      <file href="story_content/5j0mNmTTEmq_80_DX272_DY272.swf" />
      <file href="mobile/5j0mNmTTEmq_80_DX272_DY272_CX136_CY129.png" />
      <file href="mobile/5j0mNmTTEmq_80_DX272_DY272_CX136_CY129.swf" />
      <file href="story_content/6D6ZC4qU6B8_80_DX218_DY218.swf" />
      <file href="mobile/6D6ZC4qU6B8_80_DX218_DY218_CX109_CY103.png" />
      <file href="mobile/6D6ZC4qU6B8_80_DX218_DY218_CX109_CY103.swf" />
      <file href="story_content/6UFuj6pQT26_80_DX158_DY158.swf" />
      <file href="mobile/6UFuj6pQT26_80_DX158_DY158_CX79_CY78.png" />
      <file href="mobile/6UFuj6pQT26_80_DX158_DY158_CX79_CY78.swf" />
      <file href="story_content/5WyvLWJ1pEP_80_DX104_DY104.swf" />
      <file href="mobile/5WyvLWJ1pEP_80_DX104_DY104_CX51_CY52.png" />
      <file href="mobile/5WyvLWJ1pEP_80_DX104_DY104_CX51_CY52.swf" />
      <file href="story_content/5gX2S8qAgbl_80_DX258_DY258.swf" />
      <file href="mobile/5gX2S8qAgbl_80_DX258_DY258_CX55_CY129.png" />
      <file href="mobile/5gX2S8qAgbl_80_DX258_DY258_CX55_CY129.swf" />
      <file href="story_content/5gcvOqPc2WV_80_DX176_DY176.swf" />
      <file href="mobile/5gcvOqPc2WV_80_DX176_DY176_CX13_CY88.png" />
      <file href="mobile/5gcvOqPc2WV_80_DX176_DY176_CX13_CY88.swf" />
      <file href="story_content/60M0AhUujm9_22050_48.mp3" />
      <file href="story_content/5Ui2OfQzgnV_X_80_DX354_DY354.swf" />
      <file href="mobile/5Ui2OfQzgnV_X_80_DX354_DY354_CX149_CY177.png" />
      <file href="mobile/5Ui2OfQzgnV_X_80_DX354_DY354_CX149_CY177.swf" />
      <file href="story_content/63S2UixvUYM_80_DX374_DY374.swf" />
      <file href="mobile/63S2UixvUYM_80_DX374_DY374_CX187_CY36.png" />
      <file href="mobile/63S2UixvUYM_80_DX374_DY374_CX187_CY36.swf" />
      <file href="story_content/txt__default_5pvTegSlkXW.swf" />
      <file href="story_content/txt__default_5sO61VPnLNt.swf" />
      <file href="story_content/69XLHLZuUEY_22050_48.mp3" />
      <file href="story_content/63ZptjFtZoE_80_DX134_DY134.swf" />
      <file href="mobile/63ZptjFtZoE_80_DX134_DY134_CX67_CY30.png" />
      <file href="mobile/63ZptjFtZoE_80_DX134_DY134_CX67_CY30.swf" />
      <file href="story_content/5sgSZPI3CIb_80_DX132_DY132.swf" />
      <file href="mobile/5sgSZPI3CIb_80_DX132_DY132_CX66_CY30.png" />
      <file href="mobile/5sgSZPI3CIb_80_DX132_DY132_CX66_CY30.swf" />
      <file href="story_content/6SdWfhS5o5j_80_DX134_DY134.swf" />
      <file href="mobile/6SdWfhS5o5j_80_DX134_DY134_CX67_CY30.png" />
      <file href="mobile/6SdWfhS5o5j_80_DX134_DY134_CX67_CY30.swf" />
      <file href="story_content/667N6K5FfCa_22050_48.mp3" />
      <file href="story_content/6bOdqCbTyBl_80_DX270_DY270.swf" />
      <file href="mobile/6bOdqCbTyBl_80_DX270_DY270_CX133_CY135.png" />
      <file href="mobile/6bOdqCbTyBl_80_DX270_DY270_CX133_CY135.swf" />
      <file href="story_content/6qxbBaFAW64_80_DX218_DY218.swf" />
      <file href="mobile/6qxbBaFAW64_80_DX218_DY218_CX106_CY109.png" />
      <file href="mobile/6qxbBaFAW64_80_DX218_DY218_CX106_CY109.swf" />
      <file href="story_content/5jI8ve6ThMf_80_DX164_DY164.swf" />
      <file href="mobile/5jI8ve6ThMf_80_DX164_DY164_CX77_CY82.png" />
      <file href="mobile/5jI8ve6ThMf_80_DX164_DY164_CX77_CY82.swf" />
      <file href="story_content/6pzvJtsOb5F_80_DX110_DY110.swf" />
      <file href="mobile/6pzvJtsOb5F_80_DX110_DY110_CX50_CY55.png" />
      <file href="mobile/6pzvJtsOb5F_80_DX110_DY110_CX50_CY55.swf" />
      <file href="story_content/5uiTQihRsDl_80_DX270_DY270.swf" />
      <file href="mobile/5uiTQihRsDl_80_DX270_DY270_CX54_CY135.png" />
      <file href="mobile/5uiTQihRsDl_80_DX270_DY270_CX54_CY135.swf" />
      <file href="story_content/6Ucyn2mR22M_80_DX272_DY272.swf" />
      <file href="mobile/6Ucyn2mR22M_80_DX272_DY272_CX136_CY129.png" />
      <file href="mobile/6Ucyn2mR22M_80_DX272_DY272_CX136_CY129.swf" />
      <file href="story_content/5aKzMXgqzkc_80_DX218_DY218.swf" />
      <file href="mobile/5aKzMXgqzkc_80_DX218_DY218_CX109_CY103.png" />
      <file href="mobile/5aKzMXgqzkc_80_DX218_DY218_CX109_CY103.swf" />
      <file href="story_content/6rG6rdOCTVl_80_DX158_DY158.swf" />
      <file href="mobile/6rG6rdOCTVl_80_DX158_DY158_CX79_CY78.png" />
      <file href="mobile/6rG6rdOCTVl_80_DX158_DY158_CX79_CY78.swf" />
      <file href="story_content/5oU7GHCea1G_80_DX104_DY104.swf" />
      <file href="mobile/5oU7GHCea1G_80_DX104_DY104_CX51_CY52.png" />
      <file href="mobile/5oU7GHCea1G_80_DX104_DY104_CX51_CY52.swf" />
      <file href="story_content/6fseI8DaDQi_80_DX258_DY258.swf" />
      <file href="mobile/6fseI8DaDQi_80_DX258_DY258_CX55_CY129.png" />
      <file href="mobile/6fseI8DaDQi_80_DX258_DY258_CX55_CY129.swf" />
      <file href="story_content/6atbOSKUQVE_80_DX176_DY176.swf" />
      <file href="mobile/6atbOSKUQVE_80_DX176_DY176_CX13_CY88.png" />
      <file href="mobile/6atbOSKUQVE_80_DX176_DY176_CX13_CY88.swf" />
      <file href="story_content/5qiRKNScB0Z_22050_48.mp3" />
      <file href="story_content/5wT89d8I96C_80_DX108_DY108.swf" />
      <file href="mobile/5wT89d8I96C_80_DX108_DY108_CX54_CY38.png" />
      <file href="mobile/5wT89d8I96C_80_DX108_DY108_CX54_CY38.swf" />
      <file href="story_content/6KR6O2ZXtDc_22050_48.mp3" />
      <file href="story_content/txt__default_5srgU5bNmct.swf" />
      <file href="story_content/txt__default_6Eep9hhNsaP.swf" />
      <file href="story_content/txt__default_6bqwNYkCCsC.swf" />
      <file href="story_content/txt__default_60HFHF1e5vO.swf" />
      <file href="story_content/txt__default_5W0h4tpOh0S.swf" />
      <file href="story_content/5oDaxZJIdWx_22050_48.mp3" />
      <file href="story_content/6oATenKvsbY_80_DX134_DY134.swf" />
      <file href="mobile/6oATenKvsbY_80_DX134_DY134_CX67_CY30.png" />
      <file href="mobile/6oATenKvsbY_80_DX134_DY134_CX67_CY30.swf" />
      <file href="story_content/6Wg5PeSdKDc_80_DX132_DY132.swf" />
      <file href="mobile/6Wg5PeSdKDc_80_DX132_DY132_CX66_CY30.png" />
      <file href="mobile/6Wg5PeSdKDc_80_DX132_DY132_CX66_CY30.swf" />
      <file href="story_content/5oFK9aB4otP_80_DX134_DY134.swf" />
      <file href="mobile/5oFK9aB4otP_80_DX134_DY134_CX67_CY30.png" />
      <file href="mobile/5oFK9aB4otP_80_DX134_DY134_CX67_CY30.swf" />
      <file href="story_content/6r1eZvhsn1x_22050_48.mp3" />
      <file href="story_content/txt__default_6V5kapp7yea.swf" />
      <file href="story_content/txt__default_6RLxc7JzySE.swf" />
      <file href="story_content/txt__default_6YpO6RmwRC4.swf" />
      <file href="story_content/txt__default_5iOySUUsrEX.swf" />
      <file href="story_content/txt__default_6Y1hNDh0WgI.swf" />
      <file href="story_content/txt__default_5yM8sVGvoAu.swf" />
      <file href="story_content/6ksQmxCpJf1_22050_48.mp3" />
      <file href="story_content/6L51e9oPfR3_80_P_652_0_290_278_DX944_DY944.swf" />
      <file href="mobile/6L51e9oPfR3_80_P_652_0_290_278_DX944_DY944_CX146_CY139.png" />
      <file href="mobile/6L51e9oPfR3_80_P_652_0_290_278_DX944_DY944_CX146_CY139.swf" />
      <file href="story_content/6L51e9oPfR3_80_P_0_0_283_278_DX944_DY944.swf" />
      <file href="mobile/6L51e9oPfR3_80_P_0_0_283_278_DX944_DY944_CX142_CY139.png" />
      <file href="mobile/6L51e9oPfR3_80_P_0_0_283_278_DX944_DY944_CX142_CY139.swf" />
      <file href="story_content/6r47pDxRocc_22050_48.mp3" />
      <file href="story_content/6L51e9oPfR3_80_P_400_0_107_278_DX944_DY944.swf" />
      <file href="mobile/6L51e9oPfR3_80_P_400_0_107_278_DX944_DY944_CX54_CY139.png" />
      <file href="mobile/6L51e9oPfR3_80_P_400_0_107_278_DX944_DY944_CX54_CY139.swf" />
      <file href="story_content/5xH6kfWWTvE_22050_48.mp3" />
      <file href="story_content/66ws0Rhg0yP_80_DX1356_DY1356.swf" />
      <file href="mobile/66ws0Rhg0yP_80_DX1356_DY1356_CX678_CY410.png" />
      <file href="mobile/66ws0Rhg0yP_80_DX1356_DY1356_CX678_CY410.swf" />
      <file href="story_content/6GpJGCdDX4V_22050_48.mp3" />
      <file href="story_content/5tsSm3UqF77_80_DX1368_DY1368.swf" />
      <file href="mobile/5tsSm3UqF77_80_DX1368_DY1368_CX684_CY353.png" />
      <file href="mobile/5tsSm3UqF77_80_DX1368_DY1368_CX684_CY353.swf" />
      <file href="story_content/6fVqd9afhJW_22050_48.mp3" />
      <file href="story_content/6Pf0lpPgV4V_80_DX118_DY118.swf" />
      <file href="mobile/6Pf0lpPgV4V_80_DX118_DY118_CX59_CY49.png" />
      <file href="mobile/6Pf0lpPgV4V_80_DX118_DY118_CX59_CY49.swf" />
      <file href="story_content/5Vb8WAtJ0p1_80_DX118_DY118.swf" />
      <file href="mobile/5Vb8WAtJ0p1_80_DX118_DY118_CX59_CY49.png" />
      <file href="mobile/5Vb8WAtJ0p1_80_DX118_DY118_CX59_CY49.swf" />
      <file href="story_content/6kO6jqQEtuN_22050_48.mp3" />
      <file href="story_content/txt__default_5Wqt1H52SG6.swf" />
      <file href="story_content/txt__default_6daiUiTHsG9.swf" />
      <file href="story_content/txt__default_6mvhFOYAOJt.swf" />
      <file href="story_content/txt__default_6fKfNmILcNy.swf" />
      <file href="story_content/txt__default_5zaFR6ITVXp.swf" />
      <file href="story_content/txt__default_5Xf9Jy4zbk4.swf" />
      <file href="story_content/txt__default_6Rgh0lkg2S3.swf" />
      <file href="story_content/txt__default_5X6i3Szeyid.swf" />
      <file href="story_content/6eEXiPlhCQ8_22050_48.mp3" />
      <file href="story_content/6HqKgSr0QVe_22050_48.mp3" />
      <file href="story_content/6hvRhdePvK1_80_DX1216_DY1216.swf" />
      <file href="mobile/6hvRhdePvK1_80_DX1216_DY1216_CX608_CY144.png" />
      <file href="mobile/6hvRhdePvK1_80_DX1216_DY1216_CX608_CY144.swf" />
      <file href="story_content/5jJM9wG7xlh_22050_48.mp3" />
      <file href="story_content/5ppe0EKB3aZ_22050_48.mp3" />
      <file href="story_content/txt__default_5Yen7YVyLTL.swf" />
      <file href="story_content/txt__default_6Fx61caAaZJ.swf" />
      <file href="story_content/txt__default_5cw15tGyii3.swf" />
      <file href="story_content/txt__default_65RbFQFenxN.swf" />
      <file href="story_content/txt__default_6kKqPPteyHG.swf" />
      <file href="story_content/txt__default_5mvHzVmA1eH.swf" />
      <file href="story_content/txt__default_6ZFAHS0B8pG.swf" />
      <file href="story_content/txt__default_5rGoTi24hZK.swf" />
      <file href="story_content/txt__default_6ifG1CjFKo7.swf" />
      <file href="story_content/txt__default_62CEJO0cS0G.swf" />
      <file href="story_content/txt__default_6EZWStn8Grc.swf" />
      <file href="story_content/6D0mVQrBTv8_22050_48.mp3" />
      <file href="story_content/5VSgMXexUaH_80_DX270_DY270.swf" />
      <file href="mobile/5VSgMXexUaH_80_DX270_DY270_CX135_CY16.png" />
      <file href="mobile/5VSgMXexUaH_80_DX270_DY270_CX135_CY16.swf" />
      <file href="story_content/6JHmCJgSvYE_Y_80_DX270_DY270.swf" />
      <file href="mobile/6JHmCJgSvYE_Y_80_DX270_DY270_CX135_CY16.png" />
      <file href="mobile/6JHmCJgSvYE_Y_80_DX270_DY270_CX135_CY16.swf" />
      <file href="story_content/6qRbFkmYlNj_80_DX274_DY274.swf" />
      <file href="mobile/6qRbFkmYlNj_80_DX274_DY274_CX130_CY137.png" />
      <file href="mobile/6qRbFkmYlNj_80_DX274_DY274_CX130_CY137.swf" />
      <file href="story_content/6jd6sP2BF4m_80_DX270_DY270.swf" />
      <file href="mobile/6jd6sP2BF4m_80_DX270_DY270_CX135_CY17.png" />
      <file href="mobile/6jd6sP2BF4m_80_DX270_DY270_CX135_CY17.swf" />
      <file href="story_content/5hsjsxoeGtd_Y_80_DX270_DY270.swf" />
      <file href="mobile/5hsjsxoeGtd_Y_80_DX270_DY270_CX135_CY17.png" />
      <file href="mobile/5hsjsxoeGtd_Y_80_DX270_DY270_CX135_CY17.swf" />
      <file href="story_content/5oeR5qM10BL_22050_48.mp3" />
      <file href="story_content/6UBn8LcQV2t_80_DX298_DY298.swf" />
      <file href="mobile/6UBn8LcQV2t_80_DX298_DY298_CX119_CY149.png" />
      <file href="mobile/6UBn8LcQV2t_80_DX298_DY298_CX119_CY149.swf" />
      <file href="story_content/txt__default_5m2KtwtbN3C.swf" />
      <file href="story_content/txt__default_6OpuveUCzzn.swf" />
      <file href="story_content/txt__default_5a31C4YsU8r.swf" />
      <file href="story_content/txt__default_5abGE11zIQw.swf" />
      <file href="story_content/6Jd5jNP22gN_22050_48.mp3" />
      <file href="story_content/6IUXFDINgiJ_22050_48.mp3" />
      <file href="story_content/66zy6Dx8Ip5_80_P_0_0_1000_787_DX416_DY416.swf" />
      <file href="mobile/66zy6Dx8Ip5_80_P_0_0_1000_787_DX416_DY416_CX208_CY164.png" />
      <file href="mobile/66zy6Dx8Ip5_80_P_0_0_1000_787_DX416_DY416_CX208_CY164.swf" />
      <file href="story_content/6MxqJc4hnKt_80_DX1440_DY1440.swf" />
      <file href="mobile/6MxqJc4hnKt_80_DX1440_DY1440_CX720_CY28.png" />
      <file href="mobile/6MxqJc4hnKt_80_DX1440_DY1440_CX720_CY28.swf" />
      <file href="story_content/5klyjOOX1qY_80_DX970_DY970.swf" />
      <file href="mobile/5klyjOOX1qY_80_DX970_DY970_CX485_CY34.png" />
      <file href="mobile/5klyjOOX1qY_80_DX970_DY970_CX485_CY34.swf" />
      <file href="story_content/6a0Nbchqecr_80_DX256_DY256.swf" />
      <file href="mobile/6a0Nbchqecr_80_DX256_DY256_CX128_CY128.png" />
      <file href="mobile/6a0Nbchqecr_80_DX256_DY256_CX128_CY128.swf" />
      <file href="story_content/6YYoCNL3QXl_80_DX256_DY256.swf" />
      <file href="mobile/6YYoCNL3QXl_80_DX256_DY256_CX128_CY128.png" />
      <file href="mobile/6YYoCNL3QXl_80_DX256_DY256_CX128_CY128.swf" />
      <file href="story_content/6Awlbv5PfN4_X_80_DX218_DY218.jpg" />
      <file href="mobile/6Awlbv5PfN4_X_80_DX218_DY218_CX99_CY109.jpg" />
      <file href="story_content/62zKXOKvpyh_80_DX244_DY244.swf" />
      <file href="mobile/62zKXOKvpyh_80_DX244_DY244_CX122_CY102.png" />
      <file href="mobile/62zKXOKvpyh_80_DX244_DY244_CX122_CY102.swf" />
      <file href="story_content/5rRMxo3NVp7_80_DX290_DY290.swf" />
      <file href="mobile/5rRMxo3NVp7_80_DX290_DY290_CX145_CY94.png" />
      <file href="mobile/5rRMxo3NVp7_80_DX290_DY290_CX145_CY94.swf" />
      <file href="story_content/6drxHvVGJEI_80_DX1040_DY1040.swf" />
      <file href="mobile/6drxHvVGJEI_80_DX1040_DY1040_CX520_CY390.png" />
      <file href="mobile/6drxHvVGJEI_80_DX1040_DY1040_CX520_CY390.swf" />
      <file href="meta.xml" />
      <file href="mobile/6H0GboXRSEg.png" />
      <file href="story_content/logo.swf" />
      <file href="story_content/frame.xml" />
      <file href="story_content/frame.js" />
      <file href="story_content/user.js" />
      <file href="mobile/app_store.png" />
      <file href="mobile/mobile_icon.png" />
      <file href="mobile/linen_background.jpg" />
      <file href="story_unsupported.html" />
      <file href="mobile/txt__default_62KaXJEOyjA.png" />
      <file href="mobile/txt__default_65fgCrOUeMo.png" />
      <file href="mobile/txt__default_6Krf6aYMunq.png" />
      <file href="mobile/txt__default_6qo8gtfAaxg.png" />
      <file href="mobile/txt__default_5YE3SfeQg4U.png" />
      <file href="mobile/txt__default_5orrurDYtLx.png" />
      <file href="mobile/txt__default_67W1FQun4Ci_link00000004-0000-0000-0000-000000000000.png" />
      <file href="mobile/txt__default_67W1FQun4Ci_link00000003-0000-0000-0000-000000000000.png" />
      <file href="mobile/txt__default_67W1FQun4Ci_link00000002-0000-0000-0000-000000000000.png" />
      <file href="mobile/txt__default_67W1FQun4Ci_link00000001-0000-0000-0000-000000000000.png" />
      <file href="mobile/txt__default_67W1FQun4Ci.png" />
      <file href="mobile/txt__default_5UfoHzEy2gP.png" />
      <file href="mobile/txt__default_62zZ3EtNO6G.png" />
      <file href="mobile/txt__default_68x97bUZqTW.png" />
      <file href="mobile/txt__default_5kE2iCREVMD.png" />
      <file href="mobile/txt__default_5YdhGeG1XyL.png" />
      <file href="mobile/txt__default_6fL7Hp09eUe.png" />
      <file href="mobile/txt__default_6rS8HUiGH8k.png" />
      <file href="mobile/txt__default_63Xgn45CJsP.png" />
      <file href="mobile/txt__default_66jjKaHd3gN.png" />
      <file href="mobile/txt__default_62JesJAPQDd.png" />
      <file href="mobile/txt__default_6cLqafXG7z8.png" />
      <file href="mobile/txt__default_66kNsZNVeZY.png" />
      <file href="mobile/txt__default_6KLBQFbBDTQ.png" />
      <file href="mobile/txt__default_6lyoTGbvpF7.png" />
      <file href="mobile/txt__default_5pvTegSlkXW.png" />
      <file href="mobile/txt__default_5sO61VPnLNt.png" />
      <file href="mobile/txt__default_5srgU5bNmct.png" />
      <file href="mobile/txt__default_6Eep9hhNsaP.png" />
      <file href="mobile/txt__default_6bqwNYkCCsC.png" />
      <file href="mobile/txt__default_60HFHF1e5vO.png" />
      <file href="mobile/txt__default_5W0h4tpOh0S.png" />
      <file href="mobile/txt__default_6V5kapp7yea.png" />
      <file href="mobile/txt__default_6RLxc7JzySE.png" />
      <file href="mobile/txt__default_6YpO6RmwRC4.png" />
      <file href="mobile/txt__default_5iOySUUsrEX.png" />
      <file href="mobile/txt__default_6Y1hNDh0WgI.png" />
      <file href="mobile/txt__default_5yM8sVGvoAu.png" />
      <file href="mobile/txt__default_5Wqt1H52SG6.png" />
      <file href="mobile/txt__default_6daiUiTHsG9.png" />
      <file href="mobile/txt__default_6mvhFOYAOJt.png" />
      <file href="mobile/txt__default_6fKfNmILcNy.png" />
      <file href="mobile/txt__default_5zaFR6ITVXp.png" />
      <file href="mobile/txt__default_5Xf9Jy4zbk4.png" />
      <file href="mobile/txt__default_6Rgh0lkg2S3.png" />
      <file href="mobile/txt__default_5X6i3Szeyid.png" />
      <file href="mobile/txt__default_5Yen7YVyLTL.png" />
      <file href="mobile/txt__default_6Fx61caAaZJ.png" />
      <file href="mobile/txt__default_5cw15tGyii3.png" />
      <file href="mobile/txt__default_65RbFQFenxN.png" />
      <file href="mobile/txt__default_6kKqPPteyHG.png" />
      <file href="mobile/txt__default_5mvHzVmA1eH.png" />
      <file href="mobile/txt__default_6ZFAHS0B8pG.png" />
      <file href="mobile/txt__default_5rGoTi24hZK.png" />
      <file href="mobile/txt__default_6ifG1CjFKo7.png" />
      <file href="mobile/txt__default_62CEJO0cS0G.png" />
      <file href="mobile/txt__default_6EZWStn8Grc.png" />
      <file href="mobile/txt__default_5m2KtwtbN3C.png" />
      <file href="mobile/txt__default_6OpuveUCzzn.png" />
      <file href="mobile/txt__default_5a31C4YsU8r.png" />
      <file href="mobile/txt__default_5abGE11zIQw.png" />
      <file href="mobile/player.css" />
      <file href="mobile/player_compiled.js" />
      <file href="story_content/FontFactory.swf" />
      <file href="story_content/fonts.swf" />
      <file href="story_content/fonts.xml" />
      <file href="mobile/fonts.js" />
      <file href="story.swf" />
      <file href="story_content/frame.swf" />
      <file href="story_content/slides/69q3vatlHcU.swf" />
      <file href="story_content/slides/6iMmlkclYaA.swf" />
      <file href="story_content/slides/6XWe6YeFcNH.swf" />
      <file href="mobile/slides/6iMmlkclYaA.gz" />
      <file href="mobile/slides/69q3vatlHcU.gz" />
      <file href="mobile/slides/6XWe6YeFcNH.gz" />
      <file href="story_content/slides/6N7VHO8uJZp.swf" />
      <file href="mobile/slides/6N7VHO8uJZp.gz" />
      <file href="story_content/slides/6kPvHJV1JUl.swf" />
      <file href="mobile/slides/6kPvHJV1JUl.gz" />
      <file href="mobile/slides/69q3vatlHcU.js" />
      <file href="mobile/slides/6XWe6YeFcNH.js" />
      <file href="mobile/slides/6iMmlkclYaA.js" />
      <file href="mobile/slides/6N7VHO8uJZp.js" />
      <file href="story_content/slides/65cUE1TzPSk.swf" />
      <file href="story_content/slides/6YztTY9N5Le.swf" />
      <file href="mobile/slides/6YztTY9N5Le.gz" />
      <file href="mobile/slides/65cUE1TzPSk.gz" />
      <file href="story_content/slides/5haf7lX5ICf.swf" />
      <file href="story_content/slides/5x4P8kPabX5.swf" />
      <file href="mobile/slides/5x4P8kPabX5.gz" />
      <file href="mobile/slides/5haf7lX5ICf.gz" />
      <file href="mobile/slides/6YztTY9N5Le.js" />
      <file href="mobile/slides/65cUE1TzPSk.js" />
      <file href="story_content/slides/5xLVKoM57nr.swf" />
      <file href="mobile/slides/5xLVKoM57nr.gz" />
      <file href="story_content/slides/5wL7GhDdRmj.swf" />
      <file href="mobile/slides/5wL7GhDdRmj.gz" />
      <file href="mobile/slides/6kPvHJV1JUl.js" />
      <file href="mobile/slides/5x4P8kPabX5.js" />
      <file href="mobile/slides/5haf7lX5ICf.js" />
      <file href="story_content/slides/6IwD4nisDyg.swf" />
      <file href="mobile/slides/6IwD4nisDyg.gz" />
      <file href="story_content/slides/6oLpGJp1Ga7.swf" />
      <file href="mobile/slides/5xLVKoM57nr.js" />
      <file href="story_content/slides/5zZBrzgXraL.swf" />
      <file href="mobile/slides/5wL7GhDdRmj.js" />
      <file href="mobile/slides/6oLpGJp1Ga7.gz" />
      <file href="story_content/slides/5rPjbp2Iog7.swf" />
      <file href="mobile/slides/5rPjbp2Iog7.gz" />
      <file href="mobile/slides/5zZBrzgXraL.gz" />
      <file href="story_content/slides/6Cx9PrmlI7Q.swf" />
      <file href="mobile/slides/6Cx9PrmlI7Q.gz" />
      <file href="mobile/slides/6IwD4nisDyg.js" />
      <file href="story_content/slides/6hVqJnOkcOk.swf" />
      <file href="mobile/slides/6hVqJnOkcOk.gz" />
      <file href="mobile/slides/5rPjbp2Iog7.js" />
      <file href="mobile/slides/5zZBrzgXraL.js" />
      <file href="mobile/slides/6oLpGJp1Ga7.js" />
      <file href="story_content/slides/6G4J6FXn3os.swf" />
      <file href="mobile/slides/6G4J6FXn3os.gz" />
      <file href="story_content/slides/5lbxyP3zYIS.swf" />
      <file href="mobile/slides/5lbxyP3zYIS.gz" />
      <file href="story_content/slides/6oAewdSmnXm.swf" />
      <file href="mobile/slides/6oAewdSmnXm.gz" />
      <file href="mobile/slides/6hVqJnOkcOk.js" />
      <file href="mobile/slides/6Cx9PrmlI7Q.js" />
      <file href="story_content/slides/6rfpEUPaTT2.swf" />
      <file href="mobile/slides/6rfpEUPaTT2.gz" />
      <file href="story_content/slides/5mu0FNOfbLU.swf" />
      <file href="mobile/slides/5lbxyP3zYIS.js" />
      <file href="mobile/slides/5mu0FNOfbLU.gz" />
      <file href="mobile/slides/6oAewdSmnXm.js" />
      <file href="story_content/slides/6CIRtNPJtgN.swf" />
      <file href="mobile/slides/6CIRtNPJtgN.gz" />
      <file href="mobile/slides/6G4J6FXn3os.js" />
      <file href="mobile/slides/6rfpEUPaTT2.js" />
      <file href="story_content/slides/6ERy61NyKe4.swf" />
      <file href="mobile/slides/6ERy61NyKe4.gz" />
      <file href="story_content/slides/6YpUBMclSf8.swf" />
      <file href="mobile/slides/6YpUBMclSf8.gz" />
      <file href="mobile/slides/6CIRtNPJtgN.js" />
      <file href="mobile/slides/5mu0FNOfbLU.js" />
      <file href="story_content/slides/6MjZAqCTxp6.swf" />
      <file href="mobile/slides/6MjZAqCTxp6.gz" />
      <file href="story_content/slides/5YVJ82qkIKx.swf" />
      <file href="mobile/slides/5YVJ82qkIKx.gz" />
      <file href="mobile/slides/6ERy61NyKe4.js" />
      <file href="story_content/slides/5WGDX52edwI.swf" />
      <file href="mobile/slides/5WGDX52edwI.gz" />
      <file href="story_content/slides/65VKrAWZHPq.swf" />
      <file href="mobile/slides/6YpUBMclSf8.js" />
      <file href="mobile/slides/6MjZAqCTxp6.js" />
      <file href="mobile/slides/65VKrAWZHPq.gz" />
      <file href="mobile/slides/5YVJ82qkIKx.js" />
      <file href="story_content/slides/6KPKgvIniit.swf" />
      <file href="mobile/slides/6KPKgvIniit.gz" />
      <file href="story_content/slides/5rM2WUbyBFe.swf" />
      <file href="mobile/slides/5rM2WUbyBFe.gz" />
      <file href="story_content/slides/67E2kBlB1c3.swf" />
      <file href="mobile/slides/67E2kBlB1c3.gz" />
      <file href="mobile/slides/5WGDX52edwI.js" />
      <file href="mobile/slides/5rM2WUbyBFe.js" />
      <file href="story_content/slides/6EQhCegYNZf.swf" />
      <file href="mobile/slides/6EQhCegYNZf.gz" />
      <file href="story_content/slides/5d2N74q4tvX.swf" />
      <file href="mobile/slides/5d2N74q4tvX.gz" />
      <file href="mobile/slides/6KPKgvIniit.js" />
      <file href="mobile/slides/67E2kBlB1c3.js" />
      <file href="story_content/slides/5xGCXaTmMgb.swf" />
      <file href="story_content/slides/6Zrsr74409T.swf" />
      <file href="mobile/slides/6Zrsr74409T.gz" />
      <file href="mobile/slides/65VKrAWZHPq.js" />
      <file href="mobile/slides/5xGCXaTmMgb.gz" />
      <file href="mobile/slides/5d2N74q4tvX.js" />
      <file href="story_content/slides/5zIc4VQCFbD.swf" />
      <file href="mobile/slides/5zIc4VQCFbD.gz" />
      <file href="mobile/slides/6EQhCegYNZf.js" />
      <file href="story_content/slides/6LtZEMhusYk.swf" />
      <file href="mobile/slides/6LtZEMhusYk.gz" />
      <file href="mobile/slides/6Zrsr74409T.js" />
      <file href="story_content/slides/65vDbM2FAqz.swf" />
      <file href="mobile/slides/65vDbM2FAqz.gz" />
      <file href="mobile/slides/6LtZEMhusYk.js" />
      <file href="mobile/slides/65vDbM2FAqz.js" />
      <file href="mobile/slides/5zIc4VQCFbD.js" />
      <file href="story_content/slides/5wkpm4cG6VH.swf" />
      <file href="mobile/slides/5xGCXaTmMgb.js" />
      <file href="story_content/slides/6CGtxt9q5J3.swf" />
      <file href="mobile/slides/5wkpm4cG6VH.gz" />
      <file href="mobile/slides/6CGtxt9q5J3.gz" />
      <file href="story_content/slides/6VWVBNrHujf.swf" />
      <file href="mobile/slides/6VWVBNrHujf.gz" />
      <file href="story_content/slides/5ch9P29MGvE.swf" />
      <file href="mobile/slides/5ch9P29MGvE.gz" />
      <file href="mobile/slides/6VWVBNrHujf.js" />
      <file href="mobile/slides/5ch9P29MGvE.js" />
      <file href="mobile/slides/6CGtxt9q5J3.js" />
      <file href="story_content/slides/5y8WDX8bf7I.swf" />
      <file href="mobile/slides/5y8WDX8bf7I.gz" />
      <file href="story_content/slides/6lqb1dCx3F2.swf" />
      <file href="mobile/slides/6lqb1dCx3F2.gz" />
      <file href="mobile/slides/5wkpm4cG6VH.js" />
      <file href="mobile/slides/5y8WDX8bf7I.js" />
      <file href="story_content/slides/6iPbn5r3zBD.swf" />
      <file href="mobile/slides/6iPbn5r3zBD.gz" />
      <file href="story_content/slides/5fEtcfxI1VH.swf" />
      <file href="mobile/slides/5fEtcfxI1VH.gz" />
      <file href="mobile/slides/6lqb1dCx3F2.js" />
      <file href="story_content/slides/6mJvrFFwo7e.swf" />
      <file href="mobile/slides/6mJvrFFwo7e.gz" />
      <file href="mobile/slides/6iPbn5r3zBD.js" />
      <file href="story_content/slides/5zGExsbkyxI.swf" />
      <file href="mobile/slides/5zGExsbkyxI.gz" />
      <file href="mobile/slides/6mJvrFFwo7e.js" />
      <file href="mobile/slides/5zGExsbkyxI.js" />
      <file href="mobile/slides/5fEtcfxI1VH.js" />
      <file href="story_content/slides/5m7GYjPTJSI.swf" />
      <file href="mobile/slides/5m7GYjPTJSI.gz" />
      <file href="mobile/slides/5m7GYjPTJSI.js" />
      <file href="story_content/slides/6W7WMRJwgoc.swf" />
      <file href="mobile/slides/6W7WMRJwgoc.gz" />
      <file href="mobile/slides/6W7WMRJwgoc.js" />
      <file href="story_content/data.swf" />
      <file href="mobile/data.gz" />
      <file href="mobile/data.js" />
      <file href="mobile/masks.js" />
      <file href="story.html" />
      <file href="story_html5.html" />
      <file href="index_lms_html5.html" />
      <file href="story_content/blank.html" />
      <file href="story_content/story.js" />
      <file href="amplaunch.html" />
      <file href="mobile/mobileinstall.html" />
      <file href="index_lms.html" />
      <file href="lms/AICCComm.html" />
      <file href="lms/AICCFunctions.js" />
      <file href="lms/API.js" />
      <file href="lms/APIConstants.js" />
      <file href="lms/blank.html" />
      <file href="lms/browsersniff.js" />
      <file href="lms/Configuration.js" />
      <file href="lms/goodbye.html" />
      <file href="lms/lms.js" />
      <file href="lms/LMSAPI.js" />
      <file href="lms/NONEFunctions.js" />
      <file href="lms/SCORM2004Functions.js" />
      <file href="lms/SCORMFunctions.js" />
      <file href="lms/UtilityFunctions.js" />
    </resource>
  </resources>
</manifest>